criterio,n_dias_comuns,n_dias_comuns_mp10,pct_dias_mp10_comuns,correlacao_pearson,correlacao_spearman,correlacao_pearson_mp10,correlacao_spearman_mp10,total_a_comum_mm,total_b_comum_mm,razao_total_b_a,vies_b_menos_a_mm,mae_mm,rmse_mm,vies_b_menos_a_mp10_mm,mae_mp10_mm,rmse_mp10_mm,acordo_chuva_maior_0,jaccard_chuva_maior_0,acordo_chuva_maior_igual_1mm,jaccard_chuva_maior_igual_1mm,cod_estacao_a,nome_estacao_a,distancia_a_km,cod_estacao_b,nome_estacao_b,distancia_b_km
max_gap_60min,115,83,31.6793893129771,0.851261225112156,0.846051204450166,0.85556676774752,0.839749504816822,413.94,549.47,1.32741460114993,1.17852173913043,2.63695652173913,8.15684503160169,1.65698795180723,3.29120481927711,9.45427212670458,0.826086956521739,0.733333333333333,0.886956521739131,0.754716981132076,260290204A,Enseado dos Corais,0.116707872718135,260290203A,Torrinha,9.64529855709911
max_gap_60min,120,86,32.824427480916,0.911418495013667,0.836346654809404,0.892984557980491,0.830370850825125,412.53,597.44,1.44823406782537,1.54091666666667,2.46808333333333,6.11781544616486,1.69441860465116,2.95581395348837,6.65897156665963,0.841666666666667,0.746666666666667,0.858333333333333,0.696428571428571,260290204A,Enseado dos Corais,0.116707872718135,260290205A,Pontes dos Carvalhos,10.9623055006057
max_gap_60min,116,86,32.824427480916,0.849878106244072,0.82301740636593,0.850849455166192,0.82206215680651,385.13,533.6,1.38550619271415,1.27991379310345,2.57991379310345,8.13764321342276,1.69395348837209,3.13604651162791,9.2847536942447,0.844827586206897,0.753424657534247,0.862068965517241,0.69811320754717,260290204A,Enseado dos Corais,0.116707872718135,260290202A,Charneca,11.6373392821951
max_gap_60min,234,170,64.8854961832061,0.835991649405347,0.78468689832232,0.810422191796049,0.748734459689534,984,1198.5,1.21798780487805,0.916666666666666,2.73752136752137,6.18171849809934,0.673588235294118,2.81276470588235,5.96560854348638,0.790598290598291,0.666666666666667,0.884615384615385,0.73,260290204A,Enseado dos Corais,0.116707872718135,260790109A,Barra de Jangada,12.4106755442896
max_gap_60min,24,9,3.43511450381679,0.897697724731184,0.738546510614415,,,22.09,19.6,0.88727931190584,-0.10375,0.62125,1.95188263820685,0.6,0.644444444444444,1.86785676348292,0.875,0.571428571428571,0.916666666666667,0.333333333333333,260290204A,Enseado dos Corais,0.116707872718135,260290201G,Pirapama,13.0179995725833
max_gap_60min,28,11,4.19847328244275,0.461538461538462,0.461538461538462,,,0.4,0.4,1,0,0.0142857142857143,0.0534522483824849,0,0,0,0.928571428571429,0.333333333333333,1,,260290204A,Enseado dos Corais,0.116707872718135,260720801G,Campo do Avião,13.699863829626
max_gap_60min,166,132,50.381679389313,0.624214988678935,0.450987674662538,0.607223951572925,0.328231261475814,881.81,783.6,0.888626801691974,-0.591626506024096,4.58933734939759,9.26823916550041,-0.780378787878788,4.26871212121212,8.77412065006051,0.608433734939759,0.462809917355372,0.72289156626506,0.48314606741573,260290204A,Enseado dos Corais,0.116707872718135,260720801A,Centro,14.2386959438181
max_gap_60min,229,170,64.8854961832061,0.679204553227837,0.704001804027174,0.732108904762921,0.669131141742281,807.64,995.18,1.23220741914714,0.818951965065502,3.30506550218341,7.84635548029428,1.04994117647059,3.34652941176471,7.54818213409108,0.786026200873362,0.662068965517241,0.799126637554585,0.557692307692308,260290204A,Enseado dos Corais,0.116707872718135,260720804A,Rurópolis,15.4798425489309
max_gap_60min,251,182,69.4656488549618,0.752484770733388,0.738046031981611,0.754061781682859,0.732231523656427,1020.45,1271.06,1.24558773090303,0.998446215139442,3.24808764940239,7.73493902195142,0.91010989010989,3.2032967032967,7.50324413353801,0.776892430278885,0.660606060606061,0.828685258964143,0.647540983606557,260290204A,Enseado dos Corais,0.116707872718135,260790104A,Prazeres,15.6817706880758
max_gap_60min,115,85,32.4427480916031,0.785213853743097,0.826652677260735,0.768630307793677,0.82390468204253,409.81,537.2,1.31085137014714,1.10773913043478,2.99469565217391,8.83695594844642,1.45235294117647,3.91352941176471,10.2580740653113,0.826086956521739,0.714285714285714,0.860869565217391,0.69811320754717,260290204A,Enseado dos Corais,0.116707872718135,260790110A,Cajueiro Seco,18.17024712476
max_gap_60min,217,158,60.3053435114504,0.705824303423035,0.698336534837537,0.621860818171506,0.668151964085172,799.55,881.66,1.10269526608717,0.378387096774194,2.85608294930876,5.90289724224762,0.269303797468354,2.7629746835443,5.37674252001919,0.723502304147465,0.605263157894737,0.815668202764977,0.622641509433962,260290204A,Enseado dos Corais,0.116707872718135,260790101A,Muribeca,19.1679603398448
max_gap_60min,159,102,38.9312977099237,0.93916060634174,0.827490268572206,0.939439297058705,0.824860460556575,861.38,796.85,0.925085328194293,-0.405849056603774,2.61314465408805,5.80685947661316,-0.577647058823529,3.01725490196078,5.73698492924911,0.842767295597484,0.759615384615385,0.817610062893082,0.6375,260290203A,Torrinha,9.64529855709911,260290205A,Pontes dos Carvalhos,10.9623055006057
max_gap_60min,135,96,36.6412213740458,0.975100492791982,0.916829705188262,0.976643843593986,0.903509235361578,684.26,672.76,0.983193522929881,-0.0851851851851851,1.51762962962963,3.14750647926848,-0.287083333333333,1.81666666666667,3.47174697858777,0.918518518518519,0.867469879518072,0.896296296296296,0.78125,260290203A,Torrinha,9.64529855709911,260290202A,Charneca,11.6373392821951
max_gap_60min,135,89,33.969465648855,0.893066462346247,0.820766450734399,0.871056069420502,0.816873798494606,812.71,763.77,0.939781717955974,-0.362518518518519,3.32444444444444,7.71889667801856,-0.892471910112359,3.9538202247191,8.40588591271188,0.822222222222222,0.707317073170732,0.851851851851852,0.672131147540984,260290203A,Torrinha,9.64529855709911,260790109A,Barra de Jangada,12.4106755442896
max_gap_60min,23,9,3.43511450381679,0.996867637238181,0.89732496029391,,,21.4,19.6,0.91588785046729,-0.0782608695652174,0.0782608695652174,0.227806172378874,-0.0122222222222223,0.0122222222222223,0.0366666666666668,0.956521739130435,0.833333333333333,1,1,260290203A,Torrinha,9.64529855709911,260290201G,Pirapama,13.0179995725833
max_gap_60min,49,18,6.87022900763359,0.486754039497562,0.454693067144737,-0.0588235294117647,-0.0588235294117647,7.94,9.8,1.23425692695214,0.0379591836734694,0.233061224489796,0.560156683619933,-0.0233333333333333,0.0455555555555556,0.153550570750414,0.836734693877551,0.384615384615385,0.938775510204082,0.25,260290203A,Torrinha,9.64529855709911,260720801G,Campo do Avião,13.699863829626
max_gap_60min,63,59,22.5190839694656,0.880423409943604,0.489367065059483,0.842667741127035,0.450648311267579,749.64,463.89,0.618817032175444,-4.53571428571429,6.28396825396825,12.0704667128768,-4.48118644067797,6.04932203389831,12.0754418805346,0.571428571428571,0.509090909090909,0.634920634920635,0.5,260290203A,Torrinha,9.64529855709911,260720801A,Centro,14.2386959438181
max_gap_60min,134,95,36.2595419847328,0.928385920386812,0.822065767101509,0.940443939109897,0.806531788890595,724.63,628.45,0.867270193064046,-0.717761194029851,2.60029850746269,6.50421470703604,-1.24673684210526,3.05221052631579,7.12945808821252,0.843283582089552,0.75,0.850746268656716,0.692307692307692,260290203A,Torrinha,9.64529855709911,260720804A,Rurópolis,15.4798425489309
max_gap_60min,146,99,37.7862595419847,0.922955943010104,0.841153482778513,0.924849531851001,0.853675327166342,795.42,915.12,1.15048653541525,0.81986301369863,2.81643835616438,6.37016515559754,0.731414141414141,3.02252525252525,6.00790111083528,0.849315068493151,0.763440860215054,0.897260273972603,0.788732394366197,260290203A,Torrinha,9.64529855709911,260790104A,Prazeres,15.6817706880758
max_gap_60min,121,87,33.206106870229,0.911471399513355,0.774674846147019,0.909939959105063,0.760422804229393,654.19,617.6,0.944068237056513,-0.302396694214876,2.9298347107438,6.18311209720571,-0.609195402298851,3.79494252873563,7.14081018617233,0.768595041322314,0.662650602409639,0.826446280991736,0.666666666666667,260290203A,Torrinha,9.64529855709911,260790110A,Cajueiro Seco,18.17024712476
max_gap_60min,97,72,27.4809160305344,0.792319755106978,0.783828492271095,0.731366549557052,0.78862981407906,343.48,370.8,1.07953883777804,0.281649484536082,2.4839175257732,5.15135253983755,-0.155277777777778,2.75666666666667,5.14208183088869,0.804123711340206,0.698412698412698,0.865979381443299,0.717391304347826,260290203A,Torrinha,9.64529855709911,260790101A,Muribeca,19.1679603398448
max_gap_60min,140,99,37.7862595419847,0.931988572321634,0.800033010082136,0.954306542017153,0.795641967633624,641.9,678.47,1.05697149088643,0.261214285714286,2.44035714285714,4.94647962841107,0.403434343434343,2.69313131313131,4.84657725731378,0.821428571428571,0.731182795698925,0.828571428571429,0.661971830985916,260290205A,Pontes dos Carvalhos,10.9623055006057,260290202A,Charneca,11.6373392821951
max_gap_60min,143,95,36.2595419847328,0.944908400205885,0.890680595897915,0.92843193046265,0.908803555911035,777.13,791.03,1.01788632532524,0.0972027972027972,2.12587412587413,4.71349142341443,-0.212736842105263,2.42136842105263,4.86668037729383,0.86013986013986,0.770114942528736,0.909090909090909,0.793650793650794,260290205A,Pontes dos Carvalhos,10.9623055006057,260790109A,Barra de Jangada,12.4106755442896
max_gap_60min,24,9,3.43511450381679,0.907381628650064,0.618965517241379,,,31.04,19.6,0.631443298969072,-0.476666666666667,0.928333333333333,3.34840260422787,0.534444444444445,0.534444444444445,1.60333333333333,0.833333333333333,0.428571428571429,0.958333333333333,0.666666666666667,260290205A,Pontes dos Carvalhos,10.9623055006057,260290201G,Pirapama,13.0179995725833
max_gap_60min,51,18,6.87022900763359,0.582046043040984,0.305076882111346,-0.0808452083454443,-0.0856008088363528,7.98,9.8,1.2280701754386,0.0356862745098039,0.208235294117647,0.495200494155412,-0.0222222222222222,0.0444444444444444,0.115470053837925,0.745098039215686,0.235294117647059,0.941176470588235,0.25,260290205A,Pontes dos Carvalhos,10.9623055006057,260720801G,Campo do Avião,13.699863829626
max_gap_60min,66,62,23.6641221374046,0.812880864558626,0.37714906458393,0.808020770807902,0.32935807259296,687.02,462.07,0.672571395301447,-3.40833333333333,7.00681818181818,12.0245737655197,-3.46064516129032,5.83225806451613,9.77445799173837,0.515151515151515,0.448275862068966,0.484848484848485,0.346153846153846,260290205A,Pontes dos Carvalhos,10.9623055006057,260720801A,Centro,14.2386959438181
max_gap_60min,142,101,38.5496183206107,0.861374595957959,0.725123766914312,0.870396022359804,0.700441484332686,657.81,682.76,1.03792888524042,0.175704225352113,3.10528169014085,7.13881095358225,-0.298316831683168,3.18148514851485,6.17543785275727,0.795774647887324,0.684782608695652,0.774647887323944,0.561643835616438,260290205A,Pontes dos Carvalhos,10.9623055006057,260720804A,Rurópolis,15.4798425489309
max_gap_60min,152,103,39.3129770992366,0.967752038383086,0.851314677486797,0.952497543230673,0.871184559429039,792.85,916.37,1.15579239452608,0.812631578947368,2.08921052631579,4.4609373277491,0.770873786407767,2.48,4.83079743763855,0.842105263157895,0.755102040816326,0.842105263157895,0.69620253164557,260290205A,Pontes dos Carvalhos,10.9623055006057,260790104A,Prazeres,15.6817706880758
max_gap_60min,127,92,35.1145038167939,0.934535056116093,0.877809663443764,0.934325482593256,0.885907036477902,612,635.8,1.03888888888889,0.18740157480315,2.1948031496063,5.35041289156605,0.407065217391304,2.80902173913043,6.1773769408678,0.850393700787402,0.765432098765432,0.889763779527559,0.774193548387097,260290205A,Pontes dos Carvalhos,10.9623055006057,260790110A,Cajueiro Seco,18.17024712476
max_gap_60min,104,78,29.7709923664122,0.894724232745733,0.846620862899468,0.750270476803688,0.833978310164112,377.91,409.87,1.08457040035987,0.307307692307692,1.78903846153846,3.63385046896116,0.278205128205128,2.15307692307692,4.08518838030318,0.875,0.8,0.894230769230769,0.775510204081633,260290205A,Pontes dos Carvalhos,10.9623055006057,260790101A,Muribeca,19.1679603398448
max_gap_60min,135,94,35.8778625954199,0.854068075025529,0.830315209914438,0.875909274825624,0.837361972810427,679.18,634.82,0.934685944815807,-0.328592592592593,2.89274074074074,7.1899869674842,-0.547765957446809,3.33691489361702,7.65041196220762,0.82962962962963,0.719512195121951,0.851851851851852,0.67741935483871,260290202A,Charneca,11.6373392821951,260790109A,Barra de Jangada,12.4106755442896
max_gap_60min,25,10,3.81679389312977,0.9984258026943,0.925270392291361,1,1,12.86,19.6,1.52410575427683,0.2696,0.2872,1.04200191938403,0.226,0.226,0.714674751198054,0.96,0.833333333333333,0.96,0.666666666666667,260290202A,Charneca,11.6373392821951,260290201G,Pirapama,13.0179995725833
max_gap_60min,38,17,6.48854961832061,0.743520985451312,0.58796680744773,,,5.57,3.6,0.646319569120287,-0.0518421052631579,0.105,0.317311900352418,-0.0588235294117647,0.0588235294117647,0.174894926439041,0.894736842105263,0.428571428571429,0.973684210526316,0.5,260290202A,Charneca,11.6373392821951,260720801G,Campo do Avião,13.699863829626
max_gap_60min,65,63,24.0458015267176,0.861408082205612,0.446238083612113,0.855825365904896,0.410449992490583,607.14,317.26,0.52254834140396,-4.45969230769231,5.94092307692308,10.9443620891517,-4.4484126984127,5.97666666666667,11.0503193231172,0.569230769230769,0.5,0.615384615384615,0.468085106382979,260290202A,Charneca,11.6373392821951,260720801A,Centro,14.2386959438181
max_gap_60min,136,100,38.1679389312977,0.914924276797438,0.856352622944875,0.923827136306945,0.846860612861987,611.89,522.16,0.853355995358643,-0.659779411764706,2.20698529411765,5.8787952072032,-0.9289,2.7685,6.71394705072955,0.875,0.795180722891566,0.838235294117647,0.661538461538462,260290202A,Charneca,11.6373392821951,260720804A,Rurópolis,15.4798425489309
max_gap_60min,136,99,37.7862595419847,0.936016828608156,0.841508072523398,0.954310437920591,0.860976635896897,635.76,762.86,1.19991820812885,0.934558823529412,2.39294117647059,5.21596446442244,0.798686868686869,2.54373737373737,4.66212950433078,0.860294117647059,0.781609195402299,0.852941176470588,0.714285714285714,260290202A,Charneca,11.6373392821951,260790104A,Prazeres,15.6817706880758
max_gap_60min,122,92,35.1145038167939,0.94155063528458,0.779608457898891,0.941693501130223,0.79271417576214,623.26,611.2,0.980650129961814,-0.0988524590163935,2.55590163934426,4.88577996860679,-0.165978260869565,3.1525,5.50900497999096,0.795081967213115,0.695121951219512,0.819672131147541,0.666666666666667,260290202A,Charneca,11.6373392821951,260790110A,Cajueiro Seco,18.17024712476
max_gap_60min,102,78,29.7709923664122,0.853307290866584,0.808979655299391,0.801833046721254,0.824334330738097,344.65,380.27,1.10335122588133,0.34921568627451,1.97470588235294,3.96820130142454,0.138333333333333,2.23782051282051,3.81141621838177,0.823529411764706,0.727272727272727,0.862745098039216,0.702127659574468,260290202A,Charneca,11.6373392821951,260790101A,Muribeca,19.1679603398448
max_gap_60min,23,8,3.05343511450382,0.901260973256766,0.823222748815166,,,17.25,19.6,1.13623188405797,0.102173913043478,0.40304347826087,1.33353241267401,0.7,0.7,1.97989898732233,0.91304347826087,0.666666666666667,0.91304347826087,0.333333333333333,260790109A,Barra de Jangada,12.4106755442896,260290201G,Pirapama,13.0179995725833
max_gap_60min,41,16,6.10687022900763,0.717165036311332,0.476135590244933,,,5.34,7.6,1.42322097378277,0.0551219512195122,0.149756097560976,0.446411163423663,0,0,0,0.853658536585366,0.333333333333333,0.975609756097561,0.5,260790109A,Barra de Jangada,12.4106755442896,260720801G,Campo do Avião,13.699863829626
max_gap_60min,179,145,55.3435114503817,0.748240730579151,0.530857072085365,0.655639164545266,0.449144182756428,1313.98,1001.66,0.76230992861383,-1.74480446927374,5.32949720670391,10.5774419503153,-1.75448275862069,4.68979310344828,9.74137546048139,0.675977653631285,0.550387596899225,0.70391061452514,0.475247524752475,260790109A,Barra de Jangada,12.4106755442896,260720801A,Centro,14.2386959438181
max_gap_60min,252,181,69.0839694656489,0.768318417950286,0.746201022787106,0.704347708365722,0.708510727924912,1128.11,1259.35,1.11633617289094,0.520793650793651,3.43809523809524,8.39009393216049,0.468397790055249,3.32121546961326,8.17960811715795,0.80952380952381,0.694267515923567,0.805555555555556,0.581196581196581,260790109A,Barra de Jangada,12.4106755442896,260720804A,Rurópolis,15.4798425489309
max_gap_60min,259,184,70.2290076335878,0.922231423846595,0.849939166475212,0.900103631359085,0.856754469374991,1355.42,1428.14,1.05365126676602,0.280772200772201,2.12571428571429,5.11781618183405,0.429836956521739,2.17864130434783,5.34165455355971,0.857142857142857,0.770186335403727,0.845559845559846,0.68,260790109A,Barra de Jangada,12.4106755442896,260790104A,Prazeres,15.6817706880758
max_gap_60min,117,85,32.4427480916031,0.924766855005717,0.900430277305594,0.924638306099688,0.917861954003772,583.72,622.6,1.0666072774618,0.332307692307692,2.11333333333333,6.06652704826661,0.571529411764706,2.67858823529412,7.03633845288367,0.88034188034188,0.794117647058824,0.931623931623932,0.849056603773585,260790109A,Barra de Jangada,12.4106755442896,260790110A,Cajueiro Seco,18.17024712476
max_gap_60min,224,164,62.5954198473283,0.861417359249525,0.798853778327201,0.753439333517749,0.787034684045442,899.83,924.35,1.02724959158952,0.109464285714286,2.10892857142857,4.4956444198802,0.479268292682927,1.98865853658537,4.41185293742475,0.772321428571429,0.666666666666667,0.879464285714286,0.737864077669903,260790109A,Barra de Jangada,12.4106755442896,260790101A,Muribeca,19.1679603398448
max_gap_60min,20,10,3.81679389312977,-0.0899842541331695,-0.0960916767552923,,,0.8,0.2,0.25,-0.03,0.05,0.118321595661992,-0.04,0.04,0.0894427190999916,0.8,0,1,,260290201G,Pirapama,13.0179995725833,260720801G,Campo do Avião,13.699863829626
max_gap_60min,1,0,0,,,,,0,0,,0,0,0,,,,1,,1,,260290201G,Pirapama,13.0179995725833,260720801A,Centro,14.2386959438181
max_gap_60min,24,10,3.81679389312977,0.865832514252036,0.560174729503931,0.873310807441597,0.74535599249993,7.6,7.11,0.935526315789474,-0.0204166666666667,0.25125,0.670804864820364,-0.088,0.442,1.00774004584516,0.833333333333333,0.428571428571429,0.916666666666667,0.333333333333333,260290201G,Pirapama,13.0179995725833,260720804A,Rurópolis,15.4798425489309
max_gap_60min,24,9,3.43511450381679,0.89724117721144,0.586683169778137,,,19.6,34.5,1.76020408163265,0.620833333333333,1.055,3.0411839799657,-0.556666666666667,0.556666666666667,1.67,0.791666666666667,0.444444444444444,0.833333333333333,0.333333333333333,260290201G,Pirapama,13.0179995725833,260790104A,Prazeres,15.6817706880758
max_gap_60min,24,10,3.81679389312977,0.890501777136235,0.693183691213278,0.99944767397507,0.74535599249993,19.8,20.8,1.05050505050505,0.0416666666666667,0.575,1.60052074858987,-0.6,0.6,1.83521115951271,0.875,0.571428571428571,0.958333333333333,0.666666666666667,260290201G,Pirapama,13.0179995725833,260790110A,Cajueiro Seco,18.17024712476
max_gap_60min,24,10,3.81679389312977,0.569490468135845,0.434596339100405,1,1,7.6,5.6,0.736842105263158,-0.0833333333333333,0.35,1.00616847495834,-0.46,0.46,1.45464772367745,0.791666666666667,0.285714285714286,0.958333333333333,0.666666666666667,260290201G,Pirapama,13.0179995725833,260790101A,Muribeca,19.1679603398448
max_gap_60min,1,0,0,,,,,0,0,,0,0,0,,,,1,,1,,260720801G,Campo do Avião,13.699863829626,260720801A,Centro,14.2386959438181
max_gap_60min,38,17,6.48854961832061,0.973252165032588,0.523707159707111,,,6.8,3.56,0.523529411764706,-0.0852631578947369,0.0957894736842105,0.294377130118564,0,0,0,0.894736842105263,0.333333333333333,1,1,260720801G,Campo do Avião,13.699863829626,260720804A,Rurópolis,15.4798425489309
max_gap_60min,39,14,5.34351145038168,0.291426627995457,0.185408918088067,,,0.8,2.77,3.4625,0.0505128205128205,0.0812820512820513,0.25682978499687,-0.0142857142857143,0.0142857142857143,0.0534522483824849,0.846153846153846,0.142857142857143,0.948717948717949,0,260720801G,Campo do Avião,13.699863829626,260790104A,Prazeres,15.6817706880758
max_gap_60min,33,15,5.72519083969466,0.156040202869059,0.442993859537368,,,3.8,1.2,0.315789473684211,-0.0787878787878788,0.127272727272727,0.370094173109625,-0.0533333333333333,0.0533333333333333,0.206559111797729,0.878787878787879,0.333333333333333,0.96969696969697,0,260720801G,Campo do Avião,13.699863829626,260790110A,Cajueiro Seco,18.17024712476
max_gap_60min,27,14,5.34351145038168,-0.0922033562890752,-0.0997948715788673,,,0.4,1.21,3.025,0.03,0.0596296296296296,0.154500389547633,0.0142857142857143,0.0142857142857143,0.0534522483824849,0.814814814814815,0,1,,260720801G,Campo do Avião,13.699863829626,260790101A,Muribeca,19.1679603398448
max_gap_60min,172,140,53.4351145038168,0.933479068878721,0.666251576253669,0.887805708003816,0.601576280065605,805.57,1036.39,1.28653003463386,1.34197674418605,2.17697674418605,5.40301832097062,1.5585,2.19021428571429,5.6332523592377,0.738372093023256,0.615384615384615,0.790697674418605,0.581395348837209,260720801A,Centro,14.2386959438181,260720804A,Rurópolis,15.4798425489309
max_gap_60min,181,145,55.3435114503817,0.753809813771006,0.502475639817219,0.721183702498994,0.433674116853699,993.02,1305.11,1.31428370022759,1.72425414364641,5.38381215469613,10.5239108175159,2.13151724137931,4.82241379310345,9.51116538056992,0.674033149171271,0.569343065693431,0.69060773480663,0.490909090909091,260720801A,Centro,14.2386959438181,260790104A,Prazeres,15.6817706880758
max_gap_60min,61,59,22.5190839694656,0.862533802787969,0.204414473129808,0.880354818784539,0.219370467571978,302.42,606.8,2.00648105284042,4.98983606557377,6.90852459016393,11.830131299245,4.60983050847458,6.5935593220339,11.2651497992703,0.426229508196721,0.351851851851852,0.475409836065574,0.333333333333333,260720801A,Centro,14.2386959438181,260790110A,Cajueiro Seco,18.17024712476
max_gap_60min,162,126,48.0916030534351,0.479460690712,0.436380672273064,0.30923509267312,0.29628938182135,591.29,823.92,1.39342792876592,1.43598765432099,4.71092592592593,9.04371942903533,1.55412698412698,3.91936507936508,7.55466491015729,0.635802469135803,0.520325203252033,0.685185185185185,0.463157894736842,260720801A,Centro,14.2386959438181,260790101A,Muribeca,19.1679603398448
max_gap_60min,253,185,70.6106870229008,0.771915554874027,0.729166944948018,0.722313427283763,0.721078047525091,1249.65,1226.4,0.981394790541352,-0.091897233201581,3.64241106719368,8.44340655359251,0.0515675675675675,3.78345945945946,8.57922613532719,0.786561264822134,0.682352941176471,0.802371541501976,0.615384615384615,260720804A,Rurópolis,15.4798425489309,260790104A,Prazeres,15.6817706880758
max_gap_60min,122,92,35.1145038167939,0.850688437232318,0.682098642993771,0.859676871137628,0.643423359147023,524.46,616.4,1.17530412233535,0.753606557377049,3.41114754098361,8.04045213229973,0.83304347826087,4.04934782608696,8.76578266055997,0.778688524590164,0.6625,0.745901639344262,0.537313432835821,260720804A,Rurópolis,15.4798425489309,260790110A,Cajueiro Seco,18.17024712476
max_gap_60min,222,165,62.9770992366412,0.412664249062791,0.691888542339902,0.450407837316749,0.66266530528642,828.19,761.98,0.920054576848308,-0.298243243243243,3.57797297297297,8.58895023947724,-0.253454545454546,3.39478787878788,8.04193486442388,0.77027027027027,0.664473684210526,0.788288288288288,0.576576576576577,260720804A,Rurópolis,15.4798425489309,260790101A,Muribeca,19.1679603398448
max_gap_60min,125,93,35.4961832061069,0.962512053553589,0.864765774653029,0.962712045171247,0.893405668273153,735.41,649,0.882500917855346,-0.69128,2.03016,4.0029550084906,-0.629784946236559,2.39860215053763,4.43521380604998,0.856,0.775,0.856,0.735294117647059,260790104A,Prazeres,15.6817706880758,260790110A,Cajueiro Seco,18.17024712476
max_gap_60min,231,169,64.5038167938931,0.858214412223968,0.844207748175139,0.789722072723988,0.8404427072823,1002.43,966.87,0.964526201330766,-0.153939393939394,2.08207792207792,4.5698502822009,-0.0389940828402367,2.03059171597633,4.43923730055636,0.822510822510823,0.738853503184713,0.865800865800866,0.732758620689655,260790104A,Prazeres,15.6817706880758,260790101A,Muribeca,19.1679603398448
max_gap_60min,97,74,28.2442748091603,0.877265842204259,0.897332164255241,0.820785431785148,0.91961845625249,319.6,367.05,1.14846683354193,0.489175257731959,1.4520618556701,3.09863139060543,0.588108108108108,1.80189189189189,3.52914199816942,0.845360824742268,0.758064516129032,0.917525773195876,0.826086956521739,260790110A,Cajueiro Seco,18.17024712476,260790101A,Muribeca,19.1679603398448
max_gap_70min,127,90,34.3511450381679,0.825010529732936,0.852490626637333,0.843786633210959,0.849641945352207,583.46,787.32,1.34939841634388,1.6051968503937,3.2688188976378,10.6269211695254,1.38744444444444,3.37855555555556,9.25608586582663,0.818897637795276,0.729411764705882,0.897637795275591,0.779661016949153,260290204A,Enseado dos Corais,0.116707872718135,260290203A,Torrinha,9.64529855709911
max_gap_70min,132,93,35.4961832061069,0.8597797964923,0.842903699312304,0.845126954476687,0.82782112759066,583.24,763.74,1.30947808792264,1.36742424242424,3.00272727272727,7.42291813482835,1.04032258064516,3.33150537634409,7.10625417411288,0.840909090909091,0.752941176470588,0.856060606060606,0.703125,260290204A,Enseado dos Corais,0.116707872718135,260290205A,Pontes dos Carvalhos,10.9623055006057
max_gap_70min,130,97,37.0229007633588,0.805798421631463,0.848852102397836,0.817146963724725,0.836234583181297,614.48,796.61,1.29639695352168,1.401,3.35146153846154,10.0411526690454,1.27783505154639,3.34463917525773,9.06373281696452,0.853846153846154,0.779069767441861,0.869230769230769,0.738461538461539,260290204A,Enseado dos Corais,0.116707872718135,260290202A,Charneca,11.6373392821951
max_gap_70min,257,188,71.7557251908397,0.832443089741324,0.795919307656184,0.838157805561088,0.758573931662396,1222.33,1504.77,1.23106689682819,1.09898832684825,3.11112840466926,7.45119367346824,0.635851063829787,3.05446808510638,6.29259088134609,0.797665369649806,0.686746987951807,0.883268482490272,0.743589743589744,260290204A,Enseado dos Corais,0.116707872718135,260790109A,Barra de Jangada,12.4106755442896
max_gap_70min,26,10,3.81679389312977,0.897524026958814,0.656838272292729,0.884984650702101,0.74535599249993,22.09,20.2,0.914440923494794,-0.0726923076923078,0.596538461538462,1.87899625414127,0.54,0.58,1.77200451466694,0.846153846153846,0.5,0.923076923076923,0.333333333333333,260290204A,Enseado dos Corais,0.116707872718135,260290201G,Pirapama,13.0179995725833
max_gap_70min,44,15,5.72519083969466,0.699060243444885,0.697789053389763,0.91688441581593,1,23.48,25.2,1.0732538330494,0.0390909090909091,0.625909090909091,2.15495412311429,0.173333333333333,0.173333333333333,0.671317113342619,0.863636363636364,0.538461538461538,0.886363636363636,0.166666666666667,260290204A,Enseado dos Corais,0.116707872718135,260720801G,Campo do Avião,13.699863829626
max_gap_70min,190,153,58.3969465648855,0.598454865043935,0.500970988898452,0.600576227990242,0.400217631008743,1148.28,1157.37,1.00791618768941,0.047842105263158,5.63331578947368,11.8929039656781,-0.619607843137255,5.04901960784314,9.82896799082721,0.626315789473684,0.506944444444445,0.742105263157895,0.542056074766355,260290204A,Enseado dos Corais,0.116707872718135,260720801A,Centro,14.2386959438181
max_gap_70min,257,188,71.7557251908397,0.684851672857501,0.74285280264576,0.706772137667401,0.698409409059867,1178.84,1479.05,1.2546656034746,1.16813229571984,4.07677042801556,9.90506542187749,0.93031914893617,3.94468085106383,8.32873754832845,0.797665369649806,0.692307692307692,0.809338521400778,0.611111111111111,260290204A,Enseado dos Corais,0.116707872718135,260720804A,Rurópolis,15.4798425489309
max_gap_70min,272,196,74.8091603053435,0.774064836827143,0.762146807146246,0.78510828582966,0.751174758943068,1291.6,1559.77,1.20762620006194,0.985919117647059,3.56753676470588,8.46427746560248,0.708163265306122,3.42734693877551,7.67688200683968,0.790441176470588,0.686813186813187,0.830882352941176,0.664233576642336,260290204A,Enseado dos Corais,0.116707872718135,260790104A,Prazeres,15.6817706880758
max_gap_70min,124,92,35.1145038167939,0.814520627422754,0.831421002751576,0.787585266517233,0.813515375160269,579.33,712,1.22900592063245,1.06991935483871,3.45137096774194,9.44417447168427,0.988152173913043,4.11315217391304,10.2115345586977,0.830645161290323,0.730769230769231,0.846774193548387,0.688524590163934,260290204A,Enseado dos Corais,0.116707872718135,260790110A,Cajueiro Seco,18.17024712476
max_gap_70min,233,172,65.6488549618321,0.733879833791222,0.734990545291199,0.707995247824189,0.715364153534726,1038.64,1126.37,1.08446622506354,0.376523605150215,3.22828326180258,6.52058269730907,0.265116279069767,3.29302325581395,6.33675931408564,0.742489270386266,0.640718562874252,0.828326180257511,0.666666666666667,260290204A,Enseado dos Corais,0.116707872718135,260790101A,Muribeca,19.1679603398448
max_gap_70min,161,104,39.6946564885496,0.939170957169154,0.82831134368655,0.939483064723871,0.824593867111293,864.15,801.37,0.927350575710235,-0.389937888198758,2.59155279503106,5.77200827295887,-0.549711538461538,2.97605769230769,5.68364328239717,0.84472049689441,0.764150943396226,0.819875776397516,0.641975308641975,260290203A,Torrinha,9.64529855709911,260290205A,Pontes dos Carvalhos,10.9623055006057
max_gap_70min,144,101,38.5496183206107,0.980557273998626,0.923615406531173,0.975565094688168,0.905464596900305,838.6,823.07,0.981481039828285,-0.107847222222222,1.63548611111111,3.29638659494504,-0.184257425742574,1.82306930693069,3.45763110688331,0.923611111111111,0.879120879120879,0.895833333333333,0.788732394366197,260290203A,Torrinha,9.64529855709911,260290202A,Charneca,11.6373392821951
max_gap_70min,145,97,37.0229007633588,0.89324775177997,0.814403007943842,0.87151102082075,0.801888306617022,831.41,777.24,0.934845623699499,-0.373586206896552,3.17744827586207,7.46030511532827,-0.860618556701031,3.73855670103093,8.06795174507289,0.820689655172414,0.711111111111111,0.841379310344828,0.661764705882353,260290203A,Torrinha,9.64529855709911,260790109A,Barra de Jangada,12.4106755442896
max_gap_70min,26,11,4.19847328244275,0.995438296314562,0.744877273897678,0.999446774344989,0.741619848709566,21.4,20.4,0.953271028037383,-0.0384615384615385,0.1,0.247572833106356,0.00818181818181815,0.0281818181818182,0.0688212440774187,0.884615384615385,0.625,1,1,260290203A,Torrinha,9.64529855709911,260290201G,Pirapama,13.0179995725833
max_gap_70min,66,22,8.3969465648855,0.915273775744447,0.690999287842705,0.963812695339686,0.559824801021936,61.27,85.4,1.39383058593112,0.365606060606061,0.831363636363636,2.6238801363052,-0.124090909090909,0.215,0.690734128564411,0.818181818181818,0.571428571428571,0.909090909090909,0.571428571428571,260290203A,Torrinha,9.64529855709911,260720801G,Campo do Avião,13.699863829626
max_gap_70min,65,61,23.2824427480916,0.879814825204559,0.480715732718,0.84163053772989,0.443183066242581,753.78,472.18,0.62641619570697,-4.33230769230769,6.15446153846154,11.889193671307,-4.26622950819672,5.91901639344262,11.8821006036011,0.584615384615385,0.526315789473684,0.630769230769231,0.5,260290203A,Torrinha,9.64529855709911,260720801A,Centro,14.2386959438181
max_gap_70min,146,101,38.5496183206107,0.917602772007991,0.834601221406029,0.902932573813735,0.829465607731266,831.14,761.16,0.915802391895469,-0.479315068493151,2.70986301369863,6.65234720137721,-0.809306930693069,3.23425742574257,7.40211409458858,0.835616438356164,0.74468085106383,0.863013698630137,0.71830985915493,260290203A,Torrinha,9.64529855709911,260720804A,Rurópolis,15.4798425489309
max_gap_70min,149,102,38.9312977099237,0.909788457755557,0.843050095487215,0.904002430812824,0.855404616881477,857.98,935.64,1.09051493041796,0.521208053691275,3.04187919463087,6.88228988738194,0.297745098039216,3.34578431372549,6.79271473929325,0.845637583892617,0.760416666666667,0.899328859060403,0.794520547945206,260290203A,Torrinha,9.64529855709911,260790104A,Prazeres,15.6817706880758
max_gap_70min,126,90,34.3511450381679,0.912416919751898,0.780546362061913,0.910350230946917,0.762329166900002,771.74,691.8,0.896415891362376,-0.634444444444445,3.15761904761905,7.12975722554689,-0.602,3.68155555555556,7.02139603086325,0.76984126984127,0.662790697674419,0.833333333333333,0.676923076923077,260290203A,Torrinha,9.64529855709911,260790110A,Cajueiro Seco,18.17024712476
max_gap_70min,104,78,29.7709923664122,0.766041359309535,0.801830368909372,0.766362538790241,0.798625432314305,428.26,419.02,0.97842432167375,-0.0888461538461539,2.80903846153846,6.07039426548734,-0.612051282051282,3.20102564102564,6.3670685200068,0.817307692307692,0.72463768115942,0.875,0.745098039215686,260290203A,Torrinha,9.64529855709911,260790101A,Muribeca,19.1679603398448
max_gap_70min,151,106,40.4580152671756,0.939286875473586,0.812074200109668,0.953387359550455,0.800613039686079,794.33,850.08,1.070184935732,0.369205298013245,2.69887417218543,5.4318677650711,0.445660377358491,2.66943396226415,4.75706545026587,0.827814569536424,0.747572815533981,0.827814569536424,0.679012345679012,260290205A,Pontes dos Carvalhos,10.9623055006057,260290202A,Charneca,11.6373392821951
max_gap_70min,152,102,38.9312977099237,0.944936453120158,0.883620260988749,0.92859457281231,0.900568634564727,794.31,804.5,1.01282874444486,0.0670394736842105,2.0508552631579,4.58222689196789,-0.236470588235294,2.32117647058824,4.71126913503624,0.848684210526316,0.757894736842105,0.914473684210526,0.808823529411765,260290205A,Pontes dos Carvalhos,10.9623055006057,260790109A,Barra de Jangada,12.4106755442896
max_gap_70min,27,11,4.19847328244275,0.90734379788055,0.514345114860419,0.999446774344989,0.741619848709566,31.04,20.4,0.657216494845361,-0.394074074074074,0.854814814814815,3.15924979374206,0.455454545454546,0.455454545454546,1.45152271143726,0.777777777777778,0.333333333333333,0.962962962962963,0.666666666666667,260290205A,Pontes dos Carvalhos,10.9623055006057,260290201G,Pirapama,13.0179995725833
max_gap_70min,68,22,8.3969465648855,0.561790677041916,0.508525976211384,0.891467639357548,0.236307956210264,60.73,85.4,1.40622427136506,0.362794117647059,1.18014705882353,4.31277803877787,0.109545454545455,0.164090909090909,0.436728540608257,0.705882352941177,0.375,0.897058823529412,0.533333333333333,260290205A,Pontes dos Carvalhos,10.9623055006057,260720801G,Campo do Avião,13.699863829626
max_gap_70min,69,65,24.8091603053435,0.813161060087803,0.379105376170658,0.808067909997334,0.333737474798097,694.7,467.4,0.672808406506406,-3.29420289855073,6.78202898550725,11.7713149253796,-3.33707692307692,5.64784615384615,9.56067514513328,0.521739130434783,0.45,0.492753623188406,0.351851851851852,260290205A,Pontes dos Carvalhos,10.9623055006057,260720801A,Centro,14.2386959438181
max_gap_70min,154,107,40.8396946564886,0.843416364091045,0.750569400493393,0.837044717584962,0.728238762003678,772.19,823.15,1.06599412061798,0.330909090909091,3.34909090909091,7.64164300345206,0.187476635514019,3.47626168224299,6.88947714468252,0.792207792207792,0.686274509803922,0.792207792207792,0.6,260290205A,Pontes dos Carvalhos,10.9623055006057,260720804A,Rurópolis,15.4798425489309
max_gap_70min,155,106,40.4580152671756,0.967250828189067,0.858128996007256,0.951852435500225,0.875864529060132,821.91,942.24,1.14640289082746,0.776322580645161,2.08767741935484,4.42794549315171,0.718962264150943,2.46669811320755,4.77603559845777,0.845161290322581,0.762376237623762,0.845161290322581,0.707317073170732,260290205A,Pontes dos Carvalhos,10.9623055006057,260790104A,Prazeres,15.6817706880758
max_gap_70min,132,95,36.2595419847328,0.941608412665389,0.876280712650777,0.934468465117244,0.881824955312595,694.88,713.4,1.02665208381303,0.14030303030303,2.16681818181818,5.2728305893744,0.399157894736842,2.73642105263158,6.08016585646356,0.848484848484848,0.761904761904762,0.886363636363636,0.769230769230769,260290205A,Pontes dos Carvalhos,10.9623055006057,260790110A,Cajueiro Seco,18.17024712476
max_gap_70min,111,84,32.0610687022901,0.885794063436192,0.860091670893523,0.785201943748743,0.841382081223474,457.33,461.86,1.00990532000962,0.0408108108108108,1.92405405405405,3.90232351667937,-0.0682142857142857,2.32678571428571,4.38984149296228,0.882882882882883,0.816901408450704,0.900900900900901,0.8,260290205A,Pontes dos Carvalhos,10.9623055006057,260790101A,Muribeca,19.1679603398448
max_gap_70min,150,105,40.0763358778626,0.885508180632102,0.83748787476711,0.875271072231702,0.83189293542167,856.74,803.69,0.938079230571702,-0.353666666666667,3.00953333333333,7.20237345139318,-0.704190476190476,3.22742857142857,7.32374182271018,0.826666666666667,0.726315789473684,0.853333333333333,0.698630136986301,260290202A,Charneca,11.6373392821951,260790109A,Barra de Jangada,12.4106755442896
max_gap_70min,28,12,4.58015267175573,0.996673489835644,0.843114055844771,0.997273666444948,1,13.26,20.4,1.53846153846154,0.255,0.285,0.99182731791952,0.171666666666667,0.205,0.654955469224181,0.928571428571429,0.75,0.964285714285714,0.666666666666667,260290202A,Charneca,11.6373392821951,260290201G,Pirapama,13.0179995725833
max_gap_70min,54,21,8.01526717557252,0.965907711799528,0.73556698811234,0.979238608894548,0.397562626552753,74,73.2,0.989189189189189,-0.0148148148148148,0.603333333333333,1.61964673788933,-0.0733333333333333,0.0923809523809524,0.229658131018384,0.851851851851852,0.6,0.907407407407407,0.583333333333333,260290202A,Charneca,11.6373392821951,260720801G,Campo do Avião,13.699863829626
max_gap_70min,71,67,25.5725190839695,0.872990185717641,0.42596458201837,0.849622649603177,0.380272037604034,755.32,446.77,0.591497643382937,-4.34577464788732,6.27788732394366,11.1250219813044,-4.55149253731343,5.99417910447761,10.9828201663311,0.563380281690141,0.491803278688525,0.605633802816901,0.461538461538462,260290202A,Charneca,11.6373392821951,260720801A,Centro,14.2386959438181
max_gap_70min,151,109,41.6030534351145,0.907927029725055,0.873779161427289,0.873576893734992,0.865101534121049,863.23,817.81,0.947383663681753,-0.300794701986755,2.61033112582781,6.47488832397494,-0.407247706422018,3.08633027522936,7.2692392620921,0.880794701986755,0.810526315789474,0.841059602649007,0.688311688311688,260290202A,Charneca,11.6373392821951,260720804A,Rurópolis,15.4798425489309
max_gap_70min,145,106,40.4580152671756,0.933841858880922,0.857863025133026,0.947008114599673,0.867443378028069,838.78,945.9,1.12770929206705,0.738758620689655,2.74358620689655,5.81739318322871,0.436320754716981,2.68537735849057,4.85052467498533,0.862068965517241,0.791666666666667,0.862068965517241,0.743589743589744,260290202A,Charneca,11.6373392821951,260790104A,Prazeres,15.6817706880758
max_gap_70min,131,98,37.4045801526718,0.934657851337314,0.797514348737435,0.94006915834581,0.795207447026774,777.67,737,0.947702753095786,-0.310458015267176,2.87610687022901,5.72896131160996,-0.319693877551021,3.12336734693878,5.4450508327681,0.809160305343512,0.715909090909091,0.824427480916031,0.680555555555556,260290202A,Charneca,11.6373392821951,260790110A,Cajueiro Seco,18.17024712476
max_gap_70min,114,88,33.587786259542,0.822723633948842,0.829454009342925,0.818417175797399,0.827879476655376,451.28,483.65,1.07172930331502,0.283947368421053,2.33552631578947,4.69422106461858,-0.149431818181818,2.48511363636364,4.27856350681139,0.833333333333333,0.75,0.87719298245614,0.75,260290202A,Charneca,11.6373392821951,260790101A,Muribeca,19.1679603398448
max_gap_70min,27,11,4.19847328244275,0.901475246416477,0.692320214263825,0.999446774344989,0.741619848709566,17.25,20.4,1.18260869565217,0.116666666666667,0.372962962962963,1.23679843562739,0.527272727272727,0.527272727272727,1.68954001270921,0.851851851851852,0.5,0.925925925925926,0.333333333333333,260790109A,Barra de Jangada,12.4106755442896,260290201G,Pirapama,13.0179995725833
max_gap_70min,59,21,8.01526717557252,0.795632961074303,0.672392219584865,0.99777592317767,0.724568837309472,48.44,82.4,1.70107349298101,0.575593220338983,0.972203389830509,3.64778409634662,0.133333333333333,0.133333333333333,0.569042637953892,0.813559322033898,0.476190476190476,0.88135593220339,0.416666666666667,260790109A,Barra de Jangada,12.4106755442896,260720801G,Campo do Avião,13.699863829626
max_gap_70min,197,162,61.8320610687023,0.722620067631982,0.546467971932973,0.61463660712115,0.476902965783676,1418.88,1174.81,0.827984043752819,-1.23893401015228,5.49720812182741,10.7806752517293,-1.21216049382716,4.93067901234568,10.0995764793247,0.680203045685279,0.571428571428571,0.715736040609137,0.51304347826087,260790109A,Barra de Jangada,12.4106755442896,260720801A,Centro,14.2386959438181
max_gap_70min,278,199,75.9541984732825,0.73437079153285,0.760535223865207,0.647287735873147,0.717923694094769,1423.39,1538.39,1.08079303634282,0.413669064748201,3.96244604316547,9.34508938873531,0.567286432160804,3.8248743718593,9.11400713904994,0.81294964028777,0.711111111111111,0.805755395683453,0.605839416058394,260790109A,Barra de Jangada,12.4106755442896,260720804A,Rurópolis,15.4798425489309
max_gap_70min,275,199,75.9541984732825,0.92135259656362,0.858934085705076,0.90802043109348,0.864673526151956,1489.2,1571.26,1.0551034112275,0.2984,2.20145454545455,5.16778454377784,0.536180904522613,2.19819095477387,5.24607515411408,0.861818181818182,0.784090909090909,0.847272727272727,0.695652173913044,260790109A,Barra de Jangada,12.4106755442896,260790104A,Prazeres,15.6817706880758
max_gap_70min,127,92,35.1145038167939,0.917098747206765,0.901528611108045,0.924991853641083,0.91028179803593,692.32,706,1.01975964871736,0.107716535433071,2.18629921259843,6.23243673987433,0.524673913043478,2.53467391304348,6.76950972792873,0.881889763779528,0.8,0.921259842519685,0.830508474576271,260790109A,Barra de Jangada,12.4106755442896,260790110A,Cajueiro Seco,18.17024712476
max_gap_70min,239,178,67.9389312977099,0.875135929254799,0.823892325616844,0.828768549779677,0.820008579160458,1110.91,1139,1.02528557668938,0.117531380753138,2.28740585774059,4.72801226732757,0.461629213483146,2.24960674157303,4.74494154070618,0.786610878661088,0.692771084337349,0.887029288702929,0.767241379310345,260790109A,Barra de Jangada,12.4106755442896,260790101A,Muribeca,19.1679603398448
max_gap_70min,31,16,6.10687022900763,0.887875446861228,0.582697947214076,0.974199806109804,0.431738280473958,21.4,18.2,0.850467289719626,-0.103225806451613,0.490322580645161,1.20536435396375,-0.175,0.275,0.764852927038918,0.741935483870968,0.428571428571429,0.967741935483871,0.75,260290201G,Pirapama,13.0179995725833,260720801G,Campo do Avião,13.699863829626
max_gap_70min,1,0,0,,,,,0,0,,0,0,0,,,,1,,1,,260290201G,Pirapama,13.0179995725833,260720801A,Centro,14.2386959438181
max_gap_70min,27,12,4.58015267175573,0.857818628092502,0.416018455755619,0.873114649256918,0.5,8.4,7.11,0.846428571428571,-0.0477777777777778,0.252962962962963,0.644046812193257,-0.09,0.385,0.92174653059649,0.777777777777778,0.333333333333333,0.925925925925926,0.333333333333333,260290201G,Pirapama,13.0179995725833,260720804A,Rurópolis,15.4798425489309
max_gap_70min,27,11,4.19847328244275,0.897149524294851,0.459812579396034,0.999446774344989,0.741619848709566,20.4,34.5,1.69117647058824,0.522222222222222,0.967407407407407,2.86983803904861,-0.473636363636364,0.473636363636364,1.51177499528324,0.740740740740741,0.363636363636364,0.851851851851852,0.333333333333333,260290201G,Pirapama,13.0179995725833,260790104A,Prazeres,15.6817706880758
max_gap_70min,28,13,4.9618320610687,0.890414135080686,0.671001137785503,0.994708377731759,0.626066928526795,21,21,1,1.94893637969875e-18,0.528571428571429,1.48804761828569,-0.507692307692308,0.507692307692308,1.61816610348306,0.857142857142857,0.555555555555556,0.964285714285714,0.666666666666667,260290201G,Pirapama,13.0179995725833,260790110A,Cajueiro Seco,18.17024712476
max_gap_70min,27,12,4.58015267175573,0.561605836806859,0.273120149623495,0.98874835203007,0.5,8.4,5.8,0.690476190476191,-0.0962962962962963,0.348148148148148,0.95717562922652,-0.383333333333333,0.416666666666667,1.33041346956501,0.703703703703704,0.2,0.962962962962963,0.666666666666667,260290201G,Pirapama,13.0179995725833,260790101A,Muribeca,19.1679603398448
max_gap_70min,1,0,0,,,,,0,0,,0,0,0,,,,1,,1,,260720801G,Campo do Avião,13.699863829626,260720801A,Centro,14.2386959438181
max_gap_70min,57,21,8.01526717557252,0.989742604234337,0.831645149902379,0.912845462168209,0.996497373029772,70.4,73.55,1.04474431818182,0.0552631578947367,0.408245614035088,1.02120929346174,0.10952380952381,0.10952380952381,0.360673972287597,0.894736842105263,0.68421052631579,0.912280701754386,0.583333333333333,260720801G,Campo do Avião,13.699863829626,260720804A,Rurópolis,15.4798425489309
max_gap_70min,54,18,6.87022900763359,0.771524078423543,0.679681723774229,0.99580834619084,0.612372435695795,28.6,42,1.46853146853147,0.248148148148148,0.623703703703704,2.59329977127668,-0.133888888888889,0.133888888888889,0.478429142553466,0.851851851851852,0.529411764705882,0.87037037037037,0.363636363636364,260720801G,Campo do Avião,13.699863829626,260790104A,Prazeres,15.6817706880758
max_gap_70min,50,22,8.3969465648855,0.714010260492651,0.613401326145277,0.930015924404846,0.492075568159886,30.8,22.2,0.720779220779221,-0.172,0.596,1.70199882491146,-0.227272727272727,0.227272727272727,0.650873538897045,0.8,0.411764705882353,0.9,0.375,260720801G,Campo do Avião,13.699863829626,260790110A,Cajueiro Seco,18.17024712476
max_gap_70min,35,17,6.48854961832061,0.766855513470977,0.557144317366525,0.98697486506031,0.5,17,7.23,0.425294117647059,-0.279142857142857,0.404285714285714,1.01302799284408,-0.0941176470588235,0.117647058823529,0.394073746457511,0.8,0.416666666666667,0.914285714285714,0.5,260720801G,Campo do Avião,13.699863829626,260790101A,Muribeca,19.1679603398448
max_gap_70min,198,161,61.4503816793893,0.910607049198527,0.672214742781625,0.841684677783573,0.592434459408606,1096.31,1409.07,1.28528427178444,1.57959595959596,2.67090909090909,6.38527978868569,1.89155279503106,2.76732919254658,6.78784893524465,0.742424242424242,0.638297872340426,0.787878787878788,0.60377358490566,260720801A,Centro,14.2386959438181,260720804A,Rurópolis,15.4798425489309
max_gap_70min,200,162,61.8320610687023,0.732932388157801,0.515736745564721,0.677079432115692,0.448111384586427,1188.08,1438.02,1.2103730388526,1.2497,5.3952,10.6258028402564,1.52296296296296,4.93654320987654,9.82686617215438,0.685,0.593548387096774,0.705,0.524193548387097,260720801A,Centro,14.2386959438181,260790104A,Prazeres,15.6817706880758
max_gap_70min,64,61,23.2824427480916,0.805100957604819,0.250056553303049,0.879616436215831,0.224447125183314,431.93,682.6,1.58034866760818,3.91671875,7.42390625,13.1953387248111,4.41393442622951,6.42213114754098,11.084448787289,0.453125,0.375,0.5,0.36,260720801A,Centro,14.2386959438181,260790110A,Cajueiro Seco,18.17024712476
max_gap_70min,183,146,55.7251908396947,0.486705053675243,0.477024987153419,0.437917857485072,0.382312244464015,855.61,1070.11,1.25069833218406,1.17213114754098,5.43704918032787,10.1715229823965,1.33472602739726,4.85253424657534,9.28225708410096,0.666666666666667,0.570422535211268,0.704918032786885,0.513513513513514,260720801A,Centro,14.2386959438181,260790101A,Muribeca,19.1679603398448
max_gap_70min,274,198,75.5725190839695,0.762317117252788,0.753175426248079,0.709732790780545,0.730720511526917,1527.92,1471.19,0.962871092727368,-0.207043795620438,3.93529197080292,8.94220565469185,-0.243484848484849,3.93843434343434,8.75305986902335,0.795620437956204,0.702127659574468,0.806569343065693,0.636986301369863,260720804A,Rurópolis,15.4798425489309,260790104A,Prazeres,15.6817706880758
max_gap_70min,131,98,37.4045801526718,0.800835972621876,0.708551611641506,0.802429495111645,0.655074750476677,745.3,719.2,0.964980544747082,-0.199236641221374,4.07786259541985,9.49186336969763,0.0454081632653061,4.5380612244898,9.52028173352629,0.793893129770992,0.686046511627907,0.763358778625954,0.575342465753425,260720804A,Rurópolis,15.4798425489309,260790110A,Cajueiro Seco,18.17024712476
max_gap_70min,240,179,68.3206106870229,0.546655813360789,0.727923297823062,0.546727835845148,0.694895415080343,1182.23,1066.62,0.902210229819917,-0.481708333333333,4.15379166666667,9.26082548966344,-0.63731843575419,3.82960893854749,8.53224400199017,0.783333333333333,0.694117647058824,0.795833333333333,0.6171875,260720804A,Rurópolis,15.4798425489309,260790101A,Muribeca,19.1679603398448
max_gap_70min,131,97,37.0229007633588,0.965201955480014,0.872981269055396,0.962674431010504,0.895772273933083,847.87,742.4,0.875605930154387,-0.805114503816794,2.11625954198473,4.20985802375242,-0.621340206185567,2.36257731958763,4.36337746322707,0.862595419847328,0.785714285714286,0.862595419847328,0.75,260790104A,Prazeres,15.6817706880758,260790110A,Cajueiro Seco,18.17024712476
max_gap_70min,246,182,69.4656488549618,0.85487859276486,0.859704882885554,0.808583268463121,0.858890591875924,1193.35,1164.45,0.975782461138811,-0.117479674796748,2.30162601626016,5.00926142260513,-0.0410439560439561,2.31247252747253,5.03957453942905,0.833333333333333,0.760233918128655,0.865853658536585,0.744186046511628,260790104A,Prazeres,15.6817706880758,260790101A,Muribeca,19.1679603398448
max_gap_70min,103,80,30.5343511450382,0.890654478172711,0.905725890719655,0.847637411959055,0.921644903415662,362.6,415.07,1.14470490899062,0.509417475728155,1.42825242718447,3.02783478663312,0.60675,1.745,3.41795443211287,0.854368932038835,0.776119402985075,0.922330097087379,0.843137254901961,260790110A,Cajueiro Seco,18.17024712476,260790101A,Muribeca,19.1679603398448
max_gap_90min,137,96,36.6412213740458,0.824172216276731,0.837491849459424,0.83988799690086,0.839890720936286,626.33,852.77,1.36153465425574,1.65284671532847,3.21824817518248,10.3506732387971,1.51520833333333,3.40666666666667,9.15171113326173,0.795620437956204,0.702127659574468,0.897810218978102,0.78125,260290204A,Enseado dos Corais,0.116707872718135,260290203A,Torrinha,9.64529855709911
max_gap_90min,141,98,37.4045801526718,0.859046813753399,0.846404297845337,0.845890290731921,0.831872878671106,620.74,809.89,1.30471695073622,1.34148936170213,2.96617021276596,7.250372012955,1.13683673469388,3.31112244897959,6.99227832129478,0.836879432624114,0.752688172043011,0.865248226950355,0.720588235294118,260290204A,Enseado dos Corais,0.116707872718135,260290205A,Pontes dos Carvalhos,10.9623055006057
max_gap_90min,139,100,38.1679389312977,0.809426214337418,0.842919311036935,0.81584673092016,0.832849113595326,651.7,865.97,1.32878625134264,1.54151079136691,3.38856115107914,9.84497633277022,1.4164,3.445,9.03059233937619,0.841726618705036,0.763440860215054,0.863309352517986,0.728571428571429,260290204A,Enseado dos Corais,0.116707872718135,260290202A,Charneca,11.6373392821951
max_gap_90min,267,193,73.6641221374046,0.820114716451857,0.798377769793363,0.820622160960435,0.761731142542792,1278.4,1551.42,1.21356382978723,1.0225468164794,3.1812734082397,7.52878600616273,0.595751295336787,3.20839378238342,6.55307917181872,0.801498127340824,0.695402298850575,0.883895131086142,0.745901639344262,260290204A,Enseado dos Corais,0.116707872718135,260790109A,Barra de Jangada,12.4106755442896
max_gap_90min,27,10,3.81679389312977,0.852849170231459,0.577045290240191,0.884984650702101,0.74535599249993,22.09,24.6,1.11362607514713,0.0929629629629629,0.737407407407407,2.02901453912977,0.54,0.58,1.77200451466694,0.814814814814815,0.444444444444444,0.888888888888889,0.25,260290204A,Enseado dos Corais,0.116707872718135,260290201G,Pirapama,13.0179995725833
max_gap_90min,48,15,5.72519083969466,0.803534962304694,0.732305704984269,0.91688441581593,1,43.34,66.4,1.53207198892478,0.480416666666667,1.01833333333333,3.70732383263184,0.173333333333333,0.173333333333333,0.671317113342619,0.875,0.571428571428571,0.895833333333333,0.285714285714286,260290204A,Enseado dos Corais,0.116707872718135,260720801G,Campo do Avião,13.699863829626
max_gap_90min,197,159,60.6870229007634,0.600507606641699,0.514697891131263,0.60184400206126,0.426048507244258,1194.18,1224.51,1.02539818117872,0.153959390862944,5.64522842639594,11.7752290761987,-0.47622641509434,5.10767295597484,9.78314125576181,0.634517766497462,0.52317880794702,0.741116751269036,0.548672566371681,260290204A,Enseado dos Corais,0.116707872718135,260720801A,Centro,14.2386959438181
max_gap_90min,270,195,74.4274809160305,0.687575356301405,0.745306405695937,0.708939410045026,0.697754042775816,1289.4,1598.76,1.23992554676594,1.14577777777778,4.14540740740741,9.86149102241569,0.86748717948718,3.98676923076923,8.27952116787141,0.792592592592593,0.688888888888889,0.811111111111111,0.622222222222222,260290204A,Enseado dos Corais,0.116707872718135,260720804A,Rurópolis,15.4798425489309
max_gap_90min,279,200,76.3358778625954,0.773758202785338,0.761030249885007,0.783042327904673,0.752580913969123,1317.46,1621.42,1.23071668210041,1.0894623655914,3.60924731182796,8.47910038678489,0.8621,3.529,7.78366475382901,0.788530465949821,0.686170212765958,0.824372759856631,0.654929577464789,260290204A,Enseado dos Corais,0.116707872718135,260790104A,Prazeres,15.6817706880758
max_gap_90min,133,94,35.8778625954199,0.810784533358301,0.838200525341872,0.786036183256901,0.814862392515525,610.57,803.8,1.3164747694777,1.45285714285714,3.67616541353383,10.1348660832946,1.0813829787234,4.13989361702128,10.1544463062854,0.834586466165414,0.731707317073171,0.857142857142857,0.703125,260290204A,Enseado dos Corais,0.116707872718135,260790110A,Cajueiro Seco,18.17024712476
max_gap_90min,241,179,68.3206106870229,0.735481005241149,0.733250587128465,0.710222205325479,0.715660289944739,1047.12,1133.14,1.08214913285965,0.356929460580913,3.13966804979253,6.4147204930651,0.245195530726257,3.18921787709497,6.21617348930691,0.742738589211618,0.641618497109827,0.829875518672199,0.663934426229508,260290204A,Enseado dos Corais,0.116707872718135,260790101A,Muribeca,19.1679603398448
max_gap_90min,168,111,42.3664122137405,0.938025770629617,0.834827737715109,0.937657283367589,0.833203832862581,903.02,838.88,0.928971672831167,-0.381785714285714,2.58571428571429,5.70657213011371,-0.527297297297297,2.94297297297297,5.58845391115621,0.851190476190476,0.776785714285714,0.815476190476191,0.63953488372093,260290203A,Torrinha,9.64529855709911,260290205A,Pontes dos Carvalhos,10.9623055006057
max_gap_90min,156,109,41.6030534351145,0.979471854890618,0.918798500591169,0.974010816062214,0.909923365634615,878.27,868.16,0.988488733532968,-0.0648076923076923,1.64775641025641,3.26635460963709,-0.119357798165138,1.85256880733945,3.45364333618542,0.923076923076923,0.878787878787879,0.884615384615385,0.766233766233766,260290203A,Torrinha,9.64529855709911,260290202A,Charneca,11.6373392821951
max_gap_90min,153,104,39.6946564885496,0.892674568865077,0.813664102384595,0.871127074658494,0.800448352016547,864.02,797.06,0.922501793939955,-0.437647058823529,3.13581699346405,7.31508933822027,-0.921826923076923,3.66625,7.86344897660641,0.823529411764706,0.721649484536083,0.836601307189543,0.657534246575342,260290203A,Torrinha,9.64529855709911,260790109A,Barra de Jangada,12.4106755442896
max_gap_90min,27,11,4.19847328244275,0.966611388571215,0.788643310664441,0.999446774344989,0.741619848709566,22.59,24.8,1.09783089862771,0.0818518518518518,0.215185185185185,0.663818917744558,0.00818181818181815,0.0281818181818182,0.0688212440774187,0.888888888888889,0.666666666666667,1,1,260290203A,Torrinha,9.64529855709911,260290201G,Pirapama,13.0179995725833
max_gap_90min,68,22,8.3969465648855,0.915420423431171,0.676005611841504,0.963812695339686,0.559824801021936,61.47,85.4,1.38929559134537,0.351911764705882,0.809852941176471,2.58511946475571,-0.124090909090909,0.215,0.690734128564411,0.808823529411765,0.551724137931035,0.911764705882353,0.571428571428571,260290203A,Torrinha,9.64529855709911,260720801G,Campo do Avião,13.699863829626
max_gap_90min,70,66,25.1908396946565,0.877740905472898,0.45556682512015,0.837793284635162,0.416014746603548,779.29,472.18,0.605910508283181,-4.38728571428571,6.07928571428572,11.6704172406743,-4.32954545454545,5.85712121212121,11.6503398961992,0.557142857142857,0.491803278688525,0.614285714285714,0.470588235294118,260290203A,Torrinha,9.64529855709911,260720801A,Centro,14.2386959438181
max_gap_90min,156,109,41.6030534351145,0.915983015188522,0.837006533599732,0.899278181844728,0.824545926177047,879.27,815.18,0.927109988968121,-0.410833333333333,2.69198717948718,6.51157800206087,-0.702293577981651,3.19403669724771,7.22073778283358,0.83974358974359,0.754901960784314,0.865384615384615,0.727272727272727,260290203A,Torrinha,9.64529855709911,260720804A,Rurópolis,15.4798425489309
max_gap_90min,155,108,41.2213740458015,0.90950260797635,0.847311012730271,0.903659971446692,0.85635232419489,884.67,963.83,1.08947969299287,0.510709677419355,3.01316129032258,6.77498129981945,0.295092592592593,3.28768518518519,6.64121230845137,0.851612903225806,0.772277227722772,0.890322580645161,0.782051282051282,260290203A,Torrinha,9.64529855709911,260790104A,Prazeres,15.6817706880758
max_gap_90min,141,97,37.0229007633588,0.893841536171366,0.789910288270524,0.907993085227381,0.769285132592523,835.51,785.2,0.939785280846429,-0.356808510638298,3.22730496453901,7.59057707184954,-0.648865979381443,3.58907216494845,6.89166551772846,0.780141843971631,0.677083333333333,0.836879432624114,0.676056338028169,260290203A,Torrinha,9.64529855709911,260790110A,Cajueiro Seco,18.17024712476
max_gap_90min,112,86,32.824427480916,0.759930800428585,0.804246606160632,0.757238042230403,0.794814549726201,462.68,448.08,0.968444713408836,-0.130357142857143,2.86535714285714,6.0038255661346,-0.617441860465116,3.23790697674419,6.25696040329265,0.821428571428571,0.736842105263158,0.875,0.75,260290203A,Torrinha,9.64529855709911,260790101A,Muribeca,19.1679603398448
max_gap_90min,161,112,42.7480916030534,0.938977639251055,0.811840434328274,0.952351083812253,0.811862850725838,828.66,893.02,1.07766755967466,0.399751552795031,2.61229813664596,5.32075813026164,0.504196428571429,2.626875,4.72482322042695,0.819875776397516,0.738738738738739,0.838509316770186,0.690476190476191,260290205A,Pontes dos Carvalhos,10.9623055006057,260290202A,Charneca,11.6373392821951
max_gap_90min,158,107,40.8396946564886,0.943520149008835,0.874460388036256,0.927167026927411,0.893947529409443,816.59,817.92,1.00162872432922,0.00841772151898735,2.04905063291139,4.56091547827846,-0.304485981308411,2.32130841121495,4.69542609016736,0.835443037974684,0.74,0.911392405063291,0.8,260290205A,Pontes dos Carvalhos,10.9623055006057,260790109A,Barra de Jangada,12.4106755442896
max_gap_90min,28,11,4.19847328244275,0.862368361660988,0.46302707203966,0.999446774344989,0.741619848709566,31.04,24.8,0.798969072164949,-0.222857142857143,0.981428571428571,3.21182636072198,0.455454545454546,0.455454545454546,1.45152271143726,0.75,0.3,0.928571428571429,0.5,260290205A,Pontes dos Carvalhos,10.9623055006057,260290201G,Pirapama,13.0179995725833
max_gap_90min,70,22,8.3969465648855,0.562539681080826,0.510108179639992,0.891467639357548,0.236307956210264,60.73,85.4,1.40622427136506,0.352428571428572,1.14642857142857,4.25072044313835,0.109545454545455,0.164090909090909,0.436728540608257,0.714285714285714,0.375,0.9,0.533333333333333,260290205A,Pontes dos Carvalhos,10.9623055006057,260720801G,Campo do Avião,13.699863829626
max_gap_90min,72,68,25.9541984732824,0.807690489381887,0.345768386749792,0.798695146831058,0.297344710138951,717.17,467.8,0.652286068853968,-3.46347222222222,6.80597222222222,11.7887967650082,-3.51441176470588,5.72323529411765,9.69139217826527,0.513888888888889,0.444444444444444,0.5,0.345454545454545,260290205A,Pontes dos Carvalhos,10.9623055006057,260720801A,Centro,14.2386959438181
max_gap_90min,161,112,42.7480916030534,0.838786741466993,0.755039663351272,0.837221867576457,0.726633121593252,829.25,862.02,1.03951763641845,0.203540372670807,3.42627329192547,7.62382262572861,0.133125,3.46169642857143,6.78514718494953,0.795031055900621,0.697247706422018,0.788819875776398,0.604651162790698,260290205A,Pontes dos Carvalhos,10.9623055006057,260720804A,Rurópolis,15.4798425489309
max_gap_90min,159,110,41.9847328244275,0.96587820737853,0.857538587123541,0.949967591987909,0.87742256378238,843.79,981.02,1.16263525284727,0.863081761006289,2.14647798742138,4.55624838777137,0.846454545454546,2.53790909090909,4.93560395125423,0.842767295597484,0.759615384615385,0.842767295597484,0.702380952380952,260290205A,Pontes dos Carvalhos,10.9623055006057,260790104A,Prazeres,15.6817706880758
max_gap_90min,145,100,38.1679389312977,0.943004699958768,0.870094716465517,0.933007258006194,0.88026276825789,772.07,808.6,1.04731436268732,0.251931034482759,2.23248275862069,5.49599547005786,0.3124,2.6864,5.96671936662015,0.83448275862069,0.74468085106383,0.875862068965517,0.742857142857143,260290205A,Pontes dos Carvalhos,10.9623055006057,260790110A,Cajueiro Seco,18.17024712476
max_gap_90min,116,89,33.969465648855,0.885244822678564,0.861566508215712,0.792797511513322,0.845421429250048,486.72,481.44,0.989151873767258,-0.0455172413793103,1.93568965517241,3.88951042925846,-0.174606741573034,2.31932584269663,4.34896216471383,0.879310344827586,0.81578947368421,0.896551724137931,0.793103448275862,260290205A,Pontes dos Carvalhos,10.9623055006057,260790101A,Muribeca,19.1679603398448
max_gap_90min,159,110,41.9847328244275,0.882691411522379,0.835518164935302,0.871764549097984,0.836094082626344,893.21,824.11,0.922638573235857,-0.434591194968554,3.01710691823899,7.12527417545962,-0.873727272727273,3.28227272727273,7.32007892406533,0.830188679245283,0.73,0.861635220125786,0.710526315789474,260290202A,Charneca,11.6373392821951,260790109A,Barra de Jangada,12.4106755442896
max_gap_90min,29,12,4.58015267175573,0.995831367079303,0.868400158793172,0.997273666444948,1,16.4,24.8,1.51219512195122,0.289655172413793,0.318620689655172,1.00226983771149,0.171666666666667,0.205,0.654955469224181,0.931034482758621,0.777777777777778,0.96551724137931,0.75,260290202A,Charneca,11.6373392821951,260290201G,Pirapama,13.0179995725833
max_gap_90min,62,23,8.77862595419847,0.960107338889034,0.722391052358313,0.955779121527114,0.532390365078146,76.77,83.2,1.08375667578481,0.103709677419355,0.642096774193548,1.62649782086861,-0.0408695652173913,0.110434782608696,0.252603831428136,0.854838709677419,0.608695652173913,0.903225806451613,0.571428571428571,260290202A,Charneca,11.6373392821951,260720801G,Campo do Avião,13.699863829626
max_gap_90min,73,69,26.3358778625954,0.871661711648306,0.443323793959622,0.843892459184634,0.400622290142743,778.17,472.18,0.606782579641981,-4.19164383561644,6.23821917808219,11.002694999875,-4.38246376811594,5.9604347826087,10.8558615036075,0.561643835616438,0.492063492063492,0.602739726027397,0.462962962962963,260290202A,Charneca,11.6373392821951,260720801A,Centro,14.2386959438181
max_gap_90min,162,115,43.8931297709924,0.907025971017134,0.871513197634452,0.874686197094871,0.87003656067412,907.42,865.98,0.954332062330564,-0.255802469135803,2.59086419753086,6.31331338727343,-0.452173913043478,3.00852173913043,7.10074790916881,0.882716049382716,0.813725490196078,0.839506172839506,0.690476190476191,260290202A,Charneca,11.6373392821951,260720804A,Rurópolis,15.4798425489309
max_gap_90min,149,108,41.2213740458015,0.931521602071138,0.860751460428246,0.943594443869476,0.867894102570477,860.65,957.54,1.11257770289897,0.650268456375839,2.77295302013423,5.83741513310828,0.309814814814815,2.75407407407407,4.96050008679681,0.865771812080537,0.795918367346939,0.865771812080537,0.75,260290202A,Charneca,11.6373392821951,260790104A,Prazeres,15.6817706880758
max_gap_90min,142,102,38.9312977099237,0.914418637837843,0.793622147196184,0.936164243476623,0.795791681058993,837.96,822.6,0.981669769440069,-0.108169014084507,3.07746478873239,6.5741248011738,-0.447352941176471,3.1528431372549,5.53248047408018,0.802816901408451,0.705263157894737,0.823943661971831,0.675324675324675,260290202A,Charneca,11.6373392821951,260790110A,Cajueiro Seco,18.17024712476
max_gap_90min,119,92,35.1145038167939,0.810245180460525,0.828201927054927,0.80515084173252,0.821281341406668,486.95,497.18,1.02100831707568,0.0859663865546218,2.43336134453782,4.78500379775584,-0.369021739130435,2.61597826086957,4.44987261664284,0.831932773109244,0.753086419753086,0.882352941176471,0.766666666666667,260290202A,Charneca,11.6373392821951,260790101A,Muribeca,19.1679603398448
max_gap_90min,28,11,4.19847328244275,0.856474455980602,0.623878873980185,0.999446774344989,0.741619848709566,17.25,24.8,1.43768115942029,0.269642857142857,0.516785714285714,1.47189261060135,0.527272727272727,0.527272727272727,1.68954001270921,0.821428571428571,0.444444444444444,0.892857142857143,0.25,260790109A,Barra de Jangada,12.4106755442896,260290201G,Pirapama,13.0179995725833
max_gap_90min,63,22,8.3969465648855,0.796272154417127,0.669620396026189,0.975593120581747,0.835996800090935,48.64,83.4,1.71463815789474,0.551746031746032,0.923174603174603,3.53098169720996,0.154545454545455,0.154545454545455,0.570486235990445,0.80952380952381,0.478260869565217,0.888888888888889,0.416666666666667,260790109A,Barra de Jangada,12.4106755442896,260720801G,Campo do Avião,13.699863829626
max_gap_90min,206,170,64.8854961832061,0.72224329296173,0.554795360027339,0.614097452632967,0.490496708453116,1456.62,1206.01,0.82795100987217,-1.21655339805825,5.3728640776699,10.578185489602,-1.17847058823529,4.82388235294118,9.90326624669564,0.689320388349515,0.587096774193548,0.718446601941748,0.524590163934426,260790109A,Barra de Jangada,12.4106755442896,260720801A,Centro,14.2386959438181
max_gap_90min,291,209,79.7709923664122,0.73526011210921,0.770261230855021,0.653840792988109,0.729463042159147,1522.52,1602.47,1.05251162546305,0.274742268041237,3.94367697594502,9.24320047293241,0.377511961722488,3.82899521531101,9.0425572239453,0.81786941580756,0.71957671957672,0.810996563573883,0.620689655172414,260790109A,Barra de Jangada,12.4106755442896,260720804A,Rurópolis,15.4798425489309
max_gap_90min,282,205,78.2442748091603,0.915230683697128,0.859553470078162,0.895399912676339,0.865058686847687,1557.98,1628.77,1.04543704027009,0.251028368794326,2.29230496453901,5.3638155613226,0.465512195121951,2.334,5.51975445724651,0.861702127659575,0.784530386740332,0.847517730496454,0.697183098591549,260790109A,Barra de Jangada,12.4106755442896,260790104A,Prazeres,15.6817706880758
max_gap_90min,139,97,37.0229007633588,0.928243974945666,0.898387125971633,0.92442432523383,0.908538648037494,771.19,800.2,1.03761718901957,0.208705035971223,2.15028776978417,6.04443884965298,0.584329896907217,2.49484536082474,6.64301524508199,0.877697841726619,0.790123456790123,0.913669064748201,0.80952380952381,260790109A,Barra de Jangada,12.4106755442896,260790110A,Cajueiro Seco,18.17024712476
max_gap_90min,251,190,72.5190839694657,0.873692195336011,0.816735846510909,0.827192686476077,0.810743727665095,1132.2,1163.93,1.02802508390744,0.126414342629482,2.25589641434263,4.66106142691748,0.451631578947368,2.21036842105263,4.65552569251682,0.780876494023904,0.6875,0.884462151394422,0.762295081967213,260790109A,Barra de Jangada,12.4106755442896,260790101A,Muribeca,19.1679603398448
max_gap_90min,34,18,6.87022900763359,0.887376962292265,0.597436630192282,0.967458737576021,0.36016709130657,25.8,20.6,0.798449612403101,-0.152941176470588,0.529411764705882,1.22426448507329,-0.133333333333333,0.266666666666667,0.727247474309048,0.735294117647059,0.4375,0.970588235294118,0.8,260290201G,Pirapama,13.0179995725833,260720801G,Campo do Avião,13.699863829626
max_gap_90min,1,0,0,,,,,0,0,,0,0,0,,,,1,,1,,260290201G,Pirapama,13.0179995725833,260720801A,Centro,14.2386959438181
max_gap_90min,29,12,4.58015267175573,0.969805497996974,0.597737658128823,0.873114649256918,0.5,24.8,21.52,0.867741935483871,-0.113103448275862,0.304137931034483,0.674357932176715,-0.09,0.385,0.92174653059649,0.793103448275862,0.454545454545455,0.931034482758621,0.6,260290201G,Pirapama,13.0179995725833,260720804A,Rurópolis,15.4798425489309
max_gap_90min,28,11,4.19847328244275,0.854757921015951,0.511975112888067,0.999446774344989,0.741619848709566,24.8,34.9,1.40725806451613,0.360714285714286,1.07571428571429,2.91774864285071,-0.473636363636364,0.473636363636364,1.51177499528324,0.75,0.416666666666667,0.821428571428571,0.285714285714286,260290201G,Pirapama,13.0179995725833,260790104A,Prazeres,15.6817706880758
max_gap_90min,30,14,5.34351145038168,0.845434504447787,0.608257752054847,0.994686798672986,0.622281321070456,25.4,21,0.826771653543307,-0.146666666666667,0.64,1.64681510801911,-0.471428571428571,0.471428571428571,1.55930387398626,0.833333333333333,0.5,0.933333333333333,0.5,260290201G,Pirapama,13.0179995725833,260790110A,Cajueiro Seco,18.17024712476
max_gap_90min,27,12,4.58015267175573,0.561605836806859,0.273120149623495,0.98874835203007,0.5,8.4,5.8,0.690476190476191,-0.0962962962962963,0.348148148148148,0.95717562922652,-0.383333333333333,0.416666666666667,1.33041346956501,0.703703703703704,0.2,0.962962962962963,0.666666666666667,260290201G,Pirapama,13.0179995725833,260790101A,Muribeca,19.1679603398448
max_gap_90min,1,0,0,,,,,0,0,,0,0,0,,,,1,,1,,260720801G,Campo do Avião,13.699863829626,260720801A,Centro,14.2386959438181
max_gap_90min,62,23,8.77862595419847,0.987955103728686,0.855810240595888,0.913424766059034,0.997118155619597,83.4,90.52,1.08537170263789,0.114838709677419,0.439354838709677,1.09566889276854,0.1,0.1,0.34463591374591,0.903225806451613,0.714285714285714,0.919354838709677,0.642857142857143,260720801G,Campo do Avião,13.699863829626,260720804A,Rurópolis,15.4798425489309
max_gap_90min,56,18,6.87022900763359,0.771886632449283,0.680651209029235,0.99580834619084,0.612372435695795,28.6,42,1.46853146853147,0.239285714285714,0.601428571428571,2.54656982176866,-0.133888888888889,0.133888888888889,0.478429142553466,0.857142857142857,0.529411764705882,0.875,0.363636363636364,260720801G,Campo do Avião,13.699863829626,260790104A,Prazeres,15.6817706880758
max_gap_90min,62,26,9.9236641221374,0.703476232990665,0.596160192834588,0.227273504995058,0.232008073976873,37,25.4,0.686486486486487,-0.187096774193548,0.548387096774194,1.55584226748418,-0.184615384615385,0.230769230769231,0.615192277634837,0.790322580645161,0.409090909090909,0.903225806451613,0.4,260720801G,Campo do Avião,13.699863829626,260790110A,Cajueiro Seco,18.17024712476
max_gap_90min,37,18,6.87022900763359,0.751396956555244,0.513400515068575,0.907458800037404,0.395574541147319,17,7.82,0.46,-0.248108108108108,0.398378378378378,0.990031394533609,-0.0561111111111111,0.143888888888889,0.407437793479637,0.783783783783784,0.384615384615385,0.918918918918919,0.5,260720801G,Campo do Avião,13.699863829626,260790101A,Muribeca,19.1679603398448
max_gap_90min,206,167,63.7404580152672,0.910988277646962,0.68353038867601,0.845642651975057,0.60437886293506,1172.54,1476.67,1.25937707882034,1.47635922330097,2.66092233009709,6.29170200165821,1.78011976047904,2.74682634730539,6.69262298319647,0.747572815533981,0.651006711409396,0.786407766990291,0.610619469026549,260720801A,Centro,14.2386959438181,260720804A,Rurópolis,15.4798425489309
max_gap_90min,209,170,64.8854961832061,0.723199574646453,0.517961255255992,0.661206885840556,0.456424139159788,1256.63,1500.68,1.194209910634,1.1677033492823,5.49622009569378,10.692529543484,1.42358823529412,5.10711764705882,9.9870451674392,0.68421052631579,0.595092024539877,0.698564593301435,0.522727272727273,260720801A,Centro,14.2386959438181,260790104A,Prazeres,15.6817706880758
max_gap_90min,66,62,23.6641221374046,0.790223362614479,0.289510977365661,0.87993355973579,0.22770434531638,458.93,760.6,1.65733336238642,4.57075757575758,7.97166666666667,14.3679808686685,4.36209677419355,6.33790322580645,10.9957508655287,0.454545454545455,0.379310344827586,0.5,0.365384615384615,260720801A,Centro,14.2386959438181,260790110A,Cajueiro Seco,18.17024712476
max_gap_90min,194,156,59.5419847328244,0.47845584797121,0.476974733827823,0.426544711192991,0.38631030160124,911.55,1109.32,1.21696012286764,1.01943298969072,5.40819587628866,10.1148589535141,1.13538461538462,4.8824358974359,9.3003367046851,0.670103092783505,0.581699346405229,0.701030927835052,0.512605042016807,260720801A,Centro,14.2386959438181,260790101A,Muribeca,19.1679603398448
max_gap_90min,284,206,78.6259541984733,0.754576318079566,0.755212117539534,0.705534899661607,0.730553618283038,1598.92,1606.13,1.0045092937733,0.025387323943662,4.11221830985915,9.13705127412096,0.0307281553398058,4.12490291262136,9.01245500103224,0.795774647887324,0.704081632653061,0.806338028169014,0.642857142857143,260720804A,Rurópolis,15.4798425489309,260790104A,Prazeres,15.6817706880758
max_gap_90min,142,102,38.9312977099237,0.787189442999888,0.725887201155913,0.802766763630985,0.66206415331711,789.68,822.6,1.04168777226218,0.231830985915493,4.1887323943662,10.0093755345451,0.0946078431372549,4.41107843137255,9.34304024289696,0.802816901408451,0.695652173913044,0.774647887323944,0.58974358974359,260720804A,Rurópolis,15.4798425489309,260790110A,Cajueiro Seco,18.17024712476
max_gap_90min,251,189,72.1374045801527,0.558309012845257,0.725773251294174,0.56504683587099,0.691878311722399,1243.41,1113.68,0.895665950893108,-0.516852589641434,4.07358565737052,9.0834483904162,-0.656666666666667,3.74058201058201,8.33841143689883,0.776892430278885,0.688888888888889,0.800796812749004,0.626865671641791,260720804A,Rurópolis,15.4798425489309,260790101A,Muribeca,19.1679603398448
max_gap_90min,139,99,37.7862595419847,0.968784657084358,0.878501019475214,0.962779638006605,0.898308839514645,918.16,819.2,0.892219221050797,-0.711942446043166,2.04129496402878,4.12404826605114,-0.608787878787879,2.31484848484848,4.31907806754351,0.870503597122302,0.788235294117647,0.870503597122302,0.753424657534247,260790104A,Prazeres,15.6817706880758,260790110A,Cajueiro Seco,18.17024712476
max_gap_90min,256,192,73.2824427480916,0.855907160922023,0.857966488150199,0.810766237899478,0.857112531693298,1201.43,1173.41,0.976677792297512,-0.109453125,2.228984375,4.91187845940838,-0.0343229166666667,2.21505208333333,4.90848717571582,0.83203125,0.758426966292135,0.86328125,0.736842105263158,260790104A,Prazeres,15.6817706880758,260790101A,Muribeca,19.1679603398448
max_gap_90min,109,84,32.0610687022901,0.93065653928432,0.90801389456097,0.84978367454179,0.921606167567434,444.4,479.33,1.078600360036,0.32045871559633,1.52871559633028,3.43672862904896,0.589404761904762,1.67392857142857,3.3364892798098,0.853211009174312,0.774647887323944,0.926605504587156,0.851851851851852,260790110A,Cajueiro Seco,18.17024712476,260790101A,Muribeca,19.1679603398448
