fonte_dados,cod_estacao,ano,n_antes,n_duplicatas_exatas_removiveis,n_depois,n_arquivos
CEMADEN,260005402A,2025,11932,865,11067,13
CEMADEN,260020302A,2025,9687,746,8941,13
CEMADEN,260030201A,2025,8464,778,7686,13
CEMADEN,260040101A,2017,14062,1,14061,13
CEMADEN,260040101A,2025,7032,264,6768,13
CEMADEN,260050001A,2017,5027,1,5026,12
CEMADEN,260050001A,2025,10051,665,9386,13
CEMADEN,260050002A,2017,12243,1,12242,13
CEMADEN,260050002A,2025,10172,755,9417,13
CEMADEN,260060901A,2025,8470,338,8132,13
CEMADEN,260080701A,2017,12778,1,12777,13
CEMADEN,260080701A,2025,6274,68,6206,13
CEMADEN,260090601A,2025,9421,141,9280,13
CEMADEN,260090602A,2025,4251,844,3407,6
CEMADEN,260090603A,2025,4179,818,3361,6
CEMADEN,260090604A,2025,1915,336,1579,6
CEMADEN,260100301A,2025,5642,4,5638,11
CEMADEN,260105201A,2025,11649,864,10785,13
CEMADEN,260110202A,2025,10097,785,9312,13
CEMADEN,260110203A,2025,3164,741,2423,5
CEMADEN,260110204A,2025,3258,774,2484,5
CEMADEN,260110206A,2025,3207,749,2458,5
CEMADEN,260110207A,2025,3071,773,2298,5
CEMADEN,260120101A,2025,6360,23,6337,13
CEMADEN,260120101C,2017,2188,1,2187,5
CEMADEN,260130001A,2017,16236,1,16235,13
CEMADEN,260130001A,2025,9243,398,8845,13
CEMADEN,260130016H,2025,11967,828,11139,13
CEMADEN,260140901A,2017,13749,1,13748,13
CEMADEN,260140901A,2025,7702,31,7671,11
CEMADEN,260140901H,2017,10020,1,10019,10
CEMADEN,260140902A,2017,13619,1,13618,13
CEMADEN,260140902A,2025,10230,818,9412,13
CEMADEN,260140917H,2025,12132,845,11287,13
CEMADEN,260150802A,2017,9037,1,9036,13
CEMADEN,260150802A,2025,12099,821,11278,13
CEMADEN,260170601A,2025,7125,37,7088,13
CEMADEN,260170602A,2025,3695,752,2943,5
CEMADEN,260170603A,2025,3703,755,2948,5
CEMADEN,260170604A,2025,3676,749,2927,5
CEMADEN,260180501A,2025,6572,26,6546,13
CEMADEN,260190401A,2017,10440,1,10439,13
CEMADEN,260190401A,2025,7585,767,6818,13
CEMADEN,260200101A,2025,9706,746,8960,13
CEMADEN,260200101C,2017,4442,1,4441,10
CEMADEN,260210001A,2025,10877,755,10122,13
CEMADEN,260210001C,2017,11532,1,11531,10
CEMADEN,260220901A,2025,11202,781,10421,13
CEMADEN,260220902A,2025,3440,779,2661,5
CEMADEN,260220903A,2025,3420,766,2654,5
CEMADEN,260220904A,2025,4036,780,3256,6
CEMADEN,260230801A,2025,12701,874,11827,13
CEMADEN,260230803A,2025,3592,810,2782,5
CEMADEN,260230804A,2025,4102,827,3275,5
CEMADEN,260230805A,2025,3642,808,2834,5
CEMADEN,260240701C,2017,16192,1,16191,12
CEMADEN,260250601A,2025,6651,29,6622,13
CEMADEN,260260501C,2017,10129,1,10128,10
CEMADEN,260290201G,2025,4506,195,4311,11
CEMADEN,260290202A,2025,12458,891,11567,13
CEMADEN,260290203A,2017,12608,1,12607,13
CEMADEN,260290203A,2025,11975,829,11146,13
CEMADEN,260290204A,2017,11952,1,11951,13
CEMADEN,260290205A,2017,12884,1,12883,13
CEMADEN,260300901A,2017,9300,1,9299,13
CEMADEN,260300901A,2025,9483,758,8725,13
CEMADEN,260300902A,2025,7389,501,6888,11
CEMADEN,260310801A,2017,11530,2,11528,13
CEMADEN,260310801A,2025,9851,765,9086,13
CEMADEN,260320701A,2025,10666,700,9966,13
CEMADEN,260320701C,2017,11516,1,11515,11
CEMADEN,260330601A,2025,6831,33,6798,13
CEMADEN,260340501A,2025,9573,734,8839,13
CEMADEN,260345401A,2017,16087,1,16086,13
CEMADEN,260345401G,2025,11867,835,11032,13
CEMADEN,260345402A,2017,13077,1,13076,13
CEMADEN,260345403A,2017,6442,1,6441,8
CEMADEN,260345404A,2017,14831,1,14830,13
CEMADEN,260345404A,2025,12100,851,11249,13
CEMADEN,260345405A,2017,6775,1,6774,10
CEMADEN,260345405A,2025,2922,123,2799,11
CEMADEN,260345406A,2017,13768,1,13767,13
CEMADEN,260345406A,2025,12201,875,11326,13
CEMADEN,260350401A,2025,11765,826,10939,13
CEMADEN,260360301A,2025,6345,54,6291,11
CEMADEN,260370201A,2025,7587,61,7526,13
CEMADEN,260390001A,2025,9997,733,9264,13
CEMADEN,260392601A,2025,9709,740,8969,13
CEMADEN,260410601A,2017,11688,1,11687,13
CEMADEN,260410601A,2025,6605,39,6566,13
CEMADEN,260410602A,2017,12265,1,12264,13
CEMADEN,260410602A,2025,7631,592,7039,13
CEMADEN,260410603A,2017,11801,12,11789,13
CEMADEN,260410604A,2017,5982,1,5981,9
CEMADEN,260410605A,2017,7061,1,7060,13
CEMADEN,260410605A,2025,5074,33,5041,11
CEMADEN,260410606A,2017,11633,1,11632,13
CEMADEN,260410606A,2025,11419,796,10623,13
CEMADEN,260410607A,2017,12038,1,12037,13
CEMADEN,260415501A,2025,7055,196,6859,11
CEMADEN,260420501A,2017,12966,1,12965,13
CEMADEN,260420502A,2017,8539,1,8538,13
CEMADEN,260420502A,2025,10523,799,9724,13
CEMADEN,260420503A,2017,9623,1,9622,13
CEMADEN,260450201A,2017,15100,1,15099,13
CEMADEN,260450201A,2025,11770,814,10956,13
CEMADEN,260470001A,2017,14046,1,14045,13
CEMADEN,260470001A,2025,5888,158,5730,12
CEMADEN,260480901A,2017,15562,1,15561,13
CEMADEN,260480901A,2025,10446,841,9605,13
CEMADEN,260490801A,2025,10624,748,9876,13
CEMADEN,260510301A,2025,6410,26,6384,13
CEMADEN,260515201A,2025,9736,746,8990,13
CEMADEN,260515201C,2017,3852,1,3851,10
CEMADEN,260520201A,2017,14613,1,14612,13
CEMADEN,260520201A,2025,12091,839,11252,13
CEMADEN,260520202H,2017,13707,1,13706,13
CEMADEN,260530101A,2025,5913,16,5897,13
CEMADEN,260530101C,2017,7072,1,7071,10
CEMADEN,260540001A,2025,4129,333,3796,12
CEMADEN,260545901A,2025,1162,1,1161,11
CEMADEN,260550901A,2025,8075,40,8035,11
CEMADEN,260570701A,2017,9938,1,9937,13
CEMADEN,260570701A,2025,9224,746,8478,13
CEMADEN,260570701C,2017,1520,1,1519,9
CEMADEN,260570702A,2025,9800,736,9064,13
CEMADEN,260580601A,2025,9404,645,8759,13
CEMADEN,260580601C,2017,12081,1,12080,9
CEMADEN,260590501A,2017,12982,1,12981,13
CEMADEN,260590501A,2025,11136,766,10370,13
CEMADEN,260590518H,2025,11888,823,11065,13
CEMADEN,260600201C,2017,11896,1,11895,9
CEMADEN,260600202A,2025,3925,763,3162,5
CEMADEN,260600203A,2025,3953,768,3185,5
CEMADEN,260600204A,2025,3872,766,3106,5
CEMADEN,260620001A,2017,14079,14,14065,13
CEMADEN,260620001A,2025,11578,841,10737,13
CEMADEN,260620002A,2017,12905,1,12904,13
CEMADEN,260620003H,2017,10676,1,10675,10
CEMADEN,260620003H,2025,2994,148,2846,9
CEMADEN,260630901A,2025,6622,52,6570,13
CEMADEN,260640801A,2025,4218,868,3350,6
CEMADEN,260640802A,2025,3652,730,2922,6
CEMADEN,260640803A,2025,3491,756,2735,5
CEMADEN,260650701A,2025,10857,750,10107,13
CEMADEN,260660601A,2017,10106,24,10082,13
CEMADEN,260660601A,2025,6861,748,6113,13
CEMADEN,260670501A,2025,6945,53,6892,13
CEMADEN,260680403A,2017,12734,1,12733,13
CEMADEN,260680403A,2025,11856,874,10982,13
CEMADEN,260680404A,2017,14878,1,14877,13
CEMADEN,260680404A,2025,10512,857,9655,13
CEMADEN,260680405A,2017,12970,1,12969,13
CEMADEN,260680405A,2025,6636,837,5799,10
CEMADEN,260690301A,2025,9844,741,9103,13
CEMADEN,260700001A,2025,9637,733,8904,13
CEMADEN,260710901A,2025,10056,744,9312,13
CEMADEN,260720801A,2017,13786,1,13785,13
CEMADEN,260720801A,2025,11009,816,10193,13
CEMADEN,260720801G,2025,11539,790,10749,13
CEMADEN,260720802A,2017,13973,1,13972,13
CEMADEN,260720803A,2017,12758,1,12757,13
CEMADEN,260720804A,2017,13127,1,13126,13
CEMADEN,260720804A,2025,11284,741,10543,13
CEMADEN,260720805A,2025,11099,782,10317,13
CEMADEN,260730701A,2017,4870,1,4869,8
CEMADEN,260730702A,2017,10069,1,10068,13
CEMADEN,260730702A,2025,10080,766,9314,13
CEMADEN,260730703A,2025,8229,788,7441,12
CEMADEN,260740601A,2025,9898,746,9152,13
CEMADEN,260740601C,2025,9470,745,8725,13
CEMADEN,260750501A,2025,10255,655,9600,13
CEMADEN,260760401A,2025,12419,771,11648,13
CEMADEN,260765301A,2025,8546,98,8448,11
CEMADEN,260770301A,2025,9840,734,9106,13
CEMADEN,260790101A,2025,11943,814,11129,13
CEMADEN,260790102A,2017,14378,1,14377,13
CEMADEN,260790103A,2017,15064,1,15063,13
CEMADEN,260790104A,2017,13494,1,13493,13
CEMADEN,260790104A,2025,1007,173,834,7
CEMADEN,260790104G,2025,4198,122,4076,13
CEMADEN,260790106A,2025,11334,789,10545,13
CEMADEN,260790107A,2017,15218,1,15217,13
CEMADEN,260790108A,2017,14052,1,14051,13
CEMADEN,260790109A,2017,12628,1,12627,13
CEMADEN,260790110A,2017,13173,1,13172,13
CEMADEN,260790115H,2025,12809,853,11956,13
CEMADEN,260790119H,2025,11713,855,10858,13
CEMADEN,260795001A,2017,13475,1,13474,13
CEMADEN,260795001A,2025,10961,655,10306,13
CEMADEN,260795004H,2017,12935,1,12934,13
CEMADEN,260800801A,2025,9989,752,9237,13
CEMADEN,260800801C,2017,6320,1,6319,11
CEMADEN,260800801C,2025,4057,747,3310,7
CEMADEN,260805701A,2025,6139,20,6119,13
CEMADEN,260805701C,2017,8674,1,8673,11
CEMADEN,260810701A,2025,10758,784,9974,13
CEMADEN,260820602A,2025,10353,763,9590,13
CEMADEN,260820603A,2025,4099,824,3275,6
CEMADEN,260825501A,2025,6536,531,6005,13
CEMADEN,260830501A,2025,9100,739,8361,13
CEMADEN,260840401A,2017,14230,1,14229,13
CEMADEN,260840401A,2025,9336,767,8569,13
CEMADEN,260840401C,2017,14212,1,14211,11
CEMADEN,260860201A,2025,11280,799,10481,13
CEMADEN,260870101A,2025,11332,797,10535,13
CEMADEN,260870102A,2025,3141,755,2386,5
CEMADEN,260870103A,2025,3502,782,2720,5
CEMADEN,260875001A,2017,3878,1,3877,8
CEMADEN,260875001A,2025,9642,742,8900,13
CEMADEN,260875001U,2025,9196,750,8446,13
CEMADEN,260875002A,2025,5508,376,5132,13
CEMADEN,260880001A,2017,13402,1,13401,13
CEMADEN,260880001A,2025,4245,39,4206,13
CEMADEN,260890901A,2025,10844,771,10073,13
CEMADEN,260910501A,2025,9271,600,8671,13
CEMADEN,260915401A,2025,11409,746,10663,13
CEMADEN,260915401C,2017,8377,1,8376,9
CEMADEN,260920401A,2017,13167,61,13106,13
CEMADEN,260920401A,2025,11476,794,10682,13
CEMADEN,260920402A,2017,13218,1,13217,13
CEMADEN,260930301A,2025,9131,744,8387,13
CEMADEN,260930301C,2025,8251,770,7481,13
CEMADEN,260940201A,2017,13456,1,13455,13
CEMADEN,260940201A,2025,11644,819,10825,13
CEMADEN,260940202A,2017,11355,2,11353,12
CEMADEN,260940202A,2025,11708,784,10924,13
CEMADEN,260950101A,2017,11829,1,11828,13
CEMADEN,260950102A,2017,11936,1,11935,13
CEMADEN,260950102A,2025,11018,819,10199,13
CEMADEN,260950103A,2017,11268,1,11267,13
CEMADEN,260960001A,2017,17780,1,17779,13
CEMADEN,260960002A,2017,12825,1,12824,13
CEMADEN,260960003A,2017,14404,43,14361,13
CEMADEN,260960004A,2017,15728,45,15683,13
CEMADEN,260960004A,2025,11490,831,10659,13
CEMADEN,260960005A,2017,13581,57,13524,13
CEMADEN,260970901A,2025,5571,143,5428,11
CEMADEN,260970901C,2017,14201,1,14200,10
CEMADEN,260970901C,2025,10496,694,9802,13
CEMADEN,260980801A,2017,4688,1,4687,8
CEMADEN,260980801A,2025,7794,722,7072,12
CEMADEN,260980801C,2017,3735,1,3734,10
CEMADEN,260990701A,2025,6024,26,5998,13
CEMADEN,260990701C,2025,9421,744,8677,13
CEMADEN,261000402A,2017,12852,1,12851,13
CEMADEN,261000402A,2025,7612,78,7534,13
CEMADEN,261000403A,2025,11806,780,11026,13
CEMADEN,261010301A,2025,11874,786,11088,13
CEMADEN,261020201A,2025,11077,782,10295,13
CEMADEN,261030101A,2025,10111,757,9354,13
CEMADEN,261040001A,2025,6488,637,5851,10
CEMADEN,261040001C,2017,6185,1,6184,13
CEMADEN,261040002A,2025,7189,295,6894,13
CEMADEN,261050901A,2025,6218,114,6104,11
CEMADEN,261070702A,2017,12977,1,12976,13
CEMADEN,261070702A,2025,11279,755,10524,13
CEMADEN,261070703A,2017,11667,1,11666,12
CEMADEN,261070703A,2025,2271,143,2128,11
CEMADEN,261070704A,2017,12484,1,12483,13
CEMADEN,261070704A,2025,6270,405,5865,13
CEMADEN,261070705A,2017,14306,1,14305,13
CEMADEN,261070705A,2025,9808,821,8987,13
CEMADEN,261070706A,2017,14082,1,14081,13
CEMADEN,261080601C,2017,10574,1,10573,12
CEMADEN,261090501A,2025,10190,750,9440,13
CEMADEN,261090501C,2025,9657,755,8902,13
CEMADEN,261090502A,2025,3440,745,2695,5
CEMADEN,261090503A,2025,3532,752,2780,5
CEMADEN,261090504A,2025,2780,754,2026,4
CEMADEN,261100201A,2025,9530,734,8796,13
CEMADEN,261110101A,2017,9006,1,9005,13
CEMADEN,261110101C,2017,4392,1,4391,12
CEMADEN,261110101C,2025,9642,757,8885,13
CEMADEN,261110102A,2017,9074,1,9073,13
CEMADEN,261110102A,2025,9745,752,8993,13
CEMADEN,261110103A,2017,9090,1,9089,13
CEMADEN,261110103A,2025,9741,754,8987,13
CEMADEN,261110103C,2017,3349,1,3348,10
CEMADEN,261110104A,2017,8976,1,8975,13
CEMADEN,261110105A,2025,7783,507,7276,11
CEMADEN,261110106A,2025,9232,744,8488,13
CEMADEN,261120001A,2017,11103,1,11102,13
CEMADEN,261120001A,2025,10957,756,10201,13
CEMADEN,261130901A,2017,12271,1,12270,13
CEMADEN,261130901A,2025,10294,762,9532,13
CEMADEN,261140801A,2017,10077,1,10076,13
CEMADEN,261140801A,2025,4881,495,4386,13
CEMADEN,261150701A,2017,14331,1,14330,13
CEMADEN,261150701A,2025,9355,546,8809,13
CEMADEN,261150702A,2017,16966,39,16927,13
CEMADEN,261150702A,2025,7559,234,7325,13
CEMADEN,261150703A,2017,13545,1,13544,13
CEMADEN,261153301A,2025,10222,738,9484,13
CEMADEN,261160601A,2017,13646,1,13645,13
CEMADEN,261160603A,2017,14526,1,14525,13
CEMADEN,261160603G,2025,9991,741,9250,13
CEMADEN,261160604A,2017,13198,1,13197,13
CEMADEN,261160604G,2025,11491,830,10661,13
CEMADEN,261160605A,2017,13176,1,13175,13
CEMADEN,261160605A,2025,11883,842,11041,13
CEMADEN,261160606A,2017,13387,1,13386,13
CEMADEN,261160606G,2025,11503,803,10700,13
CEMADEN,261160607A,2017,13792,1,13791,13
CEMADEN,261160608A,2017,15325,1,15324,13
CEMADEN,261160609A,2017,11653,1,11652,12
CEMADEN,261160609A,2025,12975,799,12176,13
CEMADEN,261160610A,2017,5388,1,5387,7
CEMADEN,261160612A,2025,11247,727,10520,13
CEMADEN,261160613A,2017,5219,1,5218,7
CEMADEN,261160613A,2025,226,29,197,9
CEMADEN,261160614A,2017,12710,1,12709,13
CEMADEN,261160614A,2025,10752,812,9940,13
CEMADEN,261160615A,2017,14053,1,14052,13
CEMADEN,261160616A,2017,13883,1,13882,12
CEMADEN,261160616G,2025,11528,816,10712,13
CEMADEN,261160617A,2017,13804,1,13803,13
CEMADEN,261160617A,2025,10006,744,9262,13
CEMADEN,261160618A,2017,11980,1,11979,13
CEMADEN,261160618A,2025,11610,828,10782,13
CEMADEN,261160619A,2017,12132,1,12131,13
CEMADEN,261160620A,2017,13620,1,13619,13
CEMADEN,261160620A,2025,4660,438,4222,13
CEMADEN,261160621A,2017,13161,1,13160,13
CEMADEN,261160622A,2017,12371,1,12370,13
CEMADEN,261160623A,2025,9597,375,9222,13
CEMADEN,261170501A,2025,9452,627,8825,13
CEMADEN,261180401A,2017,12957,1,12956,13
CEMADEN,261180401A,2025,11798,821,10977,13
CEMADEN,261180402A,2025,5550,28,5522,12
CEMADEN,261190301A,2017,15559,62,15497,13
CEMADEN,261190302A,2017,5332,1,5331,11
CEMADEN,261190303A,2025,10532,641,9891,13
CEMADEN,261200001A,2017,15156,1,15155,13
CEMADEN,261200001A,2025,36743,2198,34545,13
CEMADEN,261210901A,2025,9064,277,8787,13
CEMADEN,261210901C,2017,13910,1,13909,10
CEMADEN,261230701A,2025,7531,766,6765,13
CEMADEN,261240601A,2017,11065,1,11064,13
CEMADEN,261240601A,2025,9235,735,8500,13
CEMADEN,261240601C,2017,12376,1,12375,12
CEMADEN,261247101A,2025,9650,707,8943,13
CEMADEN,261250501A,2025,6690,13,6677,13
CEMADEN,261250501U,2025,8153,340,7813,12
CEMADEN,261255401A,2025,9540,753,8787,13
CEMADEN,261260401C,2025,9768,747,9021,13
CEMADEN,261270301A,2025,10480,763,9717,13
CEMADEN,261280201A,2025,10222,741,9481,13
CEMADEN,261290101A,2017,13997,1,13996,13
CEMADEN,261290101A,2025,11541,800,10741,13
CEMADEN,261300801C,2017,12488,1,12487,9
CEMADEN,261300801C,2025,3539,672,2867,7
CEMADEN,261310701A,2025,5674,11,5663,10
CEMADEN,261310702A,2025,3622,763,2859,5
CEMADEN,261310703A,2025,3719,753,2966,5
CEMADEN,261320601A,2025,10921,736,10185,13
CEMADEN,261330501A,2017,14431,1,14430,13
CEMADEN,261330501U,2025,6213,312,5901,11
CEMADEN,261340401A,2025,10241,624,9617,13
CEMADEN,261350301A,2025,8630,721,7909,11
CEMADEN,261350302A,2025,9852,707,9145,13
CEMADEN,261360201C,2017,6203,1,6202,10
CEMADEN,261370101A,2017,13466,1,13465,13
CEMADEN,261370101A,2025,11461,866,10595,13
CEMADEN,261370102A,2017,14008,1,14007,13
CEMADEN,261370103A,2017,14056,1,14055,13
CEMADEN,261370103A,2025,8173,389,7784,12
CEMADEN,261370104A,2025,11934,847,11087,13
CEMADEN,261380001A,2025,8474,366,8108,13
CEMADEN,261380002A,2025,3967,776,3191,6
CEMADEN,261390901C,2025,2790,711,2079,4
CEMADEN,261390902A,2025,2744,597,2147,5
CEMADEN,261390903A,2025,3243,740,2503,5
CEMADEN,261390904A,2025,3206,731,2475,5
CEMADEN,261400601A,2025,5922,14,5908,13
CEMADEN,261400601U,2017,5287,1,5286,13
CEMADEN,261410501A,2025,10102,741,9361,13
CEMADEN,261410501C,2017,7522,1,7521,12
CEMADEN,261410502A,2025,3467,739,2728,5
CEMADEN,261410503A,2025,3469,738,2731,5
CEMADEN,261410504A,2025,3423,737,2686,5
CEMADEN,261420401A,2017,12386,1,12385,13
CEMADEN,261420401A,2025,6384,271,6113,13
CEMADEN,261440201A,2025,10167,744,9423,13
CEMADEN,261450101A,2025,10526,752,9774,13
CEMADEN,261460001A,2025,5543,17,5526,12
CEMADEN,261470901A,2017,11268,1,11267,13
CEMADEN,261470902A,2025,10512,752,9760,13
CEMADEN,261470903A,2025,3725,758,2967,5
CEMADEN,261470904A,2025,3714,755,2959,5
CEMADEN,261480801A,2025,10566,723,9843,13
CEMADEN,261480801C,2025,3178,30,3148,13
CEMADEN,261485701A,2025,11470,826,10644,13
CEMADEN,261485702A,2025,11390,783,10607,13
CEMADEN,261500301A,2025,8919,294,8625,13
CEMADEN,261500301C,2025,4228,745,3483,6
CEMADEN,261510201A,2025,11626,781,10845,13
CEMADEN,261520101A,2025,9914,747,9167,13
CEMADEN,261520102A,2025,8871,733,8138,13
CEMADEN,261540901A,2025,8076,274,7802,13
CEMADEN,261570601A,2025,8849,366,8483,13
CEMADEN,261580501A,2025,10938,748,10190,13
CEMADEN,261580501C,2017,13429,1,13428,10
CEMADEN,261590401A,2025,6100,21,6079,13
CEMADEN,261590401C,2017,3203,1,3202,8
CEMADEN,261590401C,2025,8080,734,7346,13
CEMADEN,261600101C,2017,10894,1,10893,13
CEMADEN,261610001A,2025,9834,769,9065,13
CEMADEN,261618301A,2025,5604,17,5587,11
CEMADEN,261618301C,2017,9613,1,9612,9
CEMADEN,261618301C,2025,3597,742,2855,6
CEMADEN,261630801A,2017,12027,1,12026,13
CEMADEN,261630801A,2025,9489,815,8674,12
CEMADEN,261640702A,2017,11430,1,11429,13
CEMADEN,261640702A,2025,9028,158,8870,13
CEMADEN,261640703A,2017,10630,1,10629,13
CEMADEN,261640703A,2025,10241,744,9497,13
CEMADEN,261640704A,2017,12125,4,12121,13
CEMADEN,261640704A,2025,11036,773,10263,13
CEMADEN,261650601A,2017,13247,1,13246,13
CEMADEN,261650601A,2025,11812,779,11033,13
