fonte_dados,cod_estacao,nome_estacao,ano,datahora_local,precipitacao_mm,arquivo_origem
CEMADEN,260820602A,JOAQUIM NABUCO - APAC,2022,2022-10-06T18:00:00Z,13105.58,data(75).csv
CEMADEN,260100301A,ANGELIM - APAC,2019,2019-11-19T05:10:00Z,6901.58,data(40).csv
CEMADEN,260100301A,ANGELIM - APAC,2019,2019-11-19T06:00:00Z,6901.58,data(40).csv
CEMADEN,260100301A,ANGELIM - APAC,2019,2019-11-19T19:20:00Z,6901.58,data(40).csv
CEMADEN,260100301A,ANGELIM - APAC,2019,2019-11-19T23:40:00Z,6901.58,data(40).csv
CEMADEN,260005402A,ABREU E LIMA - APAC,2019,2019-05-02T17:10:00Z,2452.77,data(34).csv
CEMADEN,261070707A,PAULISTA - APAC,2019,2019-07-05T11:30:00Z,1869.53,data(36).csv
CEMADEN,261190303A,RIO FORMOSO - APAC,2025,2025-10-07T18:40:00Z,859.55,data(111).csv
CEMADEN,261160610A,Alto Mandu,2020,2020-06-03T16:20:00Z,728.22,data(47).csv
CEMADEN,260030201A,AGRESTINA - APAC,2019,2019-05-21T12:00:00Z,724.86,data(34).csv
CEMADEN,261580501A,TUPANATINGA - APAC,2020,2020-06-02T17:50:00Z,686.47,data(47).csv
CEMADEN,260040101A,Bairro D´Ouro,2020,2020-05-20T17:20:00Z,635.48,data(46).csv
CEMADEN,260515201A,LAGOAS - APAC,2021,2021-08-30T19:20:00Z,614.29,data(61).csv
CEMADEN,260790103A,Cavaleiro,2018,2018-04-26T20:00:00Z,597.72,data(21).csv
CEMADEN,261370105A,SAO LOURENCO DA MATA - APAC,2018,2018-04-27T12:40:00Z,504.57,data(21).csv
CEMADEN,260415501A,CASINHAS - APAC,2023,2023-07-19T19:50:00Z,467.43,data(84).csv
CEMADEN,260790102A,Cavaleiro 2,2021,2021-09-22T12:10:00Z,431.56,data(62).csv
CEMADEN,260790102A,Cavaleiro 2,2021,2021-09-18T12:10:00Z,431.35,data(62).csv
CEMADEN,261160601A,Varzea,2023,2023-12-30T18:00:00Z,429.67,data(89).csv
CEMADEN,261000402A,Japaranduba,2018,2018-04-25T14:20:00Z,424.22,data(21).csv
CEMADEN,260960001A,Águas Compridas,2019,2019-08-01T19:20:00Z,401.14,data(37).csv
CEMADEN,260140902A,Hospital Municipal,2022,2022-03-19T15:10:00Z,381.21,data(68).csv
CEMADEN,260360301A,CAMUTANGA - APAC,2022,2022-03-25T17:20:00Z,294.35,data(68).csv
CEMADEN,260620001A,Estádio Municipal,2022,2022-06-06T20:50:00Z,264,data(71).csv
CEMADEN,261160607A,Alto do Céu,2022,2022-03-18T16:20:00Z,255.54,data(68).csv
CEMADEN,260420502A,Canaã,2017,2017-05-22T09:20:00Z,254.91,data(10).csv
CEMADEN,260105201A,ARACOIABA - APAC,2024,2024-06-25T09:40:00Z,253.44,data(95).csv
CEMADEN,261640704A,Livramento,2022,2022-03-07T18:30:00Z,250.5,data(68).csv
CEMADEN,261160607A,Alto do Céu,2023,2023-12-12T08:30:00Z,242.53,data(89).csv
CEMADEN,260820602A,JOAQUIM NABUCO - APAC,2022,2022-12-21T23:20:00Z,242.11,data(77).csv
CEMADEN,261160607A,Alto do Céu,2023,2023-11-16T05:40:00Z,228.68,data(88).csv
CEMADEN,261540901A,TORITAMA - APAC,2021,2021-08-14T15:10:00Z,228.47,data(61).csv
CEMADEN,261160607A,Alto do Céu,2023,2023-11-16T11:50:00Z,228.26,data(88).csv
CEMADEN,261160607A,Alto do Céu,2023,2023-11-19T05:20:00Z,228.26,data(88).csv
CEMADEN,261000403A,SANTO ANTÔNIO DOS PALMARES - APAC,2022,2022-04-07T15:20:00Z,225.33,data(69).csv
CEMADEN,260950101A,Engenho Coqueiro,2023,2023-03-03T10:40:00Z,218.19,data(80).csv
CEMADEN,260790102A,Cavaleiro 2,2022,2022-01-18T15:50:00Z,215.88,data(66).csv
CEMADEN,260790102A,Cavaleiro 2,2022,2022-01-25T12:20:00Z,215.88,data(66).csv
CEMADEN,260790102A,Cavaleiro 2,2021,2021-10-15T12:10:00Z,215.67,data(63).csv
CEMADEN,260790102A,Cavaleiro 2,2021,2021-10-16T12:10:00Z,215.67,data(63).csv
CEMADEN,260790102A,Cavaleiro 2,2021,2021-10-17T12:10:00Z,215.67,data(63).csv
CEMADEN,260790102A,Cavaleiro 2,2021,2021-10-18T12:10:00Z,215.67,data(63).csv
CEMADEN,260790102A,Cavaleiro 2,2021,2021-10-20T12:10:00Z,215.67,data(63).csv
CEMADEN,260790102A,Cavaleiro 2,2021,2021-10-25T12:10:00Z,215.67,data(63).csv
CEMADEN,260790102A,Cavaleiro 2,2021,2021-11-26T12:30:00Z,215.67,data(64).csv
CEMADEN,260790102A,Cavaleiro 2,2021,2021-12-02T13:00:00Z,215.67,data(65).csv
CEMADEN,260790102A,Cavaleiro 2,2021,2021-12-05T12:10:00Z,215.67,data(65).csv
CEMADEN,260790102A,Cavaleiro 2,2021,2021-12-18T12:20:00Z,215.67,data(65).csv
CEMADEN,260790102A,Cavaleiro 2,2021,2021-12-23T12:10:00Z,215.67,data(65).csv
CEMADEN,260790102A,Cavaleiro 2,2022,2022-01-16T12:30:00Z,215.67,data(66).csv
CEMADEN,260790102A,Cavaleiro 2,2022,2022-01-18T14:30:00Z,215.67,data(66).csv
CEMADEN,260790102A,Cavaleiro 2,2022,2022-01-22T15:00:00Z,215.67,data(66).csv
CEMADEN,260790102A,Cavaleiro 2,2021,2021-10-03T12:10:00Z,214.84,data(63).csv
CEMADEN,261160607A,Alto do Céu,2023,2023-11-19T11:50:00Z,214.84,data(88).csv
CEMADEN,260490801A,CUMARU - APAC,2021,2021-08-05T14:30:00Z,214.21,data(61).csv
CEMADEN,260410602A,Cidade Jardim,2017,2017-05-29T10:10:00Z,213.58,data(10).csv
CEMADEN,260960003A,Bonsucesso,2023,2023-10-10T17:40:00Z,205.8,data(87).csv
CEMADEN,260960003A,Bonsucesso,2023,2023-10-13T16:40:00Z,205.6,data(87).csv
CEMADEN,260790101A,Muribeca,2024,2024-01-15T18:50:00Z,199.73,data(90).csv
CEMADEN,260140902A,Hospital Municipal,2022,2022-04-07T10:50:00Z,194.48,data(69).csv
CEMADEN,261160601A,Varzea,2019,2019-06-14T03:10:00Z,194.06,data(35).csv
CEMADEN,260960001A,Águas Compridas,2019,2019-06-15T17:30:00Z,191.34,data(35).csv
CEMADEN,260345404A,Jardim Primavera,2024,2024-04-21T09:10:00Z,180.01,data(93).csv
CEMADEN,261010301A,PALMEIRINA - APAC,2025,2025-03-11T15:40:00Z,176.65,data(104).csv
CEMADEN,260750501A,ITAIBA - APAC,2022,2022-09-11T04:00:00Z,172.25,data(74).csv
CEMADEN,261520101A,GUARANI - APAC,2020,2020-02-17T19:50:00Z,165.74,data(43).csv
CEMADEN,260700001A,Inajá [Estádio Municipal] - APAC,2024,2024-01-30T12:30:00Z,164.48,data(90).csv
CEMADEN,260875001A,Jutaí,2021,2021-03-12T17:10:00Z,163.85,data(56).csv
CEMADEN,261160605A,Nova Descoberta,2023,2023-04-29T17:10:00Z,161.55,data(81).csv
CEMADEN,261160605A,Nova Descoberta,2023,2023-05-06T18:20:00Z,159.03,data(82).csv
CEMADEN,261160605A,Nova Descoberta,2023,2023-04-20T18:20:00Z,148.54,data(81).csv
CEMADEN,261160605A,Nova Descoberta,2023,2023-04-24T18:00:00Z,146.23,data(81).csv
CEMADEN,261160605A,Nova Descoberta,2023,2023-04-29T17:00:00Z,143.5,data(81).csv
CEMADEN,260345401A,Timbi,2017,2017-05-10T00:30:00Z,142.87,data(10).csv
CEMADEN,261160605A,Nova Descoberta,2023,2023-05-01T18:00:00Z,139.1,data(82).csv
INMET,82886,CABROBO,2022,2022-11-04T12:00:00Z,134.4,dados_82886_H_2017-01-01_2025-07-01.csv
CEMADEN,260765302A,CARICÉ - APAC,2024,2024-03-12T14:10:00Z,124.2,data(92).csv
CEMADEN,260150802A,Batateiras,2017,2017-05-24T11:40:00Z,123.99,data(10).csv
CEMADEN,260540001A,FEIRA NOVA - APAC,2025,2025-05-22T02:40:00Z,123.36,data(106).csv
CEMADEN,260345403A,Bairro dos Estados,2022,2022-03-03T09:00:00Z,121.68,data(68).csv
CEMADEN,260440301A,CHA DE ALEGRIA - APAC,2024,2024-04-21T14:00:00Z,121.68,data(93).csv
INMET,82753,OURICURI,2020,2020-02-06T12:00:00Z,121.4,dados_82753_H_2017-01-01_2025-12-31.csv
CEMADEN,260230802A,BONITO 2 - APAC,2023,2023-08-01T12:30:00Z,120.22,data(85).csv
CEMADEN,261580501A,TUPANATINGA - APAC,2024,2024-05-15T12:50:00Z,120.01,data(94).csv
CEMADEN,260540001A,FEIRA NOVA - APAC,2024,2024-01-02T10:10:00Z,117.91,data(90).csv
CEMADEN,260960003A,Bonsucesso,2024,2024-08-23T15:30:00Z,116.44,data(97).csv
CEMADEN,261160607A,Alto do Céu,2023,2023-09-01T11:40:00Z,113.92,data(86).csv
CEMADEN,260090601A,AMARAJI - APAC,2024,2024-02-27T17:10:00Z,113.71,data(91).csv
CEMADEN,261050901A,PASSIRA  - APAC,2024,2024-04-17T04:20:00Z,110.35,data(93).csv
INMET,82900,RECIFE (CURADO),2019,2019-06-13T18:00:00Z,107.7,dados_82900_H_2017-01-01_2020-08-31.csv
CEMADEN,261160605A,Nova Descoberta,2023,2023-04-24T11:30:00Z,106.37,data(81).csv
INMET,82886,CABROBO,2022,2022-11-30T00:00:00Z,106.2,dados_82886_H_2017-01-01_2025-07-01.csv
CEMADEN,260960004A,Jardim Fragoso,2021,2021-03-03T11:40:00Z,105.95,data(56).csv
CEMADEN,261160605A,Nova Descoberta,2023,2023-04-27T18:00:00Z,102.8,data(81).csv
CEMADEN,261010301A,PALMEIRINA - APAC,2025,2025-03-11T15:10:00Z,98.82,data(104).csv
CEMADEN,261010301A,PALMEIRINA - APAC,2025,2025-03-11T16:10:00Z,96.3,data(104).csv
CEMADEN,261160605A,Nova Descoberta,2023,2023-04-27T18:40:00Z,96.09,data(81).csv
CEMADEN,261160605A,Nova Descoberta,2023,2023-04-25T11:40:00Z,95.88,data(81).csv
CEMADEN,261160605A,Nova Descoberta,2023,2023-04-28T17:30:00Z,95.46,data(81).csv
CEMADEN,261010301A,PALMEIRINA - APAC,2025,2025-03-11T16:20:00Z,95.25,data(104).csv
CEMADEN,261160605A,Nova Descoberta,2023,2023-04-29T16:50:00Z,91.26,data(81).csv
INMET,A370,SALGUEIRO,2019,2019-02-16T09:00:00Z,90,dados_A370_H_2017-09-14_2025-12-31.csv
CEMADEN,261010301A,PALMEIRINA - APAC,2025,2025-03-11T16:30:00Z,89.58,data(104).csv
INMET,A351,FLORESTA,2017,2017-03-18T14:00:00Z,88.2,dados_A351_H_2017-01-01_2025-12-31.csv
CEMADEN,261010301A,PALMEIRINA - APAC,2025,2025-03-11T16:40:00Z,87.49,data(104).csv
CEMADEN,261160616A,Várzea,2018,2018-05-01T09:10:00Z,87.07,data(22).csv
CEMADEN,260825501A,JUCATI - APAC,2019,2019-11-12T18:40:00Z,85.81,data(40).csv
CEMADEN,261160605A,Nova Descoberta,2023,2023-04-25T19:00:00Z,85.39,data(81).csv
CEMADEN,261010301A,PALMEIRINA - APAC,2025,2025-03-11T15:50:00Z,85.18,data(104).csv
CEMADEN,261160605A,Nova Descoberta,2023,2023-04-24T18:40:00Z,83.5,data(81).csv
CEMADEN,260460101A,CONDADO - APAC,2025,2025-08-31T10:30:00Z,83.29,data(109).csv
CEMADEN,261160618A,Torreão,2019,2019-06-16T23:40:00Z,82.45,data(35).csv
INMET,82797,SURUBIM,2020,2020-06-20T12:00:00Z,81.8,dados_82797_H_2017-01-01_2025-12-31.csv
INMET,82753,OURICURI,2019,2019-11-26T12:00:00Z,81.6,dados_82753_H_2017-01-01_2025-12-31.csv
INMET,82753,OURICURI,2017,2017-02-10T12:00:00Z,81.1,dados_82753_H_2017-01-01_2025-12-31.csv
CEMADEN,261160605A,Nova Descoberta,2023,2023-04-24T18:10:00Z,80.77,data(81).csv
CEMADEN,260345401A,Timbi,2017,2017-06-03T21:30:00Z,79.51,data(11).csv
CEMADEN,261000402A,Japaranduba,2024,2024-02-27T12:20:00Z,79.09,data(91).csv
CEMADEN,261160605A,Nova Descoberta,2023,2023-04-20T11:40:00Z,78.05,data(81).csv
CEMADEN,260610101A,APODI - APAC,2018,2018-03-22T17:30:00Z,77.63,data(20).csv
CEMADEN,261370101A,Chã da Tábua,2022,2022-11-11T13:30:00Z,77.63,data(76).csv
INMET,82900,RECIFE (CURADO),2019,2019-07-24T12:00:00Z,77.6,dados_82900_H_2017-01-01_2020-08-31.csv
CEMADEN,261010301A,PALMEIRINA - APAC,2025,2025-03-11T16:00:00Z,77.21,data(104).csv
INMET,82890,ARCO VERDE,2019,2019-03-24T12:00:00Z,77,dados_82890_H_2017-01-01_2025-12-31.csv
INMET,82753,OURICURI,2021,2021-04-14T12:00:00Z,76.6,dados_82753_H_2017-01-01_2025-12-31.csv
INMET,82797,SURUBIM,2018,2018-04-13T12:00:00Z,76.2,dados_82797_H_2017-01-01_2025-12-31.csv
INMET,82797,SURUBIM,2020,2020-06-19T18:00:00Z,76.2,dados_82797_H_2017-01-01_2025-12-31.csv
CEMADEN,261140801A,Residencial Primavera,2025,2025-06-20T09:30:00Z,75.32,data(107).csv
INMET,82886,CABROBO,2023,2023-05-15T12:00:00Z,75.2,dados_82886_H_2017-01-01_2025-07-01.csv
CEMADEN,261170501A,RIACHO DAS ALMAS - APAC,2020,2020-01-23T17:10:00Z,75.11,data(42).csv
INMET,82753,OURICURI,2018,2018-12-18T00:00:00Z,75,dados_82753_H_2017-01-01_2025-12-31.csv
INMET,82890,ARCO VERDE,2020,2020-03-25T12:00:00Z,75,dados_82890_H_2017-01-01_2025-12-31.csv
CEMADEN,261400601A,IPUEIRA - APAC,2019,2019-04-05T07:40:00Z,74.69,data(33).csv
CEMADEN,260620002A,Centro,2022,2022-05-24T19:10:00Z,74,data(70).csv
INMET,82753,OURICURI,2021,2021-04-22T12:00:00Z,73,dados_82753_H_2017-01-01_2025-12-31.csv
INMET,82900,RECIFE (CURADO),2020,2020-04-24T18:00:00Z,72.1,dados_82900_H_2017-01-01_2020-08-31.csv
INMET,82900,RECIFE (CURADO),2017,2017-05-31T12:00:00Z,72,dados_82900_H_2017-01-01_2020-08-31.csv
CEMADEN,261010301A,PALMEIRINA - APAC,2025,2025-03-11T18:30:00Z,71.33,data(104).csv
CEMADEN,261010301A,PALMEIRINA - APAC,2025,2025-03-11T18:00:00Z,70.7,data(104).csv
CEMADEN,261010301A,PALMEIRINA - APAC,2025,2025-03-11T19:10:00Z,70.7,data(104).csv
INMET,82797,SURUBIM,2020,2020-03-19T00:00:00Z,70.4,dados_82797_H_2017-01-01_2025-12-31.csv
INMET,82886,CABROBO,2020,2020-04-23T12:00:00Z,70.2,dados_82886_H_2017-01-01_2025-07-01.csv
CEMADEN,261010301A,PALMEIRINA - APAC,2025,2025-03-11T19:00:00Z,69.86,data(104).csv
CEMADEN,261160605A,Nova Descoberta,2023,2023-04-17T17:40:00Z,69.86,data(81).csv
INMET,A329,CABROBO,2022,2022-11-04T06:00:00Z,69.6,dados_A329_H_2017-01-01_2025-12-31.csv
CEMADEN,260960003A,Bonsucesso,2024,2024-07-07T16:00:00Z,69.44,data(96).csv
INMET,82753,OURICURI,2019,2019-03-22T12:00:00Z,69.4,dados_82753_H_2017-01-01_2025-12-31.csv
INMET,82890,ARCO VERDE,2021,2021-04-15T00:00:00Z,69.4,dados_82890_H_2017-01-01_2025-12-31.csv
CEMADEN,260130001A,Centro,2025,2025-06-09T18:50:00Z,69.02,data(107).csv
CEMADEN,261430301A,MOREILANDIA - APAC,2021,2021-04-22T12:30:00Z,68.6,data(57).csv
CEMADEN,261010301A,PALMEIRINA - APAC,2025,2025-03-11T17:50:00Z,68.39,data(104).csv
CEMADEN,261160605A,Nova Descoberta,2023,2023-05-03T18:30:00Z,68.39,data(82).csv
CEMADEN,261160605A,Nova Descoberta,2023,2023-04-17T18:20:00Z,68.19,data(81).csv
CEMADEN,261160605A,Nova Descoberta,2023,2023-04-28T17:00:00Z,68.19,data(81).csv
CEMADEN,261160605A,Nova Descoberta,2023,2023-05-02T11:40:00Z,67.98,data(82).csv
INMET,82797,SURUBIM,2018,2018-03-01T00:00:00Z,67.8,dados_82797_H_2017-01-01_2025-12-31.csv
CEMADEN,261010301A,PALMEIRINA - APAC,2025,2025-03-11T18:20:00Z,67.56,data(104).csv
CEMADEN,261160605A,Nova Descoberta,2023,2023-04-20T18:50:00Z,67.56,data(81).csv
CEMADEN,261010301A,PALMEIRINA - APAC,2025,2025-03-11T17:20:00Z,67.35,data(104).csv
CEMADEN,261010301A,PALMEIRINA - APAC,2025,2025-03-11T17:00:00Z,66.93,data(104).csv
CEMADEN,261010301A,PALMEIRINA - APAC,2025,2025-03-11T18:10:00Z,66.72,data(104).csv
INMET,82900,RECIFE (CURADO),2020,2020-06-14T12:00:00Z,66.7,dados_82900_H_2017-01-01_2020-08-31.csv
INMET,A349,IBIMIRIM,2020,2020-02-03T09:00:00Z,66.4,dados_A349_H_2017-01-01_2025-12-31.csv
CEMADEN,261010301A,PALMEIRINA - APAC,2025,2025-03-11T16:50:00Z,66.3,data(104).csv
CEMADEN,261010301A,PALMEIRINA - APAC,2025,2025-03-11T18:40:00Z,66.09,data(104).csv
CEMADEN,261010301A,PALMEIRINA - APAC,2025,2025-03-11T17:30:00Z,65.67,data(104).csv
CEMADEN,261010301A,PALMEIRINA - APAC,2025,2025-03-11T17:40:00Z,65.67,data(104).csv
CEMADEN,260795001A,jaqueira01,2025,2025-05-28T15:20:00Z,65.46,data(106).csv
CEMADEN,261010301A,PALMEIRINA - APAC,2025,2025-03-11T18:50:00Z,65.46,data(104).csv
INMET,82890,ARCO VERDE,2020,2020-03-30T00:00:00Z,65.4,dados_82890_H_2017-01-01_2025-12-31.csv
CEMADEN,261010301A,PALMEIRINA - APAC,2025,2025-03-11T17:10:00Z,65.04,data(104).csv
CEMADEN,261160605A,Nova Descoberta,2023,2023-04-27T18:50:00Z,64.83,data(81).csv
CEMADEN,260620002A,Centro,2022,2022-05-24T17:20:00Z,64.4,data(70).csv
INMET,82886,CABROBO,2021,2021-02-27T12:00:00Z,64.4,dados_82886_H_2017-01-01_2025-07-01.csv
INMET,82900,RECIFE (CURADO),2019,2019-06-13T12:00:00Z,64,dados_82900_H_2017-01-01_2020-08-31.csv
INMET,82753,OURICURI,2018,2018-03-31T12:00:00Z,63.8,dados_82753_H_2017-01-01_2025-12-31.csv
CEMADEN,261160605A,Nova Descoberta,2023,2023-04-23T19:00:00Z,63.57,data(81).csv
CEMADEN,261160605A,Nova Descoberta,2023,2023-05-03T16:20:00Z,63.57,data(82).csv
INMET,82753,OURICURI,2017,2017-11-14T12:00:00Z,63.2,dados_82753_H_2017-01-01_2025-12-31.csv
INMET,82886,CABROBO,2022,2022-03-28T12:00:00Z,63.2,dados_82886_H_2017-01-01_2025-07-01.csv
CEMADEN,261010301A,PALMEIRINA - APAC,2025,2025-03-11T19:20:00Z,63.15,data(104).csv
CEMADEN,260620002A,Centro,2022,2022-05-24T19:20:00Z,62.2,data(70).csv
INMET,82890,ARCO VERDE,2018,2018-02-23T12:00:00Z,62.2,dados_82890_H_2017-01-01_2025-12-31.csv
INMET,82900,RECIFE (CURADO),2020,2020-03-16T12:00:00Z,61.1,dados_82900_H_2017-01-01_2020-08-31.csv
INMET,82886,CABROBO,2021,2021-12-27T12:00:00Z,61,dados_82886_H_2017-01-01_2025-07-01.csv
INMET,82900,RECIFE (CURADO),2017,2017-05-29T12:00:00Z,60.8,dados_82900_H_2017-01-01_2020-08-31.csv
CEMADEN,260960003A,Bonsucesso,2024,2024-08-12T15:40:00Z,60.63,data(97).csv
CEMADEN,260960003A,Bonsucesso,2024,2024-08-12T15:50:00Z,60.63,data(97).csv
CEMADEN,260960003A,Bonsucesso,2024,2024-08-13T15:40:00Z,60.63,data(97).csv
CEMADEN,260345404A,Jardim Primavera,2024,2024-04-29T10:00:00Z,60.42,data(93).csv
CEMADEN,260410608A,CARUARU - APAC,2020,2020-01-22T14:50:00Z,59.79,data(42).csv
INMET,82983,PETROLINA,2021,2021-04-23T12:00:00Z,59.4,dados_82983_H_2017-01-01_2025-12-31.csv
CEMADEN,261160605A,Nova Descoberta,2023,2023-05-01T17:30:00Z,59.37,data(82).csv
CEMADEN,260790104A,Prazeres,2025,2025-10-02T10:30:00Z,58.53,data(111).csv
CEMADEN,261160605A,Nova Descoberta,2023,2023-04-25T19:10:00Z,58.32,data(81).csv
CEMADEN,260795004H,Rio Una,2025,2025-02-02T18:30:00Z,58.2,data(103).csv
CEMADEN,261160605A,Nova Descoberta,2023,2023-04-29T17:20:00Z,58.11,data(81).csv
CEMADEN,261160605A,Nova Descoberta,2023,2023-04-16T14:20:00Z,57.69,data(81).csv
CEMADEN,260960003A,Bonsucesso,2024,2024-08-13T16:00:00Z,57.49,data(97).csv
CEMADEN,260960003A,Bonsucesso,2024,2024-08-11T16:00:00Z,57.28,data(97).csv
CEMADEN,260960003A,Bonsucesso,2024,2024-08-16T16:00:00Z,57.07,data(97).csv
CEMADEN,261010301A,PALMEIRINA - APAC,2025,2025-03-11T19:30:00Z,57.07,data(104).csv
INMET,82753,OURICURI,2018,2018-12-24T12:00:00Z,57,dados_82753_H_2017-01-01_2025-12-31.csv
CEMADEN,261420401A,Centro,2025,2025-01-30T12:20:00Z,56.86,data(102).csv
INMET,82900,RECIFE (CURADO),2017,2017-04-13T12:00:00Z,56,dados_82900_H_2017-01-01_2020-08-31.csv
CEMADEN,261160605A,Nova Descoberta,2023,2023-04-24T18:20:00Z,55.81,data(81).csv
CEMADEN,260960003A,Bonsucesso,2024,2024-08-07T15:40:00Z,55.6,data(97).csv
CEMADEN,260960003A,Bonsucesso,2024,2024-08-06T15:50:00Z,54.97,data(97).csv
CEMADEN,260960003A,Bonsucesso,2024,2024-08-06T16:00:00Z,54.76,data(97).csv
INMET,A349,IBIMIRIM,2019,2019-11-26T09:00:00Z,54.4,dados_A349_H_2017-01-01_2025-12-31.csv
CEMADEN,260040101A,Bairro D´Ouro,2025,2025-06-27T21:10:00Z,54.13,data(107).csv
INMET,82890,ARCO VERDE,2021,2021-04-15T12:00:00Z,54,dados_82890_H_2017-01-01_2025-12-31.csv
CEMADEN,260960003A,Bonsucesso,2024,2024-08-06T15:40:00Z,53.92,data(97).csv
CEMADEN,261160605A,Nova Descoberta,2023,2023-04-17T18:10:00Z,53.92,data(81).csv
INMET,82893,GARANHUNS,2017,2017-05-28T12:00:00Z,53.5,dados_82893_H_2017-01-01_2022-11-11.csv
CEMADEN,260795004H,Rio Una,2025,2025-02-27T11:20:00Z,53.2,data(103).csv
INMET,82753,OURICURI,2021,2021-04-23T12:00:00Z,52.8,dados_82753_H_2017-01-01_2025-12-31.csv
INMET,82900,RECIFE (CURADO),2020,2020-04-26T12:00:00Z,52.6,dados_82900_H_2017-01-01_2020-08-31.csv
CEMADEN,261080601A,PEDRA - APAC,2020,2020-06-09T16:40:00Z,52.24,data(47).csv
INMET,82797,SURUBIM,2020,2020-06-15T12:00:00Z,52.2,dados_82797_H_2017-01-01_2025-12-31.csv
INMET,82797,SURUBIM,2017,2017-07-21T12:00:00Z,52,dados_82797_H_2017-01-01_2025-12-31.csv
INMET,82886,CABROBO,2020,2020-02-06T12:00:00Z,52,dados_82886_H_2017-01-01_2025-07-01.csv
INMET,82983,PETROLINA,2021,2021-01-13T12:00:00Z,52,dados_82983_H_2017-01-01_2025-12-31.csv
INMET,82893,GARANHUNS,2017,2017-05-25T12:00:00Z,51.8,dados_82893_H_2017-01-01_2022-11-11.csv
INMET,82789,TRIUNFO,2017,2017-04-06T12:00:00Z,51.2,dados_82789_H_2017-01-01_2018-03-28.csv
CEMADEN,260875001A,Jutaí,2020,2020-06-25T10:30:00Z,51.19,data(47).csv
CEMADEN,260620002A,Centro,2022,2022-05-24T21:00:00Z,50.8,data(70).csv
CEMADEN,261070705A,Janga2,2017,2017-07-05T07:20:00Z,50.77,data(12).csv
CEMADEN,260790103A,Cavaleiro,2024,2024-02-24T10:50:00Z,50.35,data(91).csv
CEMADEN,261050901A,PASSIRA  - APAC,2025,2025-10-02T11:20:00Z,50.35,data(111).csv
INMET,82983,PETROLINA,2017,2017-02-21T12:00:00Z,50,dados_82983_H_2017-01-01_2025-12-31.csv
INMET,82893,GARANHUNS,2017,2017-05-26T12:00:00Z,49.8,dados_82893_H_2017-01-01_2022-11-11.csv
CEMADEN,261160601A,Varzea,2024,2024-06-14T21:40:00Z,49.72,data(95).csv
INMET,82983,PETROLINA,2020,2020-11-02T12:00:00Z,49.6,dados_82983_H_2017-01-01_2025-12-31.csv
INMET,A329,CABROBO,2022,2022-11-29T19:00:00Z,49.6,dados_A329_H_2017-01-01_2025-12-31.csv
INMET,A349,IBIMIRIM,2022,2022-11-03T07:00:00Z,49.6,dados_A349_H_2017-01-01_2025-12-31.csv
INMET,82900,RECIFE (CURADO),2017,2017-05-28T12:00:00Z,49.4,dados_82900_H_2017-01-01_2020-08-31.csv
CEMADEN,260960003A,Bonsucesso,2024,2024-08-20T15:50:00Z,49.3,data(97).csv
CEMADEN,260720804A,Rurópolis,2017,2017-05-25T02:50:00Z,49.09,data(10).csv
CEMADEN,260130001A,Centro,2025,2025-06-09T18:40:00Z,48.67,data(107).csv
INMET,82886,CABROBO,2018,2018-02-10T12:00:00Z,48.6,dados_82886_H_2017-01-01_2025-07-01.csv
INMET,A366,OURICURI,2025,2025-04-12T09:00:00Z,48.4,dados_A366_H_2017-01-01_2025-12-31.csv
CEMADEN,261160605A,Nova Descoberta,2023,2023-04-24T18:30:00Z,48.25,data(81).csv
INMET,82900,RECIFE (CURADO),2019,2019-02-06T12:00:00Z,48,dados_82900_H_2017-01-01_2020-08-31.csv
CEMADEN,261160605A,Nova Descoberta,2023,2023-04-16T18:00:00Z,47.83,data(81).csv
INMET,82753,OURICURI,2018,2018-12-10T12:00:00Z,47.2,dados_82753_H_2017-01-01_2025-12-31.csv
INMET,82753,OURICURI,2018,2018-04-13T12:00:00Z,47,dados_82753_H_2017-01-01_2025-12-31.csv
INMET,82890,ARCO VERDE,2020,2020-03-05T12:00:00Z,47,dados_82890_H_2017-01-01_2025-12-31.csv
INMET,A329,CABROBO,2019,2019-03-25T07:00:00Z,46.8,dados_A329_H_2017-01-01_2025-12-31.csv
INMET,A349,IBIMIRIM,2021,2021-02-16T18:00:00Z,46.8,dados_A349_H_2017-01-01_2025-12-31.csv
