arquivo,cod_estacao,nome_estacao,tipo_estacao,latitude,longitude,altitude_m,periodicidade_fonte,ano,variavel,coluna_detectada,n_registros,n_validos,n_ausentes,pct_validos,n_datas_com_registro,n_datas_com_valor,n_meses_com_valor,inicio_local,fim_local,minimo,p01,mediana,p99,maximo
dados_A307_H_2017-01-01_2025-12-31.csv,A307,PETROLINA,AUTOMATICA,-9.38833333,-40.52333332,372.72,Horaria,2025,direcao_vento_graus,"VENTO, DIRECAO HORARIA (gr)(° (gr))",8757,0,8757,0,365,0,0,2025-01-01T03:00:00Z,2025-12-31T23:00:00Z,,,,,
dados_A307_H_2017-01-01_2025-12-31.csv,A307,PETROLINA,AUTOMATICA,-9.38833333,-40.52333332,372.72,Horaria,2025,pressao_estacao_hpa,"PRESSAO ATMOSFERICA AO NIVEL DA ESTACAO, HORARIA(mB)",8757,0,8757,0,365,0,0,2025-01-01T03:00:00Z,2025-12-31T23:00:00Z,,,,,
dados_A307_H_2017-01-01_2025-12-31.csv,A307,PETROLINA,AUTOMATICA,-9.38833333,-40.52333332,372.72,Horaria,2025,temperatura_ar_c,"TEMPERATURA DO AR - BULBO SECO, HORARIA(°C)",8757,0,8757,0,365,0,0,2025-01-01T03:00:00Z,2025-12-31T23:00:00Z,,,,,
dados_A307_H_2017-01-01_2025-12-31.csv,A307,PETROLINA,AUTOMATICA,-9.38833333,-40.52333332,372.72,Horaria,2025,umidade_relativa_pct,"UMIDADE RELATIVA DO AR, HORARIA(%)",8757,0,8757,0,365,0,0,2025-01-01T03:00:00Z,2025-12-31T23:00:00Z,,,,,
dados_A307_H_2017-01-01_2025-12-31.csv,A307,PETROLINA,AUTOMATICA,-9.38833333,-40.52333332,372.72,Horaria,2025,velocidade_vento_ms,"VENTO, VELOCIDADE HORARIA(m/s)",8757,0,8757,0,365,0,0,2025-01-01T03:00:00Z,2025-12-31T23:00:00Z,,,,,
dados_A329_H_2017-01-01_2025-12-31.csv,A329,CABROBO,AUTOMATICA,-8.50388888,-39.31527777,342.74,Horaria,2021,umidade_relativa_pct,"UMIDADE RELATIVA DO AR, HORARIA(%)",8760,0,8760,0,365,0,0,2021-01-01T03:00:00Z,2022-01-01T02:00:00Z,,,,,
dados_A349_H_2017-01-01_2025-12-31.csv,A349,IBIMIRIM,AUTOMATICA,-8.50944444,-37.71166666,434.23,Horaria,2024,umidade_relativa_pct,"UMIDADE RELATIVA DO AR, HORARIA(%)",8784,0,8784,0,366,0,0,2024-01-01T03:00:00Z,2025-01-01T02:00:00Z,,,,,
dados_A350_H_2017-01-01_2025-12-31.csv,A350,SERRA TALHADA,AUTOMATICA,-7.95416666,-38.29499999,499.02,Horaria,2022,direcao_vento_graus,"VENTO, DIRECAO HORARIA (gr)(° (gr))",8760,0,8760,0,365,0,0,2022-01-01T03:00:00Z,2023-01-01T02:00:00Z,,,,,
dados_A350_H_2017-01-01_2025-12-31.csv,A350,SERRA TALHADA,AUTOMATICA,-7.95416666,-38.29499999,499.02,Horaria,2022,pressao_estacao_hpa,"PRESSAO ATMOSFERICA AO NIVEL DA ESTACAO, HORARIA(mB)",8760,0,8760,0,365,0,0,2022-01-01T03:00:00Z,2023-01-01T02:00:00Z,,,,,
dados_A350_H_2017-01-01_2025-12-31.csv,A350,SERRA TALHADA,AUTOMATICA,-7.95416666,-38.29499999,499.02,Horaria,2022,temperatura_ar_c,"TEMPERATURA DO AR - BULBO SECO, HORARIA(°C)",8760,0,8760,0,365,0,0,2022-01-01T03:00:00Z,2023-01-01T02:00:00Z,,,,,
dados_A350_H_2017-01-01_2025-12-31.csv,A350,SERRA TALHADA,AUTOMATICA,-7.95416666,-38.29499999,499.02,Horaria,2022,umidade_relativa_pct,"UMIDADE RELATIVA DO AR, HORARIA(%)",8760,0,8760,0,365,0,0,2022-01-01T03:00:00Z,2023-01-01T02:00:00Z,,,,,
dados_A350_H_2017-01-01_2025-12-31.csv,A350,SERRA TALHADA,AUTOMATICA,-7.95416666,-38.29499999,499.02,Horaria,2022,velocidade_vento_ms,"VENTO, VELOCIDADE HORARIA(m/s)",8760,0,8760,0,365,0,0,2022-01-01T03:00:00Z,2023-01-01T02:00:00Z,,,,,
dados_82781_H_2017-01-01_2025-12-31.csv,82781,NAZARE DA MATA,CONVENCIONAL,-7.73,-35.25,87,Horaria,2017,direcao_vento_graus,"VENTO, DIRECAO HORARIA(codigo)",1095,0,1095,0,365,0,0,2017-01-01T12:00:00Z,2018-01-01T00:00:00Z,,,,,
dados_82781_H_2017-01-01_2025-12-31.csv,82781,NAZARE DA MATA,CONVENCIONAL,-7.73,-35.25,87,Horaria,2017,pressao_estacao_hpa,"PRESSAO ATMOSFERICA AO NIVEL DA ESTACAO, HORARIA(mB)",1095,0,1095,0,365,0,0,2017-01-01T12:00:00Z,2018-01-01T00:00:00Z,,,,,
dados_82781_H_2017-01-01_2025-12-31.csv,82781,NAZARE DA MATA,CONVENCIONAL,-7.73,-35.25,87,Horaria,2017,temperatura_ar_c,"TEMPERATURA DO AR - BULBO SECO, HORARIA(°C)",1095,0,1095,0,365,0,0,2017-01-01T12:00:00Z,2018-01-01T00:00:00Z,,,,,
dados_82781_H_2017-01-01_2025-12-31.csv,82781,NAZARE DA MATA,CONVENCIONAL,-7.73,-35.25,87,Horaria,2017,umidade_relativa_pct,"UMIDADE RELATIVA DO AR, HORARIA(%)",1095,0,1095,0,365,0,0,2017-01-01T12:00:00Z,2018-01-01T00:00:00Z,,,,,
dados_82781_H_2017-01-01_2025-12-31.csv,82781,NAZARE DA MATA,CONVENCIONAL,-7.73,-35.25,87,Horaria,2017,velocidade_vento_ms,"VENTO, VELOCIDADE HORARIA(m/s)",1095,0,1095,0,365,0,0,2017-01-01T12:00:00Z,2018-01-01T00:00:00Z,,,,,
dados_82781_H_2017-01-01_2025-12-31.csv,82781,NAZARE DA MATA,CONVENCIONAL,-7.73,-35.25,87,Horaria,2018,direcao_vento_graus,"VENTO, DIRECAO HORARIA(codigo)",1095,0,1095,0,365,0,0,2018-01-01T12:00:00Z,2019-01-01T00:00:00Z,,,,,
dados_82781_H_2017-01-01_2025-12-31.csv,82781,NAZARE DA MATA,CONVENCIONAL,-7.73,-35.25,87,Horaria,2018,pressao_estacao_hpa,"PRESSAO ATMOSFERICA AO NIVEL DA ESTACAO, HORARIA(mB)",1095,0,1095,0,365,0,0,2018-01-01T12:00:00Z,2019-01-01T00:00:00Z,,,,,
dados_82781_H_2017-01-01_2025-12-31.csv,82781,NAZARE DA MATA,CONVENCIONAL,-7.73,-35.25,87,Horaria,2018,temperatura_ar_c,"TEMPERATURA DO AR - BULBO SECO, HORARIA(°C)",1095,0,1095,0,365,0,0,2018-01-01T12:00:00Z,2019-01-01T00:00:00Z,,,,,
dados_82781_H_2017-01-01_2025-12-31.csv,82781,NAZARE DA MATA,CONVENCIONAL,-7.73,-35.25,87,Horaria,2018,umidade_relativa_pct,"UMIDADE RELATIVA DO AR, HORARIA(%)",1095,0,1095,0,365,0,0,2018-01-01T12:00:00Z,2019-01-01T00:00:00Z,,,,,
dados_82781_H_2017-01-01_2025-12-31.csv,82781,NAZARE DA MATA,CONVENCIONAL,-7.73,-35.25,87,Horaria,2018,velocidade_vento_ms,"VENTO, VELOCIDADE HORARIA(m/s)",1095,0,1095,0,365,0,0,2018-01-01T12:00:00Z,2019-01-01T00:00:00Z,,,,,
dados_82781_H_2017-01-01_2025-12-31.csv,82781,NAZARE DA MATA,CONVENCIONAL,-7.73,-35.25,87,Horaria,2019,direcao_vento_graus,"VENTO, DIRECAO HORARIA(codigo)",1095,0,1095,0,365,0,0,2019-01-01T12:00:00Z,2020-01-01T00:00:00Z,,,,,
dados_82781_H_2017-01-01_2025-12-31.csv,82781,NAZARE DA MATA,CONVENCIONAL,-7.73,-35.25,87,Horaria,2019,pressao_estacao_hpa,"PRESSAO ATMOSFERICA AO NIVEL DA ESTACAO, HORARIA(mB)",1095,0,1095,0,365,0,0,2019-01-01T12:00:00Z,2020-01-01T00:00:00Z,,,,,
dados_82781_H_2017-01-01_2025-12-31.csv,82781,NAZARE DA MATA,CONVENCIONAL,-7.73,-35.25,87,Horaria,2019,temperatura_ar_c,"TEMPERATURA DO AR - BULBO SECO, HORARIA(°C)",1095,0,1095,0,365,0,0,2019-01-01T12:00:00Z,2020-01-01T00:00:00Z,,,,,
dados_82781_H_2017-01-01_2025-12-31.csv,82781,NAZARE DA MATA,CONVENCIONAL,-7.73,-35.25,87,Horaria,2019,umidade_relativa_pct,"UMIDADE RELATIVA DO AR, HORARIA(%)",1095,0,1095,0,365,0,0,2019-01-01T12:00:00Z,2020-01-01T00:00:00Z,,,,,
dados_82781_H_2017-01-01_2025-12-31.csv,82781,NAZARE DA MATA,CONVENCIONAL,-7.73,-35.25,87,Horaria,2019,velocidade_vento_ms,"VENTO, VELOCIDADE HORARIA(m/s)",1095,0,1095,0,365,0,0,2019-01-01T12:00:00Z,2020-01-01T00:00:00Z,,,,,
dados_82781_H_2017-01-01_2025-12-31.csv,82781,NAZARE DA MATA,CONVENCIONAL,-7.73,-35.25,87,Horaria,2020,direcao_vento_graus,"VENTO, DIRECAO HORARIA(codigo)",1098,0,1098,0,366,0,0,2020-01-01T12:00:00Z,2021-01-01T00:00:00Z,,,,,
dados_82781_H_2017-01-01_2025-12-31.csv,82781,NAZARE DA MATA,CONVENCIONAL,-7.73,-35.25,87,Horaria,2020,pressao_estacao_hpa,"PRESSAO ATMOSFERICA AO NIVEL DA ESTACAO, HORARIA(mB)",1098,0,1098,0,366,0,0,2020-01-01T12:00:00Z,2021-01-01T00:00:00Z,,,,,
dados_82781_H_2017-01-01_2025-12-31.csv,82781,NAZARE DA MATA,CONVENCIONAL,-7.73,-35.25,87,Horaria,2020,temperatura_ar_c,"TEMPERATURA DO AR - BULBO SECO, HORARIA(°C)",1098,0,1098,0,366,0,0,2020-01-01T12:00:00Z,2021-01-01T00:00:00Z,,,,,
dados_82781_H_2017-01-01_2025-12-31.csv,82781,NAZARE DA MATA,CONVENCIONAL,-7.73,-35.25,87,Horaria,2020,umidade_relativa_pct,"UMIDADE RELATIVA DO AR, HORARIA(%)",1098,0,1098,0,366,0,0,2020-01-01T12:00:00Z,2021-01-01T00:00:00Z,,,,,
dados_82781_H_2017-01-01_2025-12-31.csv,82781,NAZARE DA MATA,CONVENCIONAL,-7.73,-35.25,87,Horaria,2020,velocidade_vento_ms,"VENTO, VELOCIDADE HORARIA(m/s)",1098,0,1098,0,366,0,0,2020-01-01T12:00:00Z,2021-01-01T00:00:00Z,,,,,
dados_82781_H_2017-01-01_2025-12-31.csv,82781,NAZARE DA MATA,CONVENCIONAL,-7.73,-35.25,87,Horaria,2021,direcao_vento_graus,"VENTO, DIRECAO HORARIA(codigo)",1095,0,1095,0,365,0,0,2021-01-01T12:00:00Z,2022-01-01T00:00:00Z,,,,,
dados_82781_H_2017-01-01_2025-12-31.csv,82781,NAZARE DA MATA,CONVENCIONAL,-7.73,-35.25,87,Horaria,2021,pressao_estacao_hpa,"PRESSAO ATMOSFERICA AO NIVEL DA ESTACAO, HORARIA(mB)",1095,0,1095,0,365,0,0,2021-01-01T12:00:00Z,2022-01-01T00:00:00Z,,,,,
dados_82781_H_2017-01-01_2025-12-31.csv,82781,NAZARE DA MATA,CONVENCIONAL,-7.73,-35.25,87,Horaria,2021,temperatura_ar_c,"TEMPERATURA DO AR - BULBO SECO, HORARIA(°C)",1095,0,1095,0,365,0,0,2021-01-01T12:00:00Z,2022-01-01T00:00:00Z,,,,,
dados_82781_H_2017-01-01_2025-12-31.csv,82781,NAZARE DA MATA,CONVENCIONAL,-7.73,-35.25,87,Horaria,2021,umidade_relativa_pct,"UMIDADE RELATIVA DO AR, HORARIA(%)",1095,0,1095,0,365,0,0,2021-01-01T12:00:00Z,2022-01-01T00:00:00Z,,,,,
dados_82781_H_2017-01-01_2025-12-31.csv,82781,NAZARE DA MATA,CONVENCIONAL,-7.73,-35.25,87,Horaria,2021,velocidade_vento_ms,"VENTO, VELOCIDADE HORARIA(m/s)",1095,0,1095,0,365,0,0,2021-01-01T12:00:00Z,2022-01-01T00:00:00Z,,,,,
dados_82781_H_2017-01-01_2025-12-31.csv,82781,NAZARE DA MATA,CONVENCIONAL,-7.73,-35.25,87,Horaria,2022,direcao_vento_graus,"VENTO, DIRECAO HORARIA(codigo)",1095,0,1095,0,365,0,0,2022-01-01T12:00:00Z,2023-01-01T00:00:00Z,,,,,
dados_82781_H_2017-01-01_2025-12-31.csv,82781,NAZARE DA MATA,CONVENCIONAL,-7.73,-35.25,87,Horaria,2022,pressao_estacao_hpa,"PRESSAO ATMOSFERICA AO NIVEL DA ESTACAO, HORARIA(mB)",1095,0,1095,0,365,0,0,2022-01-01T12:00:00Z,2023-01-01T00:00:00Z,,,,,
dados_82781_H_2017-01-01_2025-12-31.csv,82781,NAZARE DA MATA,CONVENCIONAL,-7.73,-35.25,87,Horaria,2022,temperatura_ar_c,"TEMPERATURA DO AR - BULBO SECO, HORARIA(°C)",1095,0,1095,0,365,0,0,2022-01-01T12:00:00Z,2023-01-01T00:00:00Z,,,,,
dados_82781_H_2017-01-01_2025-12-31.csv,82781,NAZARE DA MATA,CONVENCIONAL,-7.73,-35.25,87,Horaria,2022,umidade_relativa_pct,"UMIDADE RELATIVA DO AR, HORARIA(%)",1095,0,1095,0,365,0,0,2022-01-01T12:00:00Z,2023-01-01T00:00:00Z,,,,,
dados_82781_H_2017-01-01_2025-12-31.csv,82781,NAZARE DA MATA,CONVENCIONAL,-7.73,-35.25,87,Horaria,2022,velocidade_vento_ms,"VENTO, VELOCIDADE HORARIA(m/s)",1095,0,1095,0,365,0,0,2022-01-01T12:00:00Z,2023-01-01T00:00:00Z,,,,,
dados_82781_H_2017-01-01_2025-12-31.csv,82781,NAZARE DA MATA,CONVENCIONAL,-7.73,-35.25,87,Horaria,2023,direcao_vento_graus,"VENTO, DIRECAO HORARIA(codigo)",1095,0,1095,0,365,0,0,2023-01-01T12:00:00Z,2024-01-01T00:00:00Z,,,,,
dados_82781_H_2017-01-01_2025-12-31.csv,82781,NAZARE DA MATA,CONVENCIONAL,-7.73,-35.25,87,Horaria,2023,pressao_estacao_hpa,"PRESSAO ATMOSFERICA AO NIVEL DA ESTACAO, HORARIA(mB)",1095,0,1095,0,365,0,0,2023-01-01T12:00:00Z,2024-01-01T00:00:00Z,,,,,
dados_82781_H_2017-01-01_2025-12-31.csv,82781,NAZARE DA MATA,CONVENCIONAL,-7.73,-35.25,87,Horaria,2023,temperatura_ar_c,"TEMPERATURA DO AR - BULBO SECO, HORARIA(°C)",1095,0,1095,0,365,0,0,2023-01-01T12:00:00Z,2024-01-01T00:00:00Z,,,,,
dados_82781_H_2017-01-01_2025-12-31.csv,82781,NAZARE DA MATA,CONVENCIONAL,-7.73,-35.25,87,Horaria,2023,umidade_relativa_pct,"UMIDADE RELATIVA DO AR, HORARIA(%)",1095,0,1095,0,365,0,0,2023-01-01T12:00:00Z,2024-01-01T00:00:00Z,,,,,
dados_82781_H_2017-01-01_2025-12-31.csv,82781,NAZARE DA MATA,CONVENCIONAL,-7.73,-35.25,87,Horaria,2023,velocidade_vento_ms,"VENTO, VELOCIDADE HORARIA(m/s)",1095,0,1095,0,365,0,0,2023-01-01T12:00:00Z,2024-01-01T00:00:00Z,,,,,
dados_82781_H_2017-01-01_2025-12-31.csv,82781,NAZARE DA MATA,CONVENCIONAL,-7.73,-35.25,87,Horaria,2024,direcao_vento_graus,"VENTO, DIRECAO HORARIA(codigo)",1098,0,1098,0,366,0,0,2024-01-01T12:00:00Z,2025-01-01T00:00:00Z,,,,,
dados_82781_H_2017-01-01_2025-12-31.csv,82781,NAZARE DA MATA,CONVENCIONAL,-7.73,-35.25,87,Horaria,2024,pressao_estacao_hpa,"PRESSAO ATMOSFERICA AO NIVEL DA ESTACAO, HORARIA(mB)",1098,0,1098,0,366,0,0,2024-01-01T12:00:00Z,2025-01-01T00:00:00Z,,,,,
dados_82781_H_2017-01-01_2025-12-31.csv,82781,NAZARE DA MATA,CONVENCIONAL,-7.73,-35.25,87,Horaria,2024,temperatura_ar_c,"TEMPERATURA DO AR - BULBO SECO, HORARIA(°C)",1098,0,1098,0,366,0,0,2024-01-01T12:00:00Z,2025-01-01T00:00:00Z,,,,,
dados_82781_H_2017-01-01_2025-12-31.csv,82781,NAZARE DA MATA,CONVENCIONAL,-7.73,-35.25,87,Horaria,2024,umidade_relativa_pct,"UMIDADE RELATIVA DO AR, HORARIA(%)",1098,0,1098,0,366,0,0,2024-01-01T12:00:00Z,2025-01-01T00:00:00Z,,,,,
dados_82781_H_2017-01-01_2025-12-31.csv,82781,NAZARE DA MATA,CONVENCIONAL,-7.73,-35.25,87,Horaria,2024,velocidade_vento_ms,"VENTO, VELOCIDADE HORARIA(m/s)",1098,0,1098,0,366,0,0,2024-01-01T12:00:00Z,2025-01-01T00:00:00Z,,,,,
dados_82781_H_2017-01-01_2025-12-31.csv,82781,NAZARE DA MATA,CONVENCIONAL,-7.73,-35.25,87,Horaria,2025,direcao_vento_graus,"VENTO, DIRECAO HORARIA(codigo)",1094,0,1094,0,365,0,0,2025-01-01T12:00:00Z,2025-12-31T18:00:00Z,,,,,
dados_82781_H_2017-01-01_2025-12-31.csv,82781,NAZARE DA MATA,CONVENCIONAL,-7.73,-35.25,87,Horaria,2025,pressao_estacao_hpa,"PRESSAO ATMOSFERICA AO NIVEL DA ESTACAO, HORARIA(mB)",1094,0,1094,0,365,0,0,2025-01-01T12:00:00Z,2025-12-31T18:00:00Z,,,,,
dados_82781_H_2017-01-01_2025-12-31.csv,82781,NAZARE DA MATA,CONVENCIONAL,-7.73,-35.25,87,Horaria,2025,temperatura_ar_c,"TEMPERATURA DO AR - BULBO SECO, HORARIA(°C)",1094,0,1094,0,365,0,0,2025-01-01T12:00:00Z,2025-12-31T18:00:00Z,,,,,
dados_82781_H_2017-01-01_2025-12-31.csv,82781,NAZARE DA MATA,CONVENCIONAL,-7.73,-35.25,87,Horaria,2025,umidade_relativa_pct,"UMIDADE RELATIVA DO AR, HORARIA(%)",1094,0,1094,0,365,0,0,2025-01-01T12:00:00Z,2025-12-31T18:00:00Z,,,,,
dados_82781_H_2017-01-01_2025-12-31.csv,82781,NAZARE DA MATA,CONVENCIONAL,-7.73,-35.25,87,Horaria,2025,velocidade_vento_ms,"VENTO, VELOCIDADE HORARIA(m/s)",1094,0,1094,0,365,0,0,2025-01-01T12:00:00Z,2025-12-31T18:00:00Z,,,,,
dados_82789_H_2017-01-01_2018-03-28.csv,82789,TRIUNFO,CONVENCIONAL,-7.82972221,-38.12222221,1105,Horaria,2017,direcao_vento_graus,"VENTO, DIRECAO HORARIA(codigo)",1095,0,1095,0,365,0,0,2017-01-01T12:00:00Z,2018-01-01T00:00:00Z,,,,,
dados_82789_H_2017-01-01_2018-03-28.csv,82789,TRIUNFO,CONVENCIONAL,-7.82972221,-38.12222221,1105,Horaria,2017,velocidade_vento_ms,"VENTO, VELOCIDADE HORARIA(m/s)",1095,0,1095,0,365,0,0,2017-01-01T12:00:00Z,2018-01-01T00:00:00Z,,,,,
dados_82789_H_2017-01-01_2018-03-28.csv,82789,TRIUNFO,CONVENCIONAL,-7.82972221,-38.12222221,1105,Horaria,2018,direcao_vento_graus,"VENTO, DIRECAO HORARIA(codigo)",260,0,260,0,87,0,0,2018-01-01T12:00:00Z,2018-03-28T18:00:00Z,,,,,
dados_82789_H_2017-01-01_2018-03-28.csv,82789,TRIUNFO,CONVENCIONAL,-7.82972221,-38.12222221,1105,Horaria,2018,velocidade_vento_ms,"VENTO, VELOCIDADE HORARIA(m/s)",260,0,260,0,87,0,0,2018-01-01T12:00:00Z,2018-03-28T18:00:00Z,,,,,
dados_82797_H_2017-01-01_2025-12-31.csv,82797,SURUBIM,CONVENCIONAL,-7.84249999,-35.79027777,421.44,Horaria,2024,direcao_vento_graus,"VENTO, DIRECAO HORARIA(codigo)",1098,0,1098,0,366,0,0,2024-01-01T12:00:00Z,2025-01-01T00:00:00Z,,,,,
dados_82797_H_2017-01-01_2025-12-31.csv,82797,SURUBIM,CONVENCIONAL,-7.84249999,-35.79027777,421.44,Horaria,2024,velocidade_vento_ms,"VENTO, VELOCIDADE HORARIA(m/s)",1098,0,1098,0,366,0,0,2024-01-01T12:00:00Z,2025-01-01T00:00:00Z,,,,,
dados_82799_H_2017-01-01_2025-12-31.csv,82799,GOIANA,CONVENCIONAL,-7.55,-34.98,11,Horaria,2017,direcao_vento_graus,"VENTO, DIRECAO HORARIA(codigo)",1095,0,1095,0,365,0,0,2017-01-01T12:00:00Z,2018-01-01T00:00:00Z,,,,,
dados_82799_H_2017-01-01_2025-12-31.csv,82799,GOIANA,CONVENCIONAL,-7.55,-34.98,11,Horaria,2017,pressao_estacao_hpa,"PRESSAO ATMOSFERICA AO NIVEL DA ESTACAO, HORARIA(mB)",1095,0,1095,0,365,0,0,2017-01-01T12:00:00Z,2018-01-01T00:00:00Z,,,,,
dados_82799_H_2017-01-01_2025-12-31.csv,82799,GOIANA,CONVENCIONAL,-7.55,-34.98,11,Horaria,2017,temperatura_ar_c,"TEMPERATURA DO AR - BULBO SECO, HORARIA(°C)",1095,0,1095,0,365,0,0,2017-01-01T12:00:00Z,2018-01-01T00:00:00Z,,,,,
dados_82799_H_2017-01-01_2025-12-31.csv,82799,GOIANA,CONVENCIONAL,-7.55,-34.98,11,Horaria,2017,umidade_relativa_pct,"UMIDADE RELATIVA DO AR, HORARIA(%)",1095,0,1095,0,365,0,0,2017-01-01T12:00:00Z,2018-01-01T00:00:00Z,,,,,
dados_82799_H_2017-01-01_2025-12-31.csv,82799,GOIANA,CONVENCIONAL,-7.55,-34.98,11,Horaria,2017,velocidade_vento_ms,"VENTO, VELOCIDADE HORARIA(m/s)",1095,0,1095,0,365,0,0,2017-01-01T12:00:00Z,2018-01-01T00:00:00Z,,,,,
dados_82799_H_2017-01-01_2025-12-31.csv,82799,GOIANA,CONVENCIONAL,-7.55,-34.98,11,Horaria,2018,direcao_vento_graus,"VENTO, DIRECAO HORARIA(codigo)",1095,0,1095,0,365,0,0,2018-01-01T12:00:00Z,2019-01-01T00:00:00Z,,,,,
dados_82799_H_2017-01-01_2025-12-31.csv,82799,GOIANA,CONVENCIONAL,-7.55,-34.98,11,Horaria,2018,pressao_estacao_hpa,"PRESSAO ATMOSFERICA AO NIVEL DA ESTACAO, HORARIA(mB)",1095,0,1095,0,365,0,0,2018-01-01T12:00:00Z,2019-01-01T00:00:00Z,,,,,
dados_82799_H_2017-01-01_2025-12-31.csv,82799,GOIANA,CONVENCIONAL,-7.55,-34.98,11,Horaria,2018,temperatura_ar_c,"TEMPERATURA DO AR - BULBO SECO, HORARIA(°C)",1095,0,1095,0,365,0,0,2018-01-01T12:00:00Z,2019-01-01T00:00:00Z,,,,,
dados_82799_H_2017-01-01_2025-12-31.csv,82799,GOIANA,CONVENCIONAL,-7.55,-34.98,11,Horaria,2018,umidade_relativa_pct,"UMIDADE RELATIVA DO AR, HORARIA(%)",1095,0,1095,0,365,0,0,2018-01-01T12:00:00Z,2019-01-01T00:00:00Z,,,,,
dados_82799_H_2017-01-01_2025-12-31.csv,82799,GOIANA,CONVENCIONAL,-7.55,-34.98,11,Horaria,2018,velocidade_vento_ms,"VENTO, VELOCIDADE HORARIA(m/s)",1095,0,1095,0,365,0,0,2018-01-01T12:00:00Z,2019-01-01T00:00:00Z,,,,,
dados_82799_H_2017-01-01_2025-12-31.csv,82799,GOIANA,CONVENCIONAL,-7.55,-34.98,11,Horaria,2019,direcao_vento_graus,"VENTO, DIRECAO HORARIA(codigo)",1095,0,1095,0,365,0,0,2019-01-01T12:00:00Z,2020-01-01T00:00:00Z,,,,,
dados_82799_H_2017-01-01_2025-12-31.csv,82799,GOIANA,CONVENCIONAL,-7.55,-34.98,11,Horaria,2019,pressao_estacao_hpa,"PRESSAO ATMOSFERICA AO NIVEL DA ESTACAO, HORARIA(mB)",1095,0,1095,0,365,0,0,2019-01-01T12:00:00Z,2020-01-01T00:00:00Z,,,,,
dados_82799_H_2017-01-01_2025-12-31.csv,82799,GOIANA,CONVENCIONAL,-7.55,-34.98,11,Horaria,2019,temperatura_ar_c,"TEMPERATURA DO AR - BULBO SECO, HORARIA(°C)",1095,0,1095,0,365,0,0,2019-01-01T12:00:00Z,2020-01-01T00:00:00Z,,,,,
dados_82799_H_2017-01-01_2025-12-31.csv,82799,GOIANA,CONVENCIONAL,-7.55,-34.98,11,Horaria,2019,umidade_relativa_pct,"UMIDADE RELATIVA DO AR, HORARIA(%)",1095,0,1095,0,365,0,0,2019-01-01T12:00:00Z,2020-01-01T00:00:00Z,,,,,
dados_82799_H_2017-01-01_2025-12-31.csv,82799,GOIANA,CONVENCIONAL,-7.55,-34.98,11,Horaria,2019,velocidade_vento_ms,"VENTO, VELOCIDADE HORARIA(m/s)",1095,0,1095,0,365,0,0,2019-01-01T12:00:00Z,2020-01-01T00:00:00Z,,,,,
dados_82799_H_2017-01-01_2025-12-31.csv,82799,GOIANA,CONVENCIONAL,-7.55,-34.98,11,Horaria,2020,direcao_vento_graus,"VENTO, DIRECAO HORARIA(codigo)",1098,0,1098,0,366,0,0,2020-01-01T12:00:00Z,2021-01-01T00:00:00Z,,,,,
dados_82799_H_2017-01-01_2025-12-31.csv,82799,GOIANA,CONVENCIONAL,-7.55,-34.98,11,Horaria,2020,pressao_estacao_hpa,"PRESSAO ATMOSFERICA AO NIVEL DA ESTACAO, HORARIA(mB)",1098,0,1098,0,366,0,0,2020-01-01T12:00:00Z,2021-01-01T00:00:00Z,,,,,
dados_82799_H_2017-01-01_2025-12-31.csv,82799,GOIANA,CONVENCIONAL,-7.55,-34.98,11,Horaria,2020,temperatura_ar_c,"TEMPERATURA DO AR - BULBO SECO, HORARIA(°C)",1098,0,1098,0,366,0,0,2020-01-01T12:00:00Z,2021-01-01T00:00:00Z,,,,,
dados_82799_H_2017-01-01_2025-12-31.csv,82799,GOIANA,CONVENCIONAL,-7.55,-34.98,11,Horaria,2020,umidade_relativa_pct,"UMIDADE RELATIVA DO AR, HORARIA(%)",1098,0,1098,0,366,0,0,2020-01-01T12:00:00Z,2021-01-01T00:00:00Z,,,,,
dados_82799_H_2017-01-01_2025-12-31.csv,82799,GOIANA,CONVENCIONAL,-7.55,-34.98,11,Horaria,2020,velocidade_vento_ms,"VENTO, VELOCIDADE HORARIA(m/s)",1098,0,1098,0,366,0,0,2020-01-01T12:00:00Z,2021-01-01T00:00:00Z,,,,,
dados_82799_H_2017-01-01_2025-12-31.csv,82799,GOIANA,CONVENCIONAL,-7.55,-34.98,11,Horaria,2021,direcao_vento_graus,"VENTO, DIRECAO HORARIA(codigo)",1095,0,1095,0,365,0,0,2021-01-01T12:00:00Z,2022-01-01T00:00:00Z,,,,,
dados_82799_H_2017-01-01_2025-12-31.csv,82799,GOIANA,CONVENCIONAL,-7.55,-34.98,11,Horaria,2021,pressao_estacao_hpa,"PRESSAO ATMOSFERICA AO NIVEL DA ESTACAO, HORARIA(mB)",1095,0,1095,0,365,0,0,2021-01-01T12:00:00Z,2022-01-01T00:00:00Z,,,,,
dados_82799_H_2017-01-01_2025-12-31.csv,82799,GOIANA,CONVENCIONAL,-7.55,-34.98,11,Horaria,2021,temperatura_ar_c,"TEMPERATURA DO AR - BULBO SECO, HORARIA(°C)",1095,0,1095,0,365,0,0,2021-01-01T12:00:00Z,2022-01-01T00:00:00Z,,,,,
dados_82799_H_2017-01-01_2025-12-31.csv,82799,GOIANA,CONVENCIONAL,-7.55,-34.98,11,Horaria,2021,umidade_relativa_pct,"UMIDADE RELATIVA DO AR, HORARIA(%)",1095,0,1095,0,365,0,0,2021-01-01T12:00:00Z,2022-01-01T00:00:00Z,,,,,
dados_82799_H_2017-01-01_2025-12-31.csv,82799,GOIANA,CONVENCIONAL,-7.55,-34.98,11,Horaria,2021,velocidade_vento_ms,"VENTO, VELOCIDADE HORARIA(m/s)",1095,0,1095,0,365,0,0,2021-01-01T12:00:00Z,2022-01-01T00:00:00Z,,,,,
dados_82799_H_2017-01-01_2025-12-31.csv,82799,GOIANA,CONVENCIONAL,-7.55,-34.98,11,Horaria,2022,direcao_vento_graus,"VENTO, DIRECAO HORARIA(codigo)",1095,0,1095,0,365,0,0,2022-01-01T12:00:00Z,2023-01-01T00:00:00Z,,,,,
dados_82799_H_2017-01-01_2025-12-31.csv,82799,GOIANA,CONVENCIONAL,-7.55,-34.98,11,Horaria,2022,pressao_estacao_hpa,"PRESSAO ATMOSFERICA AO NIVEL DA ESTACAO, HORARIA(mB)",1095,0,1095,0,365,0,0,2022-01-01T12:00:00Z,2023-01-01T00:00:00Z,,,,,
dados_82799_H_2017-01-01_2025-12-31.csv,82799,GOIANA,CONVENCIONAL,-7.55,-34.98,11,Horaria,2022,temperatura_ar_c,"TEMPERATURA DO AR - BULBO SECO, HORARIA(°C)",1095,0,1095,0,365,0,0,2022-01-01T12:00:00Z,2023-01-01T00:00:00Z,,,,,
dados_82799_H_2017-01-01_2025-12-31.csv,82799,GOIANA,CONVENCIONAL,-7.55,-34.98,11,Horaria,2022,umidade_relativa_pct,"UMIDADE RELATIVA DO AR, HORARIA(%)",1095,0,1095,0,365,0,0,2022-01-01T12:00:00Z,2023-01-01T00:00:00Z,,,,,
dados_82799_H_2017-01-01_2025-12-31.csv,82799,GOIANA,CONVENCIONAL,-7.55,-34.98,11,Horaria,2022,velocidade_vento_ms,"VENTO, VELOCIDADE HORARIA(m/s)",1095,0,1095,0,365,0,0,2022-01-01T12:00:00Z,2023-01-01T00:00:00Z,,,,,
dados_82799_H_2017-01-01_2025-12-31.csv,82799,GOIANA,CONVENCIONAL,-7.55,-34.98,11,Horaria,2023,direcao_vento_graus,"VENTO, DIRECAO HORARIA(codigo)",1095,0,1095,0,365,0,0,2023-01-01T12:00:00Z,2024-01-01T00:00:00Z,,,,,
dados_82799_H_2017-01-01_2025-12-31.csv,82799,GOIANA,CONVENCIONAL,-7.55,-34.98,11,Horaria,2023,pressao_estacao_hpa,"PRESSAO ATMOSFERICA AO NIVEL DA ESTACAO, HORARIA(mB)",1095,0,1095,0,365,0,0,2023-01-01T12:00:00Z,2024-01-01T00:00:00Z,,,,,
dados_82799_H_2017-01-01_2025-12-31.csv,82799,GOIANA,CONVENCIONAL,-7.55,-34.98,11,Horaria,2023,temperatura_ar_c,"TEMPERATURA DO AR - BULBO SECO, HORARIA(°C)",1095,0,1095,0,365,0,0,2023-01-01T12:00:00Z,2024-01-01T00:00:00Z,,,,,
dados_82799_H_2017-01-01_2025-12-31.csv,82799,GOIANA,CONVENCIONAL,-7.55,-34.98,11,Horaria,2023,umidade_relativa_pct,"UMIDADE RELATIVA DO AR, HORARIA(%)",1095,0,1095,0,365,0,0,2023-01-01T12:00:00Z,2024-01-01T00:00:00Z,,,,,
dados_82799_H_2017-01-01_2025-12-31.csv,82799,GOIANA,CONVENCIONAL,-7.55,-34.98,11,Horaria,2023,velocidade_vento_ms,"VENTO, VELOCIDADE HORARIA(m/s)",1095,0,1095,0,365,0,0,2023-01-01T12:00:00Z,2024-01-01T00:00:00Z,,,,,
dados_82799_H_2017-01-01_2025-12-31.csv,82799,GOIANA,CONVENCIONAL,-7.55,-34.98,11,Horaria,2024,direcao_vento_graus,"VENTO, DIRECAO HORARIA(codigo)",1098,0,1098,0,366,0,0,2024-01-01T12:00:00Z,2025-01-01T00:00:00Z,,,,,
dados_82799_H_2017-01-01_2025-12-31.csv,82799,GOIANA,CONVENCIONAL,-7.55,-34.98,11,Horaria,2024,pressao_estacao_hpa,"PRESSAO ATMOSFERICA AO NIVEL DA ESTACAO, HORARIA(mB)",1098,0,1098,0,366,0,0,2024-01-01T12:00:00Z,2025-01-01T00:00:00Z,,,,,
dados_82799_H_2017-01-01_2025-12-31.csv,82799,GOIANA,CONVENCIONAL,-7.55,-34.98,11,Horaria,2024,temperatura_ar_c,"TEMPERATURA DO AR - BULBO SECO, HORARIA(°C)",1098,0,1098,0,366,0,0,2024-01-01T12:00:00Z,2025-01-01T00:00:00Z,,,,,
dados_82799_H_2017-01-01_2025-12-31.csv,82799,GOIANA,CONVENCIONAL,-7.55,-34.98,11,Horaria,2024,umidade_relativa_pct,"UMIDADE RELATIVA DO AR, HORARIA(%)",1098,0,1098,0,366,0,0,2024-01-01T12:00:00Z,2025-01-01T00:00:00Z,,,,,
dados_82799_H_2017-01-01_2025-12-31.csv,82799,GOIANA,CONVENCIONAL,-7.55,-34.98,11,Horaria,2024,velocidade_vento_ms,"VENTO, VELOCIDADE HORARIA(m/s)",1098,0,1098,0,366,0,0,2024-01-01T12:00:00Z,2025-01-01T00:00:00Z,,,,,
dados_82799_H_2017-01-01_2025-12-31.csv,82799,GOIANA,CONVENCIONAL,-7.55,-34.98,11,Horaria,2025,direcao_vento_graus,"VENTO, DIRECAO HORARIA(codigo)",1094,0,1094,0,365,0,0,2025-01-01T12:00:00Z,2025-12-31T18:00:00Z,,,,,
dados_82799_H_2017-01-01_2025-12-31.csv,82799,GOIANA,CONVENCIONAL,-7.55,-34.98,11,Horaria,2025,pressao_estacao_hpa,"PRESSAO ATMOSFERICA AO NIVEL DA ESTACAO, HORARIA(mB)",1094,0,1094,0,365,0,0,2025-01-01T12:00:00Z,2025-12-31T18:00:00Z,,,,,
dados_82799_H_2017-01-01_2025-12-31.csv,82799,GOIANA,CONVENCIONAL,-7.55,-34.98,11,Horaria,2025,temperatura_ar_c,"TEMPERATURA DO AR - BULBO SECO, HORARIA(°C)",1094,0,1094,0,365,0,0,2025-01-01T12:00:00Z,2025-12-31T18:00:00Z,,,,,
dados_82799_H_2017-01-01_2025-12-31.csv,82799,GOIANA,CONVENCIONAL,-7.55,-34.98,11,Horaria,2025,umidade_relativa_pct,"UMIDADE RELATIVA DO AR, HORARIA(%)",1094,0,1094,0,365,0,0,2025-01-01T12:00:00Z,2025-12-31T18:00:00Z,,,,,
dados_82799_H_2017-01-01_2025-12-31.csv,82799,GOIANA,CONVENCIONAL,-7.55,-34.98,11,Horaria,2025,velocidade_vento_ms,"VENTO, VELOCIDADE HORARIA(m/s)",1094,0,1094,0,365,0,0,2025-01-01T12:00:00Z,2025-12-31T18:00:00Z,,,,,
dados_82897_H_2017-01-01_2025-12-31.csv,82897,TAPACURA,CONVENCIONAL,-8.17,-35.18,102,Horaria,2017,direcao_vento_graus,"VENTO, DIRECAO HORARIA(codigo)",1095,0,1095,0,365,0,0,2017-01-01T12:00:00Z,2018-01-01T00:00:00Z,,,,,
dados_82897_H_2017-01-01_2025-12-31.csv,82897,TAPACURA,CONVENCIONAL,-8.17,-35.18,102,Horaria,2017,pressao_estacao_hpa,"PRESSAO ATMOSFERICA AO NIVEL DA ESTACAO, HORARIA(mB)",1095,0,1095,0,365,0,0,2017-01-01T12:00:00Z,2018-01-01T00:00:00Z,,,,,
dados_82897_H_2017-01-01_2025-12-31.csv,82897,TAPACURA,CONVENCIONAL,-8.17,-35.18,102,Horaria,2017,temperatura_ar_c,"TEMPERATURA DO AR - BULBO SECO, HORARIA(°C)",1095,0,1095,0,365,0,0,2017-01-01T12:00:00Z,2018-01-01T00:00:00Z,,,,,
dados_82897_H_2017-01-01_2025-12-31.csv,82897,TAPACURA,CONVENCIONAL,-8.17,-35.18,102,Horaria,2017,umidade_relativa_pct,"UMIDADE RELATIVA DO AR, HORARIA(%)",1095,0,1095,0,365,0,0,2017-01-01T12:00:00Z,2018-01-01T00:00:00Z,,,,,
dados_82897_H_2017-01-01_2025-12-31.csv,82897,TAPACURA,CONVENCIONAL,-8.17,-35.18,102,Horaria,2017,velocidade_vento_ms,"VENTO, VELOCIDADE HORARIA(m/s)",1095,0,1095,0,365,0,0,2017-01-01T12:00:00Z,2018-01-01T00:00:00Z,,,,,
dados_82897_H_2017-01-01_2025-12-31.csv,82897,TAPACURA,CONVENCIONAL,-8.17,-35.18,102,Horaria,2018,direcao_vento_graus,"VENTO, DIRECAO HORARIA(codigo)",1095,0,1095,0,365,0,0,2018-01-01T12:00:00Z,2019-01-01T00:00:00Z,,,,,
dados_82897_H_2017-01-01_2025-12-31.csv,82897,TAPACURA,CONVENCIONAL,-8.17,-35.18,102,Horaria,2018,pressao_estacao_hpa,"PRESSAO ATMOSFERICA AO NIVEL DA ESTACAO, HORARIA(mB)",1095,0,1095,0,365,0,0,2018-01-01T12:00:00Z,2019-01-01T00:00:00Z,,,,,
dados_82897_H_2017-01-01_2025-12-31.csv,82897,TAPACURA,CONVENCIONAL,-8.17,-35.18,102,Horaria,2018,temperatura_ar_c,"TEMPERATURA DO AR - BULBO SECO, HORARIA(°C)",1095,0,1095,0,365,0,0,2018-01-01T12:00:00Z,2019-01-01T00:00:00Z,,,,,
dados_82897_H_2017-01-01_2025-12-31.csv,82897,TAPACURA,CONVENCIONAL,-8.17,-35.18,102,Horaria,2018,umidade_relativa_pct,"UMIDADE RELATIVA DO AR, HORARIA(%)",1095,0,1095,0,365,0,0,2018-01-01T12:00:00Z,2019-01-01T00:00:00Z,,,,,
dados_82897_H_2017-01-01_2025-12-31.csv,82897,TAPACURA,CONVENCIONAL,-8.17,-35.18,102,Horaria,2018,velocidade_vento_ms,"VENTO, VELOCIDADE HORARIA(m/s)",1095,0,1095,0,365,0,0,2018-01-01T12:00:00Z,2019-01-01T00:00:00Z,,,,,
dados_82897_H_2017-01-01_2025-12-31.csv,82897,TAPACURA,CONVENCIONAL,-8.17,-35.18,102,Horaria,2019,direcao_vento_graus,"VENTO, DIRECAO HORARIA(codigo)",1095,0,1095,0,365,0,0,2019-01-01T12:00:00Z,2020-01-01T00:00:00Z,,,,,
dados_82897_H_2017-01-01_2025-12-31.csv,82897,TAPACURA,CONVENCIONAL,-8.17,-35.18,102,Horaria,2019,pressao_estacao_hpa,"PRESSAO ATMOSFERICA AO NIVEL DA ESTACAO, HORARIA(mB)",1095,0,1095,0,365,0,0,2019-01-01T12:00:00Z,2020-01-01T00:00:00Z,,,,,
dados_82897_H_2017-01-01_2025-12-31.csv,82897,TAPACURA,CONVENCIONAL,-8.17,-35.18,102,Horaria,2019,temperatura_ar_c,"TEMPERATURA DO AR - BULBO SECO, HORARIA(°C)",1095,0,1095,0,365,0,0,2019-01-01T12:00:00Z,2020-01-01T00:00:00Z,,,,,
dados_82897_H_2017-01-01_2025-12-31.csv,82897,TAPACURA,CONVENCIONAL,-8.17,-35.18,102,Horaria,2019,umidade_relativa_pct,"UMIDADE RELATIVA DO AR, HORARIA(%)",1095,0,1095,0,365,0,0,2019-01-01T12:00:00Z,2020-01-01T00:00:00Z,,,,,
dados_82897_H_2017-01-01_2025-12-31.csv,82897,TAPACURA,CONVENCIONAL,-8.17,-35.18,102,Horaria,2019,velocidade_vento_ms,"VENTO, VELOCIDADE HORARIA(m/s)",1095,0,1095,0,365,0,0,2019-01-01T12:00:00Z,2020-01-01T00:00:00Z,,,,,
dados_82897_H_2017-01-01_2025-12-31.csv,82897,TAPACURA,CONVENCIONAL,-8.17,-35.18,102,Horaria,2020,direcao_vento_graus,"VENTO, DIRECAO HORARIA(codigo)",1098,0,1098,0,366,0,0,2020-01-01T12:00:00Z,2021-01-01T00:00:00Z,,,,,
dados_82897_H_2017-01-01_2025-12-31.csv,82897,TAPACURA,CONVENCIONAL,-8.17,-35.18,102,Horaria,2020,pressao_estacao_hpa,"PRESSAO ATMOSFERICA AO NIVEL DA ESTACAO, HORARIA(mB)",1098,0,1098,0,366,0,0,2020-01-01T12:00:00Z,2021-01-01T00:00:00Z,,,,,
dados_82897_H_2017-01-01_2025-12-31.csv,82897,TAPACURA,CONVENCIONAL,-8.17,-35.18,102,Horaria,2020,temperatura_ar_c,"TEMPERATURA DO AR - BULBO SECO, HORARIA(°C)",1098,0,1098,0,366,0,0,2020-01-01T12:00:00Z,2021-01-01T00:00:00Z,,,,,
dados_82897_H_2017-01-01_2025-12-31.csv,82897,TAPACURA,CONVENCIONAL,-8.17,-35.18,102,Horaria,2020,umidade_relativa_pct,"UMIDADE RELATIVA DO AR, HORARIA(%)",1098,0,1098,0,366,0,0,2020-01-01T12:00:00Z,2021-01-01T00:00:00Z,,,,,
dados_82897_H_2017-01-01_2025-12-31.csv,82897,TAPACURA,CONVENCIONAL,-8.17,-35.18,102,Horaria,2020,velocidade_vento_ms,"VENTO, VELOCIDADE HORARIA(m/s)",1098,0,1098,0,366,0,0,2020-01-01T12:00:00Z,2021-01-01T00:00:00Z,,,,,
dados_82897_H_2017-01-01_2025-12-31.csv,82897,TAPACURA,CONVENCIONAL,-8.17,-35.18,102,Horaria,2022,pressao_estacao_hpa,"PRESSAO ATMOSFERICA AO NIVEL DA ESTACAO, HORARIA(mB)",1095,0,1095,0,365,0,0,2022-01-01T12:00:00Z,2023-01-01T00:00:00Z,,,,,
dados_82897_H_2017-01-01_2025-12-31.csv,82897,TAPACURA,CONVENCIONAL,-8.17,-35.18,102,Horaria,2023,direcao_vento_graus,"VENTO, DIRECAO HORARIA(codigo)",1095,0,1095,0,365,0,0,2023-01-01T12:00:00Z,2024-01-01T00:00:00Z,,,,,
dados_82897_H_2017-01-01_2025-12-31.csv,82897,TAPACURA,CONVENCIONAL,-8.17,-35.18,102,Horaria,2023,pressao_estacao_hpa,"PRESSAO ATMOSFERICA AO NIVEL DA ESTACAO, HORARIA(mB)",1095,0,1095,0,365,0,0,2023-01-01T12:00:00Z,2024-01-01T00:00:00Z,,,,,
dados_82897_H_2017-01-01_2025-12-31.csv,82897,TAPACURA,CONVENCIONAL,-8.17,-35.18,102,Horaria,2023,temperatura_ar_c,"TEMPERATURA DO AR - BULBO SECO, HORARIA(°C)",1095,0,1095,0,365,0,0,2023-01-01T12:00:00Z,2024-01-01T00:00:00Z,,,,,
dados_82897_H_2017-01-01_2025-12-31.csv,82897,TAPACURA,CONVENCIONAL,-8.17,-35.18,102,Horaria,2023,umidade_relativa_pct,"UMIDADE RELATIVA DO AR, HORARIA(%)",1095,0,1095,0,365,0,0,2023-01-01T12:00:00Z,2024-01-01T00:00:00Z,,,,,
dados_82897_H_2017-01-01_2025-12-31.csv,82897,TAPACURA,CONVENCIONAL,-8.17,-35.18,102,Horaria,2023,velocidade_vento_ms,"VENTO, VELOCIDADE HORARIA(m/s)",1095,0,1095,0,365,0,0,2023-01-01T12:00:00Z,2024-01-01T00:00:00Z,,,,,
dados_82897_H_2017-01-01_2025-12-31.csv,82897,TAPACURA,CONVENCIONAL,-8.17,-35.18,102,Horaria,2024,direcao_vento_graus,"VENTO, DIRECAO HORARIA(codigo)",1098,0,1098,0,366,0,0,2024-01-01T12:00:00Z,2025-01-01T00:00:00Z,,,,,
dados_82897_H_2017-01-01_2025-12-31.csv,82897,TAPACURA,CONVENCIONAL,-8.17,-35.18,102,Horaria,2024,pressao_estacao_hpa,"PRESSAO ATMOSFERICA AO NIVEL DA ESTACAO, HORARIA(mB)",1098,0,1098,0,366,0,0,2024-01-01T12:00:00Z,2025-01-01T00:00:00Z,,,,,
dados_82897_H_2017-01-01_2025-12-31.csv,82897,TAPACURA,CONVENCIONAL,-8.17,-35.18,102,Horaria,2024,temperatura_ar_c,"TEMPERATURA DO AR - BULBO SECO, HORARIA(°C)",1098,0,1098,0,366,0,0,2024-01-01T12:00:00Z,2025-01-01T00:00:00Z,,,,,
dados_82897_H_2017-01-01_2025-12-31.csv,82897,TAPACURA,CONVENCIONAL,-8.17,-35.18,102,Horaria,2024,umidade_relativa_pct,"UMIDADE RELATIVA DO AR, HORARIA(%)",1098,0,1098,0,366,0,0,2024-01-01T12:00:00Z,2025-01-01T00:00:00Z,,,,,
dados_82897_H_2017-01-01_2025-12-31.csv,82897,TAPACURA,CONVENCIONAL,-8.17,-35.18,102,Horaria,2024,velocidade_vento_ms,"VENTO, VELOCIDADE HORARIA(m/s)",1098,0,1098,0,366,0,0,2024-01-01T12:00:00Z,2025-01-01T00:00:00Z,,,,,
dados_82897_H_2017-01-01_2025-12-31.csv,82897,TAPACURA,CONVENCIONAL,-8.17,-35.18,102,Horaria,2025,direcao_vento_graus,"VENTO, DIRECAO HORARIA(codigo)",1094,0,1094,0,365,0,0,2025-01-01T12:00:00Z,2025-12-31T18:00:00Z,,,,,
dados_82897_H_2017-01-01_2025-12-31.csv,82897,TAPACURA,CONVENCIONAL,-8.17,-35.18,102,Horaria,2025,pressao_estacao_hpa,"PRESSAO ATMOSFERICA AO NIVEL DA ESTACAO, HORARIA(mB)",1094,0,1094,0,365,0,0,2025-01-01T12:00:00Z,2025-12-31T18:00:00Z,,,,,
dados_82897_H_2017-01-01_2025-12-31.csv,82897,TAPACURA,CONVENCIONAL,-8.17,-35.18,102,Horaria,2025,temperatura_ar_c,"TEMPERATURA DO AR - BULBO SECO, HORARIA(°C)",1094,0,1094,0,365,0,0,2025-01-01T12:00:00Z,2025-12-31T18:00:00Z,,,,,
dados_82897_H_2017-01-01_2025-12-31.csv,82897,TAPACURA,CONVENCIONAL,-8.17,-35.18,102,Horaria,2025,umidade_relativa_pct,"UMIDADE RELATIVA DO AR, HORARIA(%)",1094,0,1094,0,365,0,0,2025-01-01T12:00:00Z,2025-12-31T18:00:00Z,,,,,
dados_82897_H_2017-01-01_2025-12-31.csv,82897,TAPACURA,CONVENCIONAL,-8.17,-35.18,102,Horaria,2025,velocidade_vento_ms,"VENTO, VELOCIDADE HORARIA(m/s)",1094,0,1094,0,365,0,0,2025-01-01T12:00:00Z,2025-12-31T18:00:00Z,,,,,
dados_82898_H_2017-01-01_2025-12-31.csv,82898,OLINDA,CONVENCIONAL,-8.02,-34.85,55,Horaria,2017,direcao_vento_graus,"VENTO, DIRECAO HORARIA(codigo)",1095,0,1095,0,365,0,0,2017-01-01T12:00:00Z,2018-01-01T00:00:00Z,,,,,
dados_82898_H_2017-01-01_2025-12-31.csv,82898,OLINDA,CONVENCIONAL,-8.02,-34.85,55,Horaria,2017,pressao_estacao_hpa,"PRESSAO ATMOSFERICA AO NIVEL DA ESTACAO, HORARIA(mB)",1095,0,1095,0,365,0,0,2017-01-01T12:00:00Z,2018-01-01T00:00:00Z,,,,,
dados_82898_H_2017-01-01_2025-12-31.csv,82898,OLINDA,CONVENCIONAL,-8.02,-34.85,55,Horaria,2017,temperatura_ar_c,"TEMPERATURA DO AR - BULBO SECO, HORARIA(°C)",1095,0,1095,0,365,0,0,2017-01-01T12:00:00Z,2018-01-01T00:00:00Z,,,,,
dados_82898_H_2017-01-01_2025-12-31.csv,82898,OLINDA,CONVENCIONAL,-8.02,-34.85,55,Horaria,2017,umidade_relativa_pct,"UMIDADE RELATIVA DO AR, HORARIA(%)",1095,0,1095,0,365,0,0,2017-01-01T12:00:00Z,2018-01-01T00:00:00Z,,,,,
dados_82898_H_2017-01-01_2025-12-31.csv,82898,OLINDA,CONVENCIONAL,-8.02,-34.85,55,Horaria,2017,velocidade_vento_ms,"VENTO, VELOCIDADE HORARIA(m/s)",1095,0,1095,0,365,0,0,2017-01-01T12:00:00Z,2018-01-01T00:00:00Z,,,,,
dados_82898_H_2017-01-01_2025-12-31.csv,82898,OLINDA,CONVENCIONAL,-8.02,-34.85,55,Horaria,2018,direcao_vento_graus,"VENTO, DIRECAO HORARIA(codigo)",1095,0,1095,0,365,0,0,2018-01-01T12:00:00Z,2019-01-01T00:00:00Z,,,,,
dados_82898_H_2017-01-01_2025-12-31.csv,82898,OLINDA,CONVENCIONAL,-8.02,-34.85,55,Horaria,2018,pressao_estacao_hpa,"PRESSAO ATMOSFERICA AO NIVEL DA ESTACAO, HORARIA(mB)",1095,0,1095,0,365,0,0,2018-01-01T12:00:00Z,2019-01-01T00:00:00Z,,,,,
dados_82898_H_2017-01-01_2025-12-31.csv,82898,OLINDA,CONVENCIONAL,-8.02,-34.85,55,Horaria,2018,temperatura_ar_c,"TEMPERATURA DO AR - BULBO SECO, HORARIA(°C)",1095,0,1095,0,365,0,0,2018-01-01T12:00:00Z,2019-01-01T00:00:00Z,,,,,
dados_82898_H_2017-01-01_2025-12-31.csv,82898,OLINDA,CONVENCIONAL,-8.02,-34.85,55,Horaria,2018,umidade_relativa_pct,"UMIDADE RELATIVA DO AR, HORARIA(%)",1095,0,1095,0,365,0,0,2018-01-01T12:00:00Z,2019-01-01T00:00:00Z,,,,,
dados_82898_H_2017-01-01_2025-12-31.csv,82898,OLINDA,CONVENCIONAL,-8.02,-34.85,55,Horaria,2018,velocidade_vento_ms,"VENTO, VELOCIDADE HORARIA(m/s)",1095,0,1095,0,365,0,0,2018-01-01T12:00:00Z,2019-01-01T00:00:00Z,,,,,
dados_82898_H_2017-01-01_2025-12-31.csv,82898,OLINDA,CONVENCIONAL,-8.02,-34.85,55,Horaria,2019,direcao_vento_graus,"VENTO, DIRECAO HORARIA(codigo)",1095,0,1095,0,365,0,0,2019-01-01T12:00:00Z,2020-01-01T00:00:00Z,,,,,
dados_82898_H_2017-01-01_2025-12-31.csv,82898,OLINDA,CONVENCIONAL,-8.02,-34.85,55,Horaria,2019,pressao_estacao_hpa,"PRESSAO ATMOSFERICA AO NIVEL DA ESTACAO, HORARIA(mB)",1095,0,1095,0,365,0,0,2019-01-01T12:00:00Z,2020-01-01T00:00:00Z,,,,,
dados_82898_H_2017-01-01_2025-12-31.csv,82898,OLINDA,CONVENCIONAL,-8.02,-34.85,55,Horaria,2019,temperatura_ar_c,"TEMPERATURA DO AR - BULBO SECO, HORARIA(°C)",1095,0,1095,0,365,0,0,2019-01-01T12:00:00Z,2020-01-01T00:00:00Z,,,,,
dados_82898_H_2017-01-01_2025-12-31.csv,82898,OLINDA,CONVENCIONAL,-8.02,-34.85,55,Horaria,2019,umidade_relativa_pct,"UMIDADE RELATIVA DO AR, HORARIA(%)",1095,0,1095,0,365,0,0,2019-01-01T12:00:00Z,2020-01-01T00:00:00Z,,,,,
dados_82898_H_2017-01-01_2025-12-31.csv,82898,OLINDA,CONVENCIONAL,-8.02,-34.85,55,Horaria,2019,velocidade_vento_ms,"VENTO, VELOCIDADE HORARIA(m/s)",1095,0,1095,0,365,0,0,2019-01-01T12:00:00Z,2020-01-01T00:00:00Z,,,,,
dados_82898_H_2017-01-01_2025-12-31.csv,82898,OLINDA,CONVENCIONAL,-8.02,-34.85,55,Horaria,2020,direcao_vento_graus,"VENTO, DIRECAO HORARIA(codigo)",1098,0,1098,0,366,0,0,2020-01-01T12:00:00Z,2021-01-01T00:00:00Z,,,,,
dados_82898_H_2017-01-01_2025-12-31.csv,82898,OLINDA,CONVENCIONAL,-8.02,-34.85,55,Horaria,2020,pressao_estacao_hpa,"PRESSAO ATMOSFERICA AO NIVEL DA ESTACAO, HORARIA(mB)",1098,0,1098,0,366,0,0,2020-01-01T12:00:00Z,2021-01-01T00:00:00Z,,,,,
dados_82898_H_2017-01-01_2025-12-31.csv,82898,OLINDA,CONVENCIONAL,-8.02,-34.85,55,Horaria,2020,temperatura_ar_c,"TEMPERATURA DO AR - BULBO SECO, HORARIA(°C)",1098,0,1098,0,366,0,0,2020-01-01T12:00:00Z,2021-01-01T00:00:00Z,,,,,
dados_82898_H_2017-01-01_2025-12-31.csv,82898,OLINDA,CONVENCIONAL,-8.02,-34.85,55,Horaria,2020,umidade_relativa_pct,"UMIDADE RELATIVA DO AR, HORARIA(%)",1098,0,1098,0,366,0,0,2020-01-01T12:00:00Z,2021-01-01T00:00:00Z,,,,,
dados_82898_H_2017-01-01_2025-12-31.csv,82898,OLINDA,CONVENCIONAL,-8.02,-34.85,55,Horaria,2020,velocidade_vento_ms,"VENTO, VELOCIDADE HORARIA(m/s)",1098,0,1098,0,366,0,0,2020-01-01T12:00:00Z,2021-01-01T00:00:00Z,,,,,
dados_82898_H_2017-01-01_2025-12-31.csv,82898,OLINDA,CONVENCIONAL,-8.02,-34.85,55,Horaria,2021,pressao_estacao_hpa,"PRESSAO ATMOSFERICA AO NIVEL DA ESTACAO, HORARIA(mB)",1095,0,1095,0,365,0,0,2021-01-01T12:00:00Z,2022-01-01T00:00:00Z,,,,,
dados_82898_H_2017-01-01_2025-12-31.csv,82898,OLINDA,CONVENCIONAL,-8.02,-34.85,55,Horaria,2022,direcao_vento_graus,"VENTO, DIRECAO HORARIA(codigo)",1095,0,1095,0,365,0,0,2022-01-01T12:00:00Z,2023-01-01T00:00:00Z,,,,,
dados_82898_H_2017-01-01_2025-12-31.csv,82898,OLINDA,CONVENCIONAL,-8.02,-34.85,55,Horaria,2022,pressao_estacao_hpa,"PRESSAO ATMOSFERICA AO NIVEL DA ESTACAO, HORARIA(mB)",1095,0,1095,0,365,0,0,2022-01-01T12:00:00Z,2023-01-01T00:00:00Z,,,,,
dados_82898_H_2017-01-01_2025-12-31.csv,82898,OLINDA,CONVENCIONAL,-8.02,-34.85,55,Horaria,2022,temperatura_ar_c,"TEMPERATURA DO AR - BULBO SECO, HORARIA(°C)",1095,0,1095,0,365,0,0,2022-01-01T12:00:00Z,2023-01-01T00:00:00Z,,,,,
dados_82898_H_2017-01-01_2025-12-31.csv,82898,OLINDA,CONVENCIONAL,-8.02,-34.85,55,Horaria,2022,umidade_relativa_pct,"UMIDADE RELATIVA DO AR, HORARIA(%)",1095,0,1095,0,365,0,0,2022-01-01T12:00:00Z,2023-01-01T00:00:00Z,,,,,
dados_82898_H_2017-01-01_2025-12-31.csv,82898,OLINDA,CONVENCIONAL,-8.02,-34.85,55,Horaria,2022,velocidade_vento_ms,"VENTO, VELOCIDADE HORARIA(m/s)",1095,0,1095,0,365,0,0,2022-01-01T12:00:00Z,2023-01-01T00:00:00Z,,,,,
dados_82898_H_2017-01-01_2025-12-31.csv,82898,OLINDA,CONVENCIONAL,-8.02,-34.85,55,Horaria,2023,direcao_vento_graus,"VENTO, DIRECAO HORARIA(codigo)",1095,0,1095,0,365,0,0,2023-01-01T12:00:00Z,2024-01-01T00:00:00Z,,,,,
dados_82898_H_2017-01-01_2025-12-31.csv,82898,OLINDA,CONVENCIONAL,-8.02,-34.85,55,Horaria,2023,pressao_estacao_hpa,"PRESSAO ATMOSFERICA AO NIVEL DA ESTACAO, HORARIA(mB)",1095,0,1095,0,365,0,0,2023-01-01T12:00:00Z,2024-01-01T00:00:00Z,,,,,
dados_82898_H_2017-01-01_2025-12-31.csv,82898,OLINDA,CONVENCIONAL,-8.02,-34.85,55,Horaria,2023,temperatura_ar_c,"TEMPERATURA DO AR - BULBO SECO, HORARIA(°C)",1095,0,1095,0,365,0,0,2023-01-01T12:00:00Z,2024-01-01T00:00:00Z,,,,,
dados_82898_H_2017-01-01_2025-12-31.csv,82898,OLINDA,CONVENCIONAL,-8.02,-34.85,55,Horaria,2023,umidade_relativa_pct,"UMIDADE RELATIVA DO AR, HORARIA(%)",1095,0,1095,0,365,0,0,2023-01-01T12:00:00Z,2024-01-01T00:00:00Z,,,,,
dados_82898_H_2017-01-01_2025-12-31.csv,82898,OLINDA,CONVENCIONAL,-8.02,-34.85,55,Horaria,2023,velocidade_vento_ms,"VENTO, VELOCIDADE HORARIA(m/s)",1095,0,1095,0,365,0,0,2023-01-01T12:00:00Z,2024-01-01T00:00:00Z,,,,,
dados_82898_H_2017-01-01_2025-12-31.csv,82898,OLINDA,CONVENCIONAL,-8.02,-34.85,55,Horaria,2024,direcao_vento_graus,"VENTO, DIRECAO HORARIA(codigo)",1098,0,1098,0,366,0,0,2024-01-01T12:00:00Z,2025-01-01T00:00:00Z,,,,,
dados_82898_H_2017-01-01_2025-12-31.csv,82898,OLINDA,CONVENCIONAL,-8.02,-34.85,55,Horaria,2024,pressao_estacao_hpa,"PRESSAO ATMOSFERICA AO NIVEL DA ESTACAO, HORARIA(mB)",1098,0,1098,0,366,0,0,2024-01-01T12:00:00Z,2025-01-01T00:00:00Z,,,,,
dados_82898_H_2017-01-01_2025-12-31.csv,82898,OLINDA,CONVENCIONAL,-8.02,-34.85,55,Horaria,2024,temperatura_ar_c,"TEMPERATURA DO AR - BULBO SECO, HORARIA(°C)",1098,0,1098,0,366,0,0,2024-01-01T12:00:00Z,2025-01-01T00:00:00Z,,,,,
dados_82898_H_2017-01-01_2025-12-31.csv,82898,OLINDA,CONVENCIONAL,-8.02,-34.85,55,Horaria,2024,umidade_relativa_pct,"UMIDADE RELATIVA DO AR, HORARIA(%)",1098,0,1098,0,366,0,0,2024-01-01T12:00:00Z,2025-01-01T00:00:00Z,,,,,
dados_82898_H_2017-01-01_2025-12-31.csv,82898,OLINDA,CONVENCIONAL,-8.02,-34.85,55,Horaria,2024,velocidade_vento_ms,"VENTO, VELOCIDADE HORARIA(m/s)",1098,0,1098,0,366,0,0,2024-01-01T12:00:00Z,2025-01-01T00:00:00Z,,,,,
dados_82898_H_2017-01-01_2025-12-31.csv,82898,OLINDA,CONVENCIONAL,-8.02,-34.85,55,Horaria,2025,direcao_vento_graus,"VENTO, DIRECAO HORARIA(codigo)",1094,0,1094,0,365,0,0,2025-01-01T12:00:00Z,2025-12-31T18:00:00Z,,,,,
dados_82898_H_2017-01-01_2025-12-31.csv,82898,OLINDA,CONVENCIONAL,-8.02,-34.85,55,Horaria,2025,pressao_estacao_hpa,"PRESSAO ATMOSFERICA AO NIVEL DA ESTACAO, HORARIA(mB)",1094,0,1094,0,365,0,0,2025-01-01T12:00:00Z,2025-12-31T18:00:00Z,,,,,
dados_82898_H_2017-01-01_2025-12-31.csv,82898,OLINDA,CONVENCIONAL,-8.02,-34.85,55,Horaria,2025,temperatura_ar_c,"TEMPERATURA DO AR - BULBO SECO, HORARIA(°C)",1094,0,1094,0,365,0,0,2025-01-01T12:00:00Z,2025-12-31T18:00:00Z,,,,,
dados_82898_H_2017-01-01_2025-12-31.csv,82898,OLINDA,CONVENCIONAL,-8.02,-34.85,55,Horaria,2025,umidade_relativa_pct,"UMIDADE RELATIVA DO AR, HORARIA(%)",1094,0,1094,0,365,0,0,2025-01-01T12:00:00Z,2025-12-31T18:00:00Z,,,,,
dados_82898_H_2017-01-01_2025-12-31.csv,82898,OLINDA,CONVENCIONAL,-8.02,-34.85,55,Horaria,2025,velocidade_vento_ms,"VENTO, VELOCIDADE HORARIA(m/s)",1094,0,1094,0,365,0,0,2025-01-01T12:00:00Z,2025-12-31T18:00:00Z,,,,,
dados_82983_H_2017-01-01_2025-12-31.csv,82983,PETROLINA,CONVENCIONAL,-9.3886111,-40.52333332,372.54,Horaria,2025,pressao_estacao_hpa,"PRESSAO ATMOSFERICA AO NIVEL DA ESTACAO, HORARIA(mB)",1094,0,1094,0,365,0,0,2025-01-01T12:00:00Z,2025-12-31T18:00:00Z,,,,,
