arquivo,cod_estacao,nome_estacao,tipo_estacao,variavel,coluna_detectada,coluna_encontrada
dados_A301_H_2017-01-01_2021-11-11.csv,A301,RECIFE,AUTOMATICA,direcao_vento_graus,"VENTO, DIRECAO HORARIA (gr)(° (gr))",TRUE
dados_A301_H_2017-01-01_2021-11-11.csv,A301,RECIFE,AUTOMATICA,pressao_estacao_hpa,"PRESSAO ATMOSFERICA AO NIVEL DA ESTACAO, HORARIA(mB)",TRUE
dados_A301_H_2017-01-01_2021-11-11.csv,A301,RECIFE,AUTOMATICA,temperatura_ar_c,"TEMPERATURA DO AR - BULBO SECO, HORARIA(°C)",TRUE
dados_A301_H_2017-01-01_2021-11-11.csv,A301,RECIFE,AUTOMATICA,umidade_relativa_pct,"UMIDADE RELATIVA DO AR, HORARIA(%)",TRUE
dados_A301_H_2017-01-01_2021-11-11.csv,A301,RECIFE,AUTOMATICA,velocidade_vento_ms,"VENTO, VELOCIDADE HORARIA(m/s)",TRUE
dados_A307_H_2017-01-01_2025-12-31.csv,A307,PETROLINA,AUTOMATICA,direcao_vento_graus,"VENTO, DIRECAO HORARIA (gr)(° (gr))",TRUE
dados_A307_H_2017-01-01_2025-12-31.csv,A307,PETROLINA,AUTOMATICA,pressao_estacao_hpa,"PRESSAO ATMOSFERICA AO NIVEL DA ESTACAO, HORARIA(mB)",TRUE
dados_A307_H_2017-01-01_2025-12-31.csv,A307,PETROLINA,AUTOMATICA,temperatura_ar_c,"TEMPERATURA DO AR - BULBO SECO, HORARIA(°C)",TRUE
dados_A307_H_2017-01-01_2025-12-31.csv,A307,PETROLINA,AUTOMATICA,umidade_relativa_pct,"UMIDADE RELATIVA DO AR, HORARIA(%)",TRUE
dados_A307_H_2017-01-01_2025-12-31.csv,A307,PETROLINA,AUTOMATICA,velocidade_vento_ms,"VENTO, VELOCIDADE HORARIA(m/s)",TRUE
dados_A309_H_2017-01-01_2025-12-31.csv,A309,ARCO VERDE,AUTOMATICA,direcao_vento_graus,"VENTO, DIRECAO HORARIA (gr)(° (gr))",TRUE
dados_A309_H_2017-01-01_2025-12-31.csv,A309,ARCO VERDE,AUTOMATICA,pressao_estacao_hpa,"PRESSAO ATMOSFERICA AO NIVEL DA ESTACAO, HORARIA(mB)",TRUE
dados_A309_H_2017-01-01_2025-12-31.csv,A309,ARCO VERDE,AUTOMATICA,temperatura_ar_c,"TEMPERATURA DO AR - BULBO SECO, HORARIA(°C)",TRUE
dados_A309_H_2017-01-01_2025-12-31.csv,A309,ARCO VERDE,AUTOMATICA,umidade_relativa_pct,"UMIDADE RELATIVA DO AR, HORARIA(%)",TRUE
dados_A309_H_2017-01-01_2025-12-31.csv,A309,ARCO VERDE,AUTOMATICA,velocidade_vento_ms,"VENTO, VELOCIDADE HORARIA(m/s)",TRUE
dados_A322_H_2017-01-01_2025-12-31.csv,A322,GARANHUNS,AUTOMATICA,direcao_vento_graus,"VENTO, DIRECAO HORARIA (gr)(° (gr))",TRUE
dados_A322_H_2017-01-01_2025-12-31.csv,A322,GARANHUNS,AUTOMATICA,pressao_estacao_hpa,"PRESSAO ATMOSFERICA AO NIVEL DA ESTACAO, HORARIA(mB)",TRUE
dados_A322_H_2017-01-01_2025-12-31.csv,A322,GARANHUNS,AUTOMATICA,temperatura_ar_c,"TEMPERATURA DO AR - BULBO SECO, HORARIA(°C)",TRUE
dados_A322_H_2017-01-01_2025-12-31.csv,A322,GARANHUNS,AUTOMATICA,umidade_relativa_pct,"UMIDADE RELATIVA DO AR, HORARIA(%)",TRUE
dados_A322_H_2017-01-01_2025-12-31.csv,A322,GARANHUNS,AUTOMATICA,velocidade_vento_ms,"VENTO, VELOCIDADE HORARIA(m/s)",TRUE
dados_A328_H_2017-01-01_2025-12-31.csv,A328,SURUBIM,AUTOMATICA,direcao_vento_graus,"VENTO, DIRECAO HORARIA (gr)(° (gr))",TRUE
dados_A328_H_2017-01-01_2025-12-31.csv,A328,SURUBIM,AUTOMATICA,pressao_estacao_hpa,"PRESSAO ATMOSFERICA AO NIVEL DA ESTACAO, HORARIA(mB)",TRUE
dados_A328_H_2017-01-01_2025-12-31.csv,A328,SURUBIM,AUTOMATICA,temperatura_ar_c,"TEMPERATURA DO AR - BULBO SECO, HORARIA(°C)",TRUE
dados_A328_H_2017-01-01_2025-12-31.csv,A328,SURUBIM,AUTOMATICA,umidade_relativa_pct,"UMIDADE RELATIVA DO AR, HORARIA(%)",TRUE
dados_A328_H_2017-01-01_2025-12-31.csv,A328,SURUBIM,AUTOMATICA,velocidade_vento_ms,"VENTO, VELOCIDADE HORARIA(m/s)",TRUE
dados_A329_H_2017-01-01_2025-12-31.csv,A329,CABROBO,AUTOMATICA,direcao_vento_graus,"VENTO, DIRECAO HORARIA (gr)(° (gr))",TRUE
dados_A329_H_2017-01-01_2025-12-31.csv,A329,CABROBO,AUTOMATICA,pressao_estacao_hpa,"PRESSAO ATMOSFERICA AO NIVEL DA ESTACAO, HORARIA(mB)",TRUE
dados_A329_H_2017-01-01_2025-12-31.csv,A329,CABROBO,AUTOMATICA,temperatura_ar_c,"TEMPERATURA DO AR - BULBO SECO, HORARIA(°C)",TRUE
dados_A329_H_2017-01-01_2025-12-31.csv,A329,CABROBO,AUTOMATICA,umidade_relativa_pct,"UMIDADE RELATIVA DO AR, HORARIA(%)",TRUE
dados_A329_H_2017-01-01_2025-12-31.csv,A329,CABROBO,AUTOMATICA,velocidade_vento_ms,"VENTO, VELOCIDADE HORARIA(m/s)",TRUE
dados_A341_H_2017-01-01_2025-12-31.csv,A341,CARUARU,AUTOMATICA,direcao_vento_graus,"VENTO, DIRECAO HORARIA (gr)(° (gr))",TRUE
dados_A341_H_2017-01-01_2025-12-31.csv,A341,CARUARU,AUTOMATICA,pressao_estacao_hpa,"PRESSAO ATMOSFERICA AO NIVEL DA ESTACAO, HORARIA(mB)",TRUE
dados_A341_H_2017-01-01_2025-12-31.csv,A341,CARUARU,AUTOMATICA,temperatura_ar_c,"TEMPERATURA DO AR - BULBO SECO, HORARIA(°C)",TRUE
dados_A341_H_2017-01-01_2025-12-31.csv,A341,CARUARU,AUTOMATICA,umidade_relativa_pct,"UMIDADE RELATIVA DO AR, HORARIA(%)",TRUE
dados_A341_H_2017-01-01_2025-12-31.csv,A341,CARUARU,AUTOMATICA,velocidade_vento_ms,"VENTO, VELOCIDADE HORARIA(m/s)",TRUE
dados_A349_H_2017-01-01_2025-12-31.csv,A349,IBIMIRIM,AUTOMATICA,direcao_vento_graus,"VENTO, DIRECAO HORARIA (gr)(° (gr))",TRUE
dados_A349_H_2017-01-01_2025-12-31.csv,A349,IBIMIRIM,AUTOMATICA,pressao_estacao_hpa,"PRESSAO ATMOSFERICA AO NIVEL DA ESTACAO, HORARIA(mB)",TRUE
dados_A349_H_2017-01-01_2025-12-31.csv,A349,IBIMIRIM,AUTOMATICA,temperatura_ar_c,"TEMPERATURA DO AR - BULBO SECO, HORARIA(°C)",TRUE
dados_A349_H_2017-01-01_2025-12-31.csv,A349,IBIMIRIM,AUTOMATICA,umidade_relativa_pct,"UMIDADE RELATIVA DO AR, HORARIA(%)",TRUE
dados_A349_H_2017-01-01_2025-12-31.csv,A349,IBIMIRIM,AUTOMATICA,velocidade_vento_ms,"VENTO, VELOCIDADE HORARIA(m/s)",TRUE
dados_A350_H_2017-01-01_2025-12-31.csv,A350,SERRA TALHADA,AUTOMATICA,direcao_vento_graus,"VENTO, DIRECAO HORARIA (gr)(° (gr))",TRUE
dados_A350_H_2017-01-01_2025-12-31.csv,A350,SERRA TALHADA,AUTOMATICA,pressao_estacao_hpa,"PRESSAO ATMOSFERICA AO NIVEL DA ESTACAO, HORARIA(mB)",TRUE
dados_A350_H_2017-01-01_2025-12-31.csv,A350,SERRA TALHADA,AUTOMATICA,temperatura_ar_c,"TEMPERATURA DO AR - BULBO SECO, HORARIA(°C)",TRUE
dados_A350_H_2017-01-01_2025-12-31.csv,A350,SERRA TALHADA,AUTOMATICA,umidade_relativa_pct,"UMIDADE RELATIVA DO AR, HORARIA(%)",TRUE
dados_A350_H_2017-01-01_2025-12-31.csv,A350,SERRA TALHADA,AUTOMATICA,velocidade_vento_ms,"VENTO, VELOCIDADE HORARIA(m/s)",TRUE
dados_A351_H_2017-01-01_2025-12-31.csv,A351,FLORESTA,AUTOMATICA,direcao_vento_graus,"VENTO, DIRECAO HORARIA (gr)(° (gr))",TRUE
dados_A351_H_2017-01-01_2025-12-31.csv,A351,FLORESTA,AUTOMATICA,pressao_estacao_hpa,"PRESSAO ATMOSFERICA AO NIVEL DA ESTACAO, HORARIA(mB)",TRUE
dados_A351_H_2017-01-01_2025-12-31.csv,A351,FLORESTA,AUTOMATICA,temperatura_ar_c,"TEMPERATURA DO AR - BULBO SECO, HORARIA(°C)",TRUE
dados_A351_H_2017-01-01_2025-12-31.csv,A351,FLORESTA,AUTOMATICA,umidade_relativa_pct,"UMIDADE RELATIVA DO AR, HORARIA(%)",TRUE
dados_A351_H_2017-01-01_2025-12-31.csv,A351,FLORESTA,AUTOMATICA,velocidade_vento_ms,"VENTO, VELOCIDADE HORARIA(m/s)",TRUE
dados_A357_H_2017-01-01_2025-12-31.csv,A357,PALMARES,AUTOMATICA,direcao_vento_graus,"VENTO, DIRECAO HORARIA (gr)(° (gr))",TRUE
dados_A357_H_2017-01-01_2025-12-31.csv,A357,PALMARES,AUTOMATICA,pressao_estacao_hpa,"PRESSAO ATMOSFERICA AO NIVEL DA ESTACAO, HORARIA(mB)",TRUE
dados_A357_H_2017-01-01_2025-12-31.csv,A357,PALMARES,AUTOMATICA,temperatura_ar_c,"TEMPERATURA DO AR - BULBO SECO, HORARIA(°C)",TRUE
dados_A357_H_2017-01-01_2025-12-31.csv,A357,PALMARES,AUTOMATICA,umidade_relativa_pct,"UMIDADE RELATIVA DO AR, HORARIA(%)",TRUE
dados_A357_H_2017-01-01_2025-12-31.csv,A357,PALMARES,AUTOMATICA,velocidade_vento_ms,"VENTO, VELOCIDADE HORARIA(m/s)",TRUE
dados_A366_H_2017-01-01_2025-12-31.csv,A366,OURICURI,AUTOMATICA,direcao_vento_graus,"VENTO, DIRECAO HORARIA (gr)(° (gr))",TRUE
dados_A366_H_2017-01-01_2025-12-31.csv,A366,OURICURI,AUTOMATICA,pressao_estacao_hpa,"PRESSAO ATMOSFERICA AO NIVEL DA ESTACAO, HORARIA(mB)",TRUE
dados_A366_H_2017-01-01_2025-12-31.csv,A366,OURICURI,AUTOMATICA,temperatura_ar_c,"TEMPERATURA DO AR - BULBO SECO, HORARIA(°C)",TRUE
dados_A366_H_2017-01-01_2025-12-31.csv,A366,OURICURI,AUTOMATICA,umidade_relativa_pct,"UMIDADE RELATIVA DO AR, HORARIA(%)",TRUE
dados_A366_H_2017-01-01_2025-12-31.csv,A366,OURICURI,AUTOMATICA,velocidade_vento_ms,"VENTO, VELOCIDADE HORARIA(m/s)",TRUE
dados_A370_H_2017-09-14_2025-12-31.csv,A370,SALGUEIRO,AUTOMATICA,direcao_vento_graus,"VENTO, DIRECAO HORARIA (gr)(° (gr))",TRUE
dados_A370_H_2017-09-14_2025-12-31.csv,A370,SALGUEIRO,AUTOMATICA,pressao_estacao_hpa,"PRESSAO ATMOSFERICA AO NIVEL DA ESTACAO, HORARIA(mB)",TRUE
dados_A370_H_2017-09-14_2025-12-31.csv,A370,SALGUEIRO,AUTOMATICA,temperatura_ar_c,"TEMPERATURA DO AR - BULBO SECO, HORARIA(°C)",TRUE
dados_A370_H_2017-09-14_2025-12-31.csv,A370,SALGUEIRO,AUTOMATICA,umidade_relativa_pct,"UMIDADE RELATIVA DO AR, HORARIA(%)",TRUE
dados_A370_H_2017-09-14_2025-12-31.csv,A370,SALGUEIRO,AUTOMATICA,velocidade_vento_ms,"VENTO, VELOCIDADE HORARIA(m/s)",TRUE
dados_82753_H_2017-01-01_2025-12-31.csv,82753,OURICURI,CONVENCIONAL,direcao_vento_graus,"VENTO, DIRECAO HORARIA(codigo)",TRUE
dados_82753_H_2017-01-01_2025-12-31.csv,82753,OURICURI,CONVENCIONAL,pressao_estacao_hpa,"PRESSAO ATMOSFERICA AO NIVEL DA ESTACAO, HORARIA(mB)",TRUE
dados_82753_H_2017-01-01_2025-12-31.csv,82753,OURICURI,CONVENCIONAL,temperatura_ar_c,"TEMPERATURA DO AR - BULBO SECO, HORARIA(°C)",TRUE
dados_82753_H_2017-01-01_2025-12-31.csv,82753,OURICURI,CONVENCIONAL,umidade_relativa_pct,"UMIDADE RELATIVA DO AR, HORARIA(%)",TRUE
dados_82753_H_2017-01-01_2025-12-31.csv,82753,OURICURI,CONVENCIONAL,velocidade_vento_ms,"VENTO, VELOCIDADE HORARIA(m/s)",TRUE
dados_82781_H_2017-01-01_2025-12-31.csv,82781,NAZARE DA MATA,CONVENCIONAL,direcao_vento_graus,"VENTO, DIRECAO HORARIA(codigo)",TRUE
dados_82781_H_2017-01-01_2025-12-31.csv,82781,NAZARE DA MATA,CONVENCIONAL,pressao_estacao_hpa,"PRESSAO ATMOSFERICA AO NIVEL DA ESTACAO, HORARIA(mB)",TRUE
dados_82781_H_2017-01-01_2025-12-31.csv,82781,NAZARE DA MATA,CONVENCIONAL,temperatura_ar_c,"TEMPERATURA DO AR - BULBO SECO, HORARIA(°C)",TRUE
dados_82781_H_2017-01-01_2025-12-31.csv,82781,NAZARE DA MATA,CONVENCIONAL,umidade_relativa_pct,"UMIDADE RELATIVA DO AR, HORARIA(%)",TRUE
dados_82781_H_2017-01-01_2025-12-31.csv,82781,NAZARE DA MATA,CONVENCIONAL,velocidade_vento_ms,"VENTO, VELOCIDADE HORARIA(m/s)",TRUE
dados_82789_H_2017-01-01_2018-03-28.csv,82789,TRIUNFO,CONVENCIONAL,direcao_vento_graus,"VENTO, DIRECAO HORARIA(codigo)",TRUE
dados_82789_H_2017-01-01_2018-03-28.csv,82789,TRIUNFO,CONVENCIONAL,pressao_estacao_hpa,"PRESSAO ATMOSFERICA AO NIVEL DA ESTACAO, HORARIA(mB)",TRUE
dados_82789_H_2017-01-01_2018-03-28.csv,82789,TRIUNFO,CONVENCIONAL,temperatura_ar_c,"TEMPERATURA DO AR - BULBO SECO, HORARIA(°C)",TRUE
dados_82789_H_2017-01-01_2018-03-28.csv,82789,TRIUNFO,CONVENCIONAL,umidade_relativa_pct,"UMIDADE RELATIVA DO AR, HORARIA(%)",TRUE
dados_82789_H_2017-01-01_2018-03-28.csv,82789,TRIUNFO,CONVENCIONAL,velocidade_vento_ms,"VENTO, VELOCIDADE HORARIA(m/s)",TRUE
dados_82797_H_2017-01-01_2025-12-31.csv,82797,SURUBIM,CONVENCIONAL,direcao_vento_graus,"VENTO, DIRECAO HORARIA(codigo)",TRUE
dados_82797_H_2017-01-01_2025-12-31.csv,82797,SURUBIM,CONVENCIONAL,pressao_estacao_hpa,"PRESSAO ATMOSFERICA AO NIVEL DA ESTACAO, HORARIA(mB)",TRUE
dados_82797_H_2017-01-01_2025-12-31.csv,82797,SURUBIM,CONVENCIONAL,temperatura_ar_c,"TEMPERATURA DO AR - BULBO SECO, HORARIA(°C)",TRUE
dados_82797_H_2017-01-01_2025-12-31.csv,82797,SURUBIM,CONVENCIONAL,umidade_relativa_pct,"UMIDADE RELATIVA DO AR, HORARIA(%)",TRUE
dados_82797_H_2017-01-01_2025-12-31.csv,82797,SURUBIM,CONVENCIONAL,velocidade_vento_ms,"VENTO, VELOCIDADE HORARIA(m/s)",TRUE
dados_82799_H_2017-01-01_2025-12-31.csv,82799,GOIANA,CONVENCIONAL,direcao_vento_graus,"VENTO, DIRECAO HORARIA(codigo)",TRUE
dados_82799_H_2017-01-01_2025-12-31.csv,82799,GOIANA,CONVENCIONAL,pressao_estacao_hpa,"PRESSAO ATMOSFERICA AO NIVEL DA ESTACAO, HORARIA(mB)",TRUE
dados_82799_H_2017-01-01_2025-12-31.csv,82799,GOIANA,CONVENCIONAL,temperatura_ar_c,"TEMPERATURA DO AR - BULBO SECO, HORARIA(°C)",TRUE
dados_82799_H_2017-01-01_2025-12-31.csv,82799,GOIANA,CONVENCIONAL,umidade_relativa_pct,"UMIDADE RELATIVA DO AR, HORARIA(%)",TRUE
dados_82799_H_2017-01-01_2025-12-31.csv,82799,GOIANA,CONVENCIONAL,velocidade_vento_ms,"VENTO, VELOCIDADE HORARIA(m/s)",TRUE
dados_82886_H_2017-01-01_2025-07-01.csv,82886,CABROBO,CONVENCIONAL,direcao_vento_graus,"VENTO, DIRECAO HORARIA(codigo)",TRUE
dados_82886_H_2017-01-01_2025-07-01.csv,82886,CABROBO,CONVENCIONAL,pressao_estacao_hpa,"PRESSAO ATMOSFERICA AO NIVEL DA ESTACAO, HORARIA(mB)",TRUE
dados_82886_H_2017-01-01_2025-07-01.csv,82886,CABROBO,CONVENCIONAL,temperatura_ar_c,"TEMPERATURA DO AR - BULBO SECO, HORARIA(°C)",TRUE
dados_82886_H_2017-01-01_2025-07-01.csv,82886,CABROBO,CONVENCIONAL,umidade_relativa_pct,"UMIDADE RELATIVA DO AR, HORARIA(%)",TRUE
dados_82886_H_2017-01-01_2025-07-01.csv,82886,CABROBO,CONVENCIONAL,velocidade_vento_ms,"VENTO, VELOCIDADE HORARIA(m/s)",TRUE
dados_82890_H_2017-01-01_2025-12-31.csv,82890,ARCO VERDE,CONVENCIONAL,direcao_vento_graus,"VENTO, DIRECAO HORARIA(codigo)",TRUE
dados_82890_H_2017-01-01_2025-12-31.csv,82890,ARCO VERDE,CONVENCIONAL,pressao_estacao_hpa,"PRESSAO ATMOSFERICA AO NIVEL DA ESTACAO, HORARIA(mB)",TRUE
dados_82890_H_2017-01-01_2025-12-31.csv,82890,ARCO VERDE,CONVENCIONAL,temperatura_ar_c,"TEMPERATURA DO AR - BULBO SECO, HORARIA(°C)",TRUE
dados_82890_H_2017-01-01_2025-12-31.csv,82890,ARCO VERDE,CONVENCIONAL,umidade_relativa_pct,"UMIDADE RELATIVA DO AR, HORARIA(%)",TRUE
dados_82890_H_2017-01-01_2025-12-31.csv,82890,ARCO VERDE,CONVENCIONAL,velocidade_vento_ms,"VENTO, VELOCIDADE HORARIA(m/s)",TRUE
dados_82893_H_2017-01-01_2022-11-11.csv,82893,GARANHUNS,CONVENCIONAL,direcao_vento_graus,"VENTO, DIRECAO HORARIA(codigo)",TRUE
dados_82893_H_2017-01-01_2022-11-11.csv,82893,GARANHUNS,CONVENCIONAL,pressao_estacao_hpa,"PRESSAO ATMOSFERICA AO NIVEL DA ESTACAO, HORARIA(mB)",TRUE
dados_82893_H_2017-01-01_2022-11-11.csv,82893,GARANHUNS,CONVENCIONAL,temperatura_ar_c,"TEMPERATURA DO AR - BULBO SECO, HORARIA(°C)",TRUE
dados_82893_H_2017-01-01_2022-11-11.csv,82893,GARANHUNS,CONVENCIONAL,umidade_relativa_pct,"UMIDADE RELATIVA DO AR, HORARIA(%)",TRUE
dados_82893_H_2017-01-01_2022-11-11.csv,82893,GARANHUNS,CONVENCIONAL,velocidade_vento_ms,"VENTO, VELOCIDADE HORARIA(m/s)",TRUE
dados_82897_H_2017-01-01_2025-12-31.csv,82897,TAPACURA,CONVENCIONAL,direcao_vento_graus,"VENTO, DIRECAO HORARIA(codigo)",TRUE
dados_82897_H_2017-01-01_2025-12-31.csv,82897,TAPACURA,CONVENCIONAL,pressao_estacao_hpa,"PRESSAO ATMOSFERICA AO NIVEL DA ESTACAO, HORARIA(mB)",TRUE
dados_82897_H_2017-01-01_2025-12-31.csv,82897,TAPACURA,CONVENCIONAL,temperatura_ar_c,"TEMPERATURA DO AR - BULBO SECO, HORARIA(°C)",TRUE
dados_82897_H_2017-01-01_2025-12-31.csv,82897,TAPACURA,CONVENCIONAL,umidade_relativa_pct,"UMIDADE RELATIVA DO AR, HORARIA(%)",TRUE
dados_82897_H_2017-01-01_2025-12-31.csv,82897,TAPACURA,CONVENCIONAL,velocidade_vento_ms,"VENTO, VELOCIDADE HORARIA(m/s)",TRUE
dados_82898_H_2017-01-01_2025-12-31.csv,82898,OLINDA,CONVENCIONAL,direcao_vento_graus,"VENTO, DIRECAO HORARIA(codigo)",TRUE
dados_82898_H_2017-01-01_2025-12-31.csv,82898,OLINDA,CONVENCIONAL,pressao_estacao_hpa,"PRESSAO ATMOSFERICA AO NIVEL DA ESTACAO, HORARIA(mB)",TRUE
dados_82898_H_2017-01-01_2025-12-31.csv,82898,OLINDA,CONVENCIONAL,temperatura_ar_c,"TEMPERATURA DO AR - BULBO SECO, HORARIA(°C)",TRUE
dados_82898_H_2017-01-01_2025-12-31.csv,82898,OLINDA,CONVENCIONAL,umidade_relativa_pct,"UMIDADE RELATIVA DO AR, HORARIA(%)",TRUE
dados_82898_H_2017-01-01_2025-12-31.csv,82898,OLINDA,CONVENCIONAL,velocidade_vento_ms,"VENTO, VELOCIDADE HORARIA(m/s)",TRUE
dados_82900_H_2017-01-01_2020-08-31.csv,82900,RECIFE (CURADO),CONVENCIONAL,direcao_vento_graus,"VENTO, DIRECAO HORARIA(codigo)",TRUE
dados_82900_H_2017-01-01_2020-08-31.csv,82900,RECIFE (CURADO),CONVENCIONAL,pressao_estacao_hpa,"PRESSAO ATMOSFERICA AO NIVEL DA ESTACAO, HORARIA(mB)",TRUE
dados_82900_H_2017-01-01_2020-08-31.csv,82900,RECIFE (CURADO),CONVENCIONAL,temperatura_ar_c,"TEMPERATURA DO AR - BULBO SECO, HORARIA(°C)",TRUE
dados_82900_H_2017-01-01_2020-08-31.csv,82900,RECIFE (CURADO),CONVENCIONAL,umidade_relativa_pct,"UMIDADE RELATIVA DO AR, HORARIA(%)",TRUE
dados_82900_H_2017-01-01_2020-08-31.csv,82900,RECIFE (CURADO),CONVENCIONAL,velocidade_vento_ms,"VENTO, VELOCIDADE HORARIA(m/s)",TRUE
dados_82983_H_2017-01-01_2025-12-31.csv,82983,PETROLINA,CONVENCIONAL,direcao_vento_graus,"VENTO, DIRECAO HORARIA(codigo)",TRUE
dados_82983_H_2017-01-01_2025-12-31.csv,82983,PETROLINA,CONVENCIONAL,pressao_estacao_hpa,"PRESSAO ATMOSFERICA AO NIVEL DA ESTACAO, HORARIA(mB)",TRUE
dados_82983_H_2017-01-01_2025-12-31.csv,82983,PETROLINA,CONVENCIONAL,temperatura_ar_c,"TEMPERATURA DO AR - BULBO SECO, HORARIA(°C)",TRUE
dados_82983_H_2017-01-01_2025-12-31.csv,82983,PETROLINA,CONVENCIONAL,umidade_relativa_pct,"UMIDADE RELATIVA DO AR, HORARIA(%)",TRUE
dados_82983_H_2017-01-01_2025-12-31.csv,82983,PETROLINA,CONVENCIONAL,velocidade_vento_ms,"VENTO, VELOCIDADE HORARIA(m/s)",TRUE
