cod_estacao,nome_estacao,tipo_estacao,ano,direcao_vento_graus,pressao_estacao_hpa,temperatura_ar_c,umidade_relativa_pct,velocidade_vento_ms
82753,OURICURI,CONVENCIONAL,2017,100,100,100,100,100
82753,OURICURI,CONVENCIONAL,2018,100,100,100,100,100
82753,OURICURI,CONVENCIONAL,2019,98.1735159817352,98.1735159817352,98.1735159817352,98.1735159817352,98.1735159817352
82753,OURICURI,CONVENCIONAL,2020,98.2695810564663,98.2695810564663,98.2695810564663,98.2695810564663,98.2695810564663
82753,OURICURI,CONVENCIONAL,2021,96.2557077625571,96.1643835616438,96.0730593607306,96.0730593607306,96.1643835616438
82753,OURICURI,CONVENCIONAL,2022,76.2557077625571,75.7077625570776,75.9817351598174,76.0730593607306,75.5251141552512
82753,OURICURI,CONVENCIONAL,2023,67.8538812785388,67.4885844748858,67.6712328767123,67.4885844748858,67.1232876712329
82753,OURICURI,CONVENCIONAL,2024,70.2185792349727,69.9453551912568,70.2185792349727,70.0364298724955,69.8542805100182
82753,OURICURI,CONVENCIONAL,2025,49.2687385740402,49.1773308957952,49.2687385740402,49.2687385740402,49.2687385740402
82781,NAZARE DA MATA,CONVENCIONAL,2017,0,0,0,0,0
82781,NAZARE DA MATA,CONVENCIONAL,2018,0,0,0,0,0
82781,NAZARE DA MATA,CONVENCIONAL,2019,0,0,0,0,0
82781,NAZARE DA MATA,CONVENCIONAL,2020,0,0,0,0,0
82781,NAZARE DA MATA,CONVENCIONAL,2021,0,0,0,0,0
82781,NAZARE DA MATA,CONVENCIONAL,2022,0,0,0,0,0
82781,NAZARE DA MATA,CONVENCIONAL,2023,0,0,0,0,0
82781,NAZARE DA MATA,CONVENCIONAL,2024,0,0,0,0,0
82781,NAZARE DA MATA,CONVENCIONAL,2025,0,0,0,0,0
82789,TRIUNFO,CONVENCIONAL,2017,0,55.5251141552511,55.5251141552511,55.5251141552511,0
82789,TRIUNFO,CONVENCIONAL,2018,0,63.8461538461539,63.8461538461539,63.8461538461539,0
82797,SURUBIM,CONVENCIONAL,2017,94.6118721461187,94.6118721461187,94.6118721461187,94.6118721461187,94.6118721461187
82797,SURUBIM,CONVENCIONAL,2018,94.6118721461187,94.5205479452055,94.6118721461187,94.6118721461187,94.6118721461187
82797,SURUBIM,CONVENCIONAL,2019,94.1552511415525,94.1552511415525,94.1552511415525,94.1552511415525,94.1552511415525
82797,SURUBIM,CONVENCIONAL,2020,62.9326047358834,63.1147540983607,63.1147540983607,63.1147540983607,62.9326047358834
82797,SURUBIM,CONVENCIONAL,2021,29.1324200913242,29.1324200913242,28.9497716894977,29.041095890411,29.1324200913242
82797,SURUBIM,CONVENCIONAL,2022,5.47945205479452,92.4200913242009,93.3333333333333,93.1506849315068,5.57077625570776
82797,SURUBIM,CONVENCIONAL,2023,0.273972602739726,91.8721461187215,92.5114155251142,92.5114155251142,0.273972602739726
82797,SURUBIM,CONVENCIONAL,2024,0,89.1621129326047,89.6174863387978,89.5264116575592,0
82797,SURUBIM,CONVENCIONAL,2025,0.457038391224863,86.837294332724,86.745886654479,86.654478976234,0.457038391224863
82799,GOIANA,CONVENCIONAL,2017,0,0,0,0,0
82799,GOIANA,CONVENCIONAL,2018,0,0,0,0,0
82799,GOIANA,CONVENCIONAL,2019,0,0,0,0,0
82799,GOIANA,CONVENCIONAL,2020,0,0,0,0,0
82799,GOIANA,CONVENCIONAL,2021,0,0,0,0,0
82799,GOIANA,CONVENCIONAL,2022,0,0,0,0,0
82799,GOIANA,CONVENCIONAL,2023,0,0,0,0,0
82799,GOIANA,CONVENCIONAL,2024,0,0,0,0,0
82799,GOIANA,CONVENCIONAL,2025,0,0,0,0,0
82886,CABROBO,CONVENCIONAL,2017,82.1004566210046,82.1004566210046,82.1004566210046,82.1004566210046,82.1004566210046
82886,CABROBO,CONVENCIONAL,2018,68.0365296803653,68.0365296803653,68.0365296803653,68.0365296803653,68.0365296803653
82886,CABROBO,CONVENCIONAL,2019,63.013698630137,63.013698630137,63.013698630137,63.013698630137,63.013698630137
82886,CABROBO,CONVENCIONAL,2020,57.3770491803279,57.3770491803279,57.3770491803279,57.3770491803279,57.3770491803279
82886,CABROBO,CONVENCIONAL,2021,57.5342465753425,57.5342465753425,57.5342465753425,57.4429223744292,57.5342465753425
82886,CABROBO,CONVENCIONAL,2022,54.2465753424658,54.2465753424658,54.2465753424658,54.0639269406393,54.2465753424658
82886,CABROBO,CONVENCIONAL,2023,53.6073059360731,53.4246575342466,53.6073059360731,53.4246575342466,53.5159817351598
82886,CABROBO,CONVENCIONAL,2024,48.7249544626594,48.7249544626594,48.7249544626594,48.7249544626594,48.7249544626594
82886,CABROBO,CONVENCIONAL,2025,45.6880733944954,45.5045871559633,45.5045871559633,45.6880733944954,45.6880733944954
82890,ARCO VERDE,CONVENCIONAL,2017,91.5981735159817,91.5068493150685,91.5981735159817,91.5981735159817,91.5981735159817
82890,ARCO VERDE,CONVENCIONAL,2018,94.4292237442922,94.4292237442922,94.4292237442922,94.4292237442922,94.4292237442922
82890,ARCO VERDE,CONVENCIONAL,2019,91.0502283105023,91.0502283105023,91.0502283105023,91.0502283105023,91.0502283105023
82890,ARCO VERDE,CONVENCIONAL,2020,64.1165755919854,64.1165755919854,64.1165755919854,64.2076502732241,64.1165755919854
82890,ARCO VERDE,CONVENCIONAL,2021,65.4794520547945,64.9315068493151,65.4794520547945,65.4794520547945,64.8401826484018
82890,ARCO VERDE,CONVENCIONAL,2022,93.6073059360731,92.7853881278539,90.4109589041096,83.1963470319635,87.7625570776256
82890,ARCO VERDE,CONVENCIONAL,2023,87.1232876712329,85.4794520547945,86.6666666666667,86.9406392694064,84.5662100456621
82890,ARCO VERDE,CONVENCIONAL,2024,92.8051001821494,92.8051001821494,92.5318761384335,92.7140255009108,92.6229508196721
82890,ARCO VERDE,CONVENCIONAL,2025,83.5466179159049,82.8153564899452,83.45521023766,83.6380255941499,83.45521023766
82893,GARANHUNS,CONVENCIONAL,2017,53.3333333333333,53.4246575342466,53.3333333333333,43.013698630137,53.4246575342466
82893,GARANHUNS,CONVENCIONAL,2018,53.2420091324201,53.3333333333333,53.3333333333333,40.6392694063927,53.2420091324201
82893,GARANHUNS,CONVENCIONAL,2019,51.4155251141553,51.5068493150685,51.5068493150685,51.5068493150685,51.4155251141553
82893,GARANHUNS,CONVENCIONAL,2020,7.92349726775956,7.46812386156648,7.74134790528233,7.92349726775956,7.92349726775956
82893,GARANHUNS,CONVENCIONAL,2021,8.58447488584475,9.58904109589041,0.091324200913242,0.182648401826484,0.182648401826484
82893,GARANHUNS,CONVENCIONAL,2022,42.6906779661017,45.2330508474576,0.10593220338983,0.10593220338983,0.10593220338983
82897,TAPACURA,CONVENCIONAL,2017,0,0,0,0,0
82897,TAPACURA,CONVENCIONAL,2018,0,0,0,0,0
82897,TAPACURA,CONVENCIONAL,2019,0,0,0,0,0
82897,TAPACURA,CONVENCIONAL,2020,0,0,0,0,0
82897,TAPACURA,CONVENCIONAL,2021,0.091324200913242,0.091324200913242,0.091324200913242,0.091324200913242,0.091324200913242
82897,TAPACURA,CONVENCIONAL,2022,0.091324200913242,0,0.091324200913242,0.091324200913242,0.091324200913242
82897,TAPACURA,CONVENCIONAL,2023,0,0,0,0,0
82897,TAPACURA,CONVENCIONAL,2024,0,0,0,0,0
82897,TAPACURA,CONVENCIONAL,2025,0,0,0,0,0
82898,OLINDA,CONVENCIONAL,2017,0,0,0,0,0
82898,OLINDA,CONVENCIONAL,2018,0,0,0,0,0
82898,OLINDA,CONVENCIONAL,2019,0,0,0,0,0
82898,OLINDA,CONVENCIONAL,2020,0,0,0,0,0
82898,OLINDA,CONVENCIONAL,2021,0.091324200913242,0,0.091324200913242,0.091324200913242,0.091324200913242
82898,OLINDA,CONVENCIONAL,2022,0,0,0,0,0
82898,OLINDA,CONVENCIONAL,2023,0,0,0,0,0
82898,OLINDA,CONVENCIONAL,2024,0,0,0,0,0
82898,OLINDA,CONVENCIONAL,2025,0,0,0,0,0
82900,RECIFE (CURADO),CONVENCIONAL,2017,81.5525114155251,99.5433789954338,99.5433789954338,99.5433789954338,81.5525114155251
82900,RECIFE (CURADO),CONVENCIONAL,2018,99.4520547945206,99.4520547945206,99.4520547945206,99.4520547945206,99.4520547945206
82900,RECIFE (CURADO),CONVENCIONAL,2019,99.634703196347,99.8173515981735,99.8173515981735,99.8173515981735,99.634703196347
82900,RECIFE (CURADO),CONVENCIONAL,2020,93.844049247606,93.844049247606,93.844049247606,93.844049247606,93.844049247606
82983,PETROLINA,CONVENCIONAL,2017,94.337899543379,94.337899543379,94.337899543379,94.337899543379,94.337899543379
82983,PETROLINA,CONVENCIONAL,2018,94.2465753424658,94.2465753424658,94.2465753424658,94.1552511415525,94.2465753424658
82983,PETROLINA,CONVENCIONAL,2019,93.6986301369863,93.6986301369863,93.6986301369863,93.6986301369863,93.6986301369863
82983,PETROLINA,CONVENCIONAL,2020,96.448087431694,96.448087431694,96.448087431694,96.448087431694,96.448087431694
82983,PETROLINA,CONVENCIONAL,2021,95.7990867579909,95.6164383561644,95.5251141552512,95.7077625570776,95.7990867579909
82983,PETROLINA,CONVENCIONAL,2022,58.1735159817352,57.9908675799087,57.8995433789954,58.0821917808219,57.8995433789954
82983,PETROLINA,CONVENCIONAL,2023,80.9132420091324,80.8219178082192,80.5479452054795,80.8219178082192,80.2739726027397
82983,PETROLINA,CONVENCIONAL,2024,61.0200364298725,47.9963570127505,75.3187613843352,75.5009107468124,61.0200364298725
82983,PETROLINA,CONVENCIONAL,2025,0.0914076782449726,0,52.4680073126143,52.5594149908592,0.0914076782449726
A301,RECIFE,AUTOMATICA,2017,93.8013698630137,93.8812785388128,93.8812785388128,92.2831050228311,93.8127853881278
A301,RECIFE,AUTOMATICA,2018,94.634703196347,94.6575342465753,94.6575342465753,94.6575342465753,94.634703196347
A301,RECIFE,AUTOMATICA,2019,58.3675799086758,99.9429223744292,99.9429223744292,99.9429223744292,58.3675799086758
A301,RECIFE,AUTOMATICA,2020,9.98406193078324,99.9089253187614,99.9089253187614,99.9089253187614,9.98406193078324
A301,RECIFE,AUTOMATICA,2021,99.7750430064841,99.7882757708085,99.7882757708085,98.3459044594416,99.7750430064841
A307,PETROLINA,AUTOMATICA,2017,100,100,100,100,100
A307,PETROLINA,AUTOMATICA,2018,73.1963470319635,73.2191780821918,73.2191780821918,73.1963470319635,73.1963470319635
A307,PETROLINA,AUTOMATICA,2019,100,100,100,100,100
A307,PETROLINA,AUTOMATICA,2020,100,100,100,100,100
A307,PETROLINA,AUTOMATICA,2021,100,100,100,100,100
A307,PETROLINA,AUTOMATICA,2022,60.8219178082192,60.8219178082192,60.8219178082192,60.8219178082192,60.8219178082192
A307,PETROLINA,AUTOMATICA,2023,66.175799086758,66.1872146118722,66.1872146118722,66.1872146118722,66.175799086758
A307,PETROLINA,AUTOMATICA,2024,39.6174863387978,39.6174863387978,39.6174863387978,39.5719489981785,39.6174863387978
A307,PETROLINA,AUTOMATICA,2025,0,0,0,0,0
A309,ARCO VERDE,AUTOMATICA,2017,100,100,100,100,100
A309,ARCO VERDE,AUTOMATICA,2018,100,100,100,100,100
A309,ARCO VERDE,AUTOMATICA,2019,100,100,100,100,100
A309,ARCO VERDE,AUTOMATICA,2020,83.2422586520947,83.2422586520947,83.2422586520947,83.2422586520947,83.2422586520947
A309,ARCO VERDE,AUTOMATICA,2021,9.68036529680365,9.71461187214612,9.71461187214612,9.71461187214612,9.68036529680365
A309,ARCO VERDE,AUTOMATICA,2022,42.9794520547945,42.9908675799087,42.9908675799087,42.9908675799087,42.9794520547945
A309,ARCO VERDE,AUTOMATICA,2023,92.7625570776256,92.7739726027397,92.7739726027397,92.7739726027397,92.7625570776256
A309,ARCO VERDE,AUTOMATICA,2024,92.7823315118397,93.9549180327869,93.9549180327869,93.9549180327869,92.7595628415301
A309,ARCO VERDE,AUTOMATICA,2025,99.828708461802,99.8401278976819,99.8401278976819,99.8401278976819,99.828708461802
A322,GARANHUNS,AUTOMATICA,2017,94.337899543379,94.337899543379,94.337899543379,94.337899543379,94.337899543379
A322,GARANHUNS,AUTOMATICA,2018,81.9063926940639,81.9063926940639,81.9063926940639,81.9063926940639,81.9063926940639
A322,GARANHUNS,AUTOMATICA,2019,100,100,100,87.716894977169,100
A322,GARANHUNS,AUTOMATICA,2020,100,100,100,73.9184881602915,100
A322,GARANHUNS,AUTOMATICA,2021,63.4474885844749,63.527397260274,63.527397260274,54.9315068493151,63.4474885844749
A322,GARANHUNS,AUTOMATICA,2022,56.5639269406393,56.5639269406393,56.5639269406393,47.796803652968,56.5639269406393
A322,GARANHUNS,AUTOMATICA,2023,99.6917808219178,99.6917808219178,99.6917808219178,63.4703196347032,99.6917808219178
A322,GARANHUNS,AUTOMATICA,2024,100,100,100,57.1152094717669,100
A322,GARANHUNS,AUTOMATICA,2025,99.9657416923604,99.9657416923604,99.9657416923604,57.2913098092954,99.9657416923604
A328,SURUBIM,AUTOMATICA,2017,99.5662100456621,99.5662100456621,99.5662100456621,99.5662100456621,99.5662100456621
A328,SURUBIM,AUTOMATICA,2018,86.9634703196347,86.9634703196347,86.9634703196347,86.9634703196347,86.9634703196347
A328,SURUBIM,AUTOMATICA,2019,99.9885844748859,99.9885844748859,99.9885844748859,99.9885844748859,99.9885844748859
A328,SURUBIM,AUTOMATICA,2020,68.6703096539162,68.6703096539162,68.6703096539162,68.6703096539162,68.6703096539162
A328,SURUBIM,AUTOMATICA,2021,42.9794520547945,43.013698630137,43.013698630137,43.013698630137,42.9794520547945
A328,SURUBIM,AUTOMATICA,2022,77.6940639269407,77.6940639269407,77.6940639269407,77.6940639269407,77.6940639269407
A328,SURUBIM,AUTOMATICA,2023,90.3767123287671,90.4680365296804,90.4680365296804,90.4680365296804,90.3767123287671
A328,SURUBIM,AUTOMATICA,2024,36.9649362477231,37.0673952641166,37.0673952641166,7.70719489981785,36.9649362477231
A328,SURUBIM,AUTOMATICA,2025,24.4033344752769,25.4082448327053,25.4082448327053,25.4082448327053,25.4082448327053
A329,CABROBO,AUTOMATICA,2017,99.4520547945206,99.4520547945206,99.4520547945206,98.4931506849315,99.4520547945206
A329,CABROBO,AUTOMATICA,2018,91.7123287671233,91.7123287671233,91.7123287671233,90.7648401826484,91.7123287671233
A329,CABROBO,AUTOMATICA,2019,85.4794520547945,85.4908675799087,85.4908675799087,84.4977168949772,85.4794520547945
A329,CABROBO,AUTOMATICA,2020,99.9886156648452,99.9886156648452,99.9886156648452,49.6812386156649,99.9886156648452
A329,CABROBO,AUTOMATICA,2021,94.1438356164384,94.189497716895,94.189497716895,0,94.1438356164384
A329,CABROBO,AUTOMATICA,2022,35.6392694063927,35.6506849315069,35.6506849315069,34.5776255707763,35.6392694063927
A329,CABROBO,AUTOMATICA,2023,99.9885844748859,99.9885844748859,99.9885844748859,98.8013698630137,99.9885844748859
A329,CABROBO,AUTOMATICA,2024,100,100,100,93.8979963570127,100
A329,CABROBO,AUTOMATICA,2025,99.9543222564805,99.9543222564805,99.9543222564805,96.5627498001599,99.9543222564805
A341,CARUARU,AUTOMATICA,2017,91.9063926940639,91.9063926940639,91.9063926940639,87.3059360730594,91.9063926940639
A341,CARUARU,AUTOMATICA,2018,71.4041095890411,72.7054794520548,71.324200913242,73.3447488584475,71.4041095890411
A341,CARUARU,AUTOMATICA,2019,100,100,100,98.6986301369863,100
A341,CARUARU,AUTOMATICA,2020,100,100,100,95.5145719489982,100
A341,CARUARU,AUTOMATICA,2021,6.79223744292237,6.79223744292237,6.78082191780822,4.72602739726027,6.79223744292237
A341,CARUARU,AUTOMATICA,2022,22.3173515981735,35.7648401826484,35.7534246575342,35.7534246575342,22.3173515981735
A341,CARUARU,AUTOMATICA,2023,64.9543378995434,56.6095890410959,64.9543378995434,64.9543378995434,64.9543378995434
A341,CARUARU,AUTOMATICA,2024,93.6247723132969,92.3611111111111,93.6361566484517,93.6361566484517,93.6247723132969
A341,CARUARU,AUTOMATICA,2025,99.9657416923604,99.9657416923604,99.9657416923604,99.9657416923604,99.9657416923604
A349,IBIMIRIM,AUTOMATICA,2017,92.1118721461187,92.1118721461187,92.1118721461187,92.1118721461187,92.1118721461187
A349,IBIMIRIM,AUTOMATICA,2018,100,100,100,100,100
A349,IBIMIRIM,AUTOMATICA,2019,85.5251141552512,85.513698630137,85.5251141552512,85.5251141552512,85.5251141552512
A349,IBIMIRIM,AUTOMATICA,2020,100,100,100,100,100
A349,IBIMIRIM,AUTOMATICA,2021,99.7488584474886,99.7945205479452,99.7945205479452,99.7945205479452,99.7488584474886
A349,IBIMIRIM,AUTOMATICA,2022,86.2328767123288,86.2328767123288,86.2328767123288,86.2328767123288,86.2328767123288
A349,IBIMIRIM,AUTOMATICA,2023,99.9885844748859,100,100,21.8835616438356,99.9885844748859
A349,IBIMIRIM,AUTOMATICA,2024,42.827868852459,42.827868852459,42.827868852459,0,42.827868852459
A349,IBIMIRIM,AUTOMATICA,2025,99.9771611282403,99.9771611282403,99.9771611282403,90.601804270869,99.9771611282403
A350,SERRA TALHADA,AUTOMATICA,2017,100,100,100,100,100
A350,SERRA TALHADA,AUTOMATICA,2018,88.6529680365297,88.6529680365297,88.6529680365297,88.6529680365297,88.6529680365297
A350,SERRA TALHADA,AUTOMATICA,2019,100,100,100,100,100
A350,SERRA TALHADA,AUTOMATICA,2020,100,100,100,100,100
A350,SERRA TALHADA,AUTOMATICA,2021,52.5342465753425,52.5799086757991,52.5799086757991,52.5799086757991,52.5342465753425
A350,SERRA TALHADA,AUTOMATICA,2022,0,0,0,0,0
A350,SERRA TALHADA,AUTOMATICA,2023,83.5844748858448,83.5844748858448,83.5844748858448,83.5844748858448,83.5844748858448
A350,SERRA TALHADA,AUTOMATICA,2024,69.9225865209472,69.9225865209472,69.9225865209472,69.9225865209472,69.9225865209472
A350,SERRA TALHADA,AUTOMATICA,2025,28.5942674431883,28.7198812378669,28.7198812378669,28.7198812378669,28.5942674431883
A351,FLORESTA,AUTOMATICA,2017,80.0228310502283,80.0228310502283,80.0228310502283,80.0228310502283,80.0228310502283
A351,FLORESTA,AUTOMATICA,2018,99.9885844748859,100,100,100,99.9885844748859
A351,FLORESTA,AUTOMATICA,2019,91.2100456621005,91.2100456621005,91.2100456621005,91.2100456621005,91.2100456621005
A351,FLORESTA,AUTOMATICA,2020,99.9886156648452,100,100,100,100
A351,FLORESTA,AUTOMATICA,2021,73.3904109589041,73.3904109589041,73.3904109589041,73.3904109589041,73.3904109589041
A351,FLORESTA,AUTOMATICA,2022,34.9315068493151,34.9315068493151,34.9315068493151,34.9315068493151,34.9315068493151
A351,FLORESTA,AUTOMATICA,2023,99.9885844748859,100,100,100,99.9885844748859
A351,FLORESTA,AUTOMATICA,2024,98.9184881602915,98.9184881602915,98.9184881602915,98.9184881602915,98.9184881602915
A351,FLORESTA,AUTOMATICA,2025,30.7639602603631,30.775379696243,30.775379696243,30.775379696243,30.7639602603631
A357,PALMARES,AUTOMATICA,2017,61.7123287671233,61.7123287671233,61.7123287671233,19.5433789954338,61.7123287671233
A357,PALMARES,AUTOMATICA,2018,70.9589041095891,82.2146118721461,82.2146118721461,82.1461187214612,70.9589041095891
A357,PALMARES,AUTOMATICA,2019,63.8698630136986,59.4063926940639,75.6050228310502,72.865296803653,63.8584474885845
A357,PALMARES,AUTOMATICA,2020,99.9772313296904,92.6457194899818,99.9886156648452,100,99.9886156648452
A357,PALMARES,AUTOMATICA,2021,73.2876712328767,73.2876712328767,73.2876712328767,73.2762557077626,73.2876712328767
A357,PALMARES,AUTOMATICA,2022,56.2100456621005,56.2442922374429,56.1872146118721,41.9063926940639,56.1986301369863
A357,PALMARES,AUTOMATICA,2023,99.9657534246575,99.9771689497717,99.9771689497717,87.0890410958904,99.9657534246575
A357,PALMARES,AUTOMATICA,2024,100,100,99.9886156648452,100,100
A357,PALMARES,AUTOMATICA,2025,99.9771611282403,99.9771611282403,99.9771611282403,75.9049902934795,99.9771611282403
A366,OURICURI,AUTOMATICA,2017,90.5821917808219,91.1187214611872,91.1187214611872,91.0616438356164,90.5821917808219
A366,OURICURI,AUTOMATICA,2018,87.9452054794521,88.013698630137,88.013698630137,88.0022831050228,87.9452054794521
A366,OURICURI,AUTOMATICA,2019,81.8264840182648,80.5479452054795,81.9520547945206,81.9520547945206,81.8264840182648
A366,OURICURI,AUTOMATICA,2020,75.9448998178506,76.3319672131148,76.3319672131148,73.7021857923497,75.9790528233151
A366,OURICURI,AUTOMATICA,2021,38.3904109589041,38.3447488584475,38.3904109589041,38.3561643835616,38.3904109589041
A366,OURICURI,AUTOMATICA,2022,34.3493150684932,34.3493150684932,34.3493150684932,33.6643835616438,34.3493150684932
A366,OURICURI,AUTOMATICA,2023,53.37899543379,54.1210045662101,54.0981735159817,52.9337899543379,53.4018264840183
A366,OURICURI,AUTOMATICA,2024,83.6520947176685,83.8228597449909,83.8228597449909,79.9749544626594,83.6520947176685
A366,OURICURI,AUTOMATICA,2025,99.1092840013703,99.1435423090099,99.1435423090099,97.8988237981044,99.0978645654905
A370,SALGUEIRO,AUTOMATICA,2017,78.6177930507827,78.6177930507827,78.6177930507827,78.6177930507827,78.6177930507827
A370,SALGUEIRO,AUTOMATICA,2018,99.3036529680365,99.3036529680365,99.3036529680365,99.3036529680365,99.3036529680365
A370,SALGUEIRO,AUTOMATICA,2019,84.9885844748859,84.9885844748859,84.9885844748859,84.9885844748859,84.9885844748859
A370,SALGUEIRO,AUTOMATICA,2020,32.5705828779599,32.6502732240437,32.6502732240437,32.6502732240437,32.5705828779599
A370,SALGUEIRO,AUTOMATICA,2021,30.6392694063927,30.6392694063927,30.6392694063927,30.6392694063927,30.6392694063927
A370,SALGUEIRO,AUTOMATICA,2022,51.5296803652968,51.5296803652968,51.541095890411,51.541095890411,51.5296803652968
A370,SALGUEIRO,AUTOMATICA,2023,96.4497716894977,96.4497716894977,96.4497716894977,96.4497716894977,96.4497716894977
A370,SALGUEIRO,AUTOMATICA,2024,95.856102003643,95.856102003643,95.8902550091075,95.8902550091075,95.856102003643
A370,SALGUEIRO,AUTOMATICA,2025,96.5855886719196,96.6883635948384,97.0652049788741,96.9281717483156,96.5855886719196
