"ano","cod_estacao","no_estacao","mes","n_dias_calendario","n_dias_validos_16h","n_dias_validos_18h","n_dias_validos_20h","n_dias_completos_24h","pct_dias_validos_16h","minimo_dias_mma","mes_representativo_mma","media_mensal_se_representativa"
2017,"12","IPOJUCA",1,31,0,0,0,0,0,21,FALSE,NA
2017,"12","IPOJUCA",2,28,0,0,0,0,0,19,FALSE,NA
2017,"12","IPOJUCA",3,31,0,0,0,0,0,21,FALSE,NA
2017,"12","IPOJUCA",4,30,0,0,0,0,0,20,FALSE,NA
2017,"12","IPOJUCA",5,31,0,0,0,0,0,21,FALSE,NA
2017,"12","IPOJUCA",6,30,0,0,0,0,0,20,FALSE,NA
2017,"12","IPOJUCA",7,31,6,6,5,1,19.3548387096774,21,FALSE,NA
2017,"12","IPOJUCA",8,31,19,18,16,7,61.2903225806452,21,FALSE,NA
2017,"12","IPOJUCA",9,30,26,26,24,11,86.6666666666667,20,TRUE,14.721006101069
2017,"12","IPOJUCA",10,31,28,28,24,13,90.3225806451613,21,TRUE,12.1428068866407
2017,"12","IPOJUCA",11,30,25,25,25,11,83.3333333333333,20,TRUE,14.3851025785808
2017,"12","IPOJUCA",12,31,26,24,24,13,83.8709677419355,21,TRUE,16.538293207219
2017,"14","IFPE",1,31,0,0,0,0,0,21,FALSE,NA
2017,"14","IFPE",2,28,0,0,0,0,0,19,FALSE,NA
2017,"14","IFPE",3,31,0,0,0,0,0,21,FALSE,NA
2017,"14","IFPE",4,30,0,0,0,0,0,20,FALSE,NA
2017,"14","IFPE",5,31,0,0,0,0,0,21,FALSE,NA
2017,"14","IFPE",6,30,0,0,0,0,0,20,FALSE,NA
2017,"14","IFPE",7,31,6,6,6,4,19.3548387096774,21,FALSE,NA
2017,"14","IFPE",8,31,31,31,31,29,100,21,TRUE,23.5039100684262
2017,"14","IFPE",9,30,30,30,30,28,100,20,TRUE,22.787380952381
2017,"14","IFPE",10,31,31,31,31,29,100,21,TRUE,23.1468613200731
2017,"14","IFPE",11,30,30,30,29,28,100,20,TRUE,20.3212406015038
2017,"14","IFPE",12,31,31,31,31,30,100,21,TRUE,21.3069892473118
2017,"15","CPRH",1,31,0,0,0,0,0,21,FALSE,NA
2017,"15","CPRH",2,28,0,0,0,0,0,19,FALSE,NA
2017,"15","CPRH",3,31,0,0,0,0,0,21,FALSE,NA
2017,"15","CPRH",4,30,0,0,0,0,0,20,FALSE,NA
2017,"15","CPRH",5,31,0,0,0,0,0,21,FALSE,NA
2017,"15","CPRH",6,30,0,0,0,0,0,20,FALSE,NA
2017,"15","CPRH",7,31,5,4,4,2,16.1290322580645,21,FALSE,NA
2017,"15","CPRH",8,31,27,24,20,7,87.0967741935484,21,TRUE,19.4345896493468
2017,"15","CPRH",9,30,29,29,29,17,96.6666666666667,20,TRUE,18.6575434685255
2017,"15","CPRH",10,31,28,27,21,9,90.3225806451613,21,TRUE,15.4004514347345
2017,"15","CPRH",11,30,28,26,22,9,93.3333333333333,20,TRUE,11.3042297988469
2017,"15","CPRH",12,31,20,19,19,15,64.5161290322581,21,FALSE,NA
2017,"PE01","Gaibu",1,31,0,0,0,0,0,21,FALSE,NA
2017,"PE01","Gaibu",2,28,0,0,0,0,0,19,FALSE,NA
2017,"PE01","Gaibu",3,31,0,0,0,0,0,21,FALSE,NA
2017,"PE01","Gaibu",4,30,0,0,0,0,0,20,FALSE,NA
2017,"PE01","Gaibu",5,31,0,0,0,0,0,21,FALSE,NA
2017,"PE01","Gaibu",6,30,0,0,0,0,0,20,FALSE,NA
2017,"PE01","Gaibu",7,31,4,4,2,2,12.9032258064516,21,FALSE,NA
2017,"PE01","Gaibu",8,31,26,26,24,11,83.8709677419355,21,TRUE,32.6116953158715
2017,"PE01","Gaibu",9,30,30,30,28,15,100,20,TRUE,28.6200493658388
2017,"PE01","Gaibu",10,31,29,28,27,21,93.5483870967742,21,TRUE,31.1935552568696
2017,"PE01","Gaibu",11,30,30,30,30,28,100,20,TRUE,33.8667270531401
2017,"PE01","Gaibu",12,31,29,29,23,13,93.5483870967742,21,TRUE,39.4646935617404
2018,"12","IPOJUCA",1,31,19,18,17,8,61.2903225806452,21,FALSE,NA
2018,"12","IPOJUCA",2,28,20,16,13,9,71.4285714285714,19,TRUE,14.0399846262269
2018,"12","IPOJUCA",3,31,27,26,21,10,87.0967741935484,21,TRUE,12.007554766546
2018,"12","IPOJUCA",4,30,29,29,26,15,96.6666666666667,20,TRUE,11.9286111814223
2018,"12","IPOJUCA",5,31,31,31,30,24,100,21,TRUE,16.0254899728602
2018,"12","IPOJUCA",6,30,28,28,26,18,93.3333333333333,20,TRUE,15.5277074939608
2018,"12","IPOJUCA",7,31,30,25,19,14,96.7741935483871,21,TRUE,11.0738664062116
2018,"12","IPOJUCA",8,31,31,30,29,18,100,21,TRUE,14.3211958558899
2018,"12","IPOJUCA",9,30,24,22,21,14,80,20,TRUE,16.8613279534475
2018,"12","IPOJUCA",10,31,6,6,6,5,19.3548387096774,21,FALSE,NA
2018,"12","IPOJUCA",11,30,25,25,24,21,83.3333333333333,20,TRUE,23.2220634920635
2018,"12","IPOJUCA",12,31,5,5,4,3,16.1290322580645,21,FALSE,NA
2018,"14","IFPE",1,31,31,31,30,27,100,21,TRUE,22.1954969902763
2018,"14","IFPE",2,28,27,26,25,24,96.4285714285714,19,TRUE,22.589252260217
2018,"14","IFPE",3,31,6,6,6,5,19.3548387096774,21,FALSE,NA
2018,"14","IFPE",4,30,30,30,29,28,100,20,TRUE,16.6275673400673
2018,"14","IFPE",5,31,31,31,31,26,100,21,TRUE,18.8552530919291
2018,"14","IFPE",6,30,29,29,29,27,96.6666666666667,20,TRUE,20.7418255158135
2018,"14","IFPE",7,31,30,30,30,29,96.7741935483871,21,TRUE,17.2704365079365
2018,"14","IFPE",8,31,30,29,29,27,96.7741935483871,21,TRUE,20.6657142072903
2018,"14","IFPE",9,30,25,25,25,25,83.3333333333333,20,TRUE,20.2116666666667
2018,"14","IFPE",10,31,0,0,0,0,0,21,FALSE,NA
2018,"14","IFPE",11,30,5,5,5,3,16.6666666666667,20,FALSE,NA
2018,"14","IFPE",12,31,31,31,31,29,100,21,TRUE,18.7359831029186
2018,"15","CPRH",1,31,15,13,11,3,48.3870967741936,21,FALSE,NA
2018,"15","CPRH",2,28,24,23,21,11,85.7142857142857,19,TRUE,12.7094463245565
2018,"15","CPRH",3,31,22,22,19,14,70.9677419354839,21,TRUE,16.0247601051377
2018,"15","CPRH",4,30,7,5,3,0,23.3333333333333,20,FALSE,NA
2018,"15","CPRH",5,31,7,4,2,0,22.5806451612903,21,FALSE,NA
2018,"15","CPRH",6,30,19,18,12,1,63.3333333333333,20,FALSE,NA
2018,"15","CPRH",7,31,30,29,26,5,96.7741935483871,21,TRUE,23.9907548226627
2018,"15","CPRH",8,31,31,31,30,18,100,21,TRUE,27.3217093799142
2018,"15","CPRH",9,30,25,25,25,19,83.3333333333333,20,TRUE,28.4412411067194
2018,"15","CPRH",10,31,0,0,0,0,0,21,FALSE,NA
2018,"15","CPRH",11,30,0,0,0,0,0,20,FALSE,NA
2018,"15","CPRH",12,31,5,5,4,3,16.1290322580645,21,FALSE,NA
2018,"PE01","Gaibu",1,31,31,27,23,13,100,21,TRUE,36.297663940087
2018,"PE01","Gaibu",2,28,26,25,23,18,92.8571428571429,19,TRUE,33.723964741399
2018,"PE01","Gaibu",3,31,30,27,26,11,96.7741935483871,21,TRUE,22.3197417956851
2018,"PE01","Gaibu",4,30,27,26,20,12,90,20,TRUE,28.9122509772541
2018,"PE01","Gaibu",5,31,31,30,29,19,100,21,TRUE,33.4612305710651
2018,"PE01","Gaibu",6,30,28,28,27,20,93.3333333333333,20,TRUE,41.7177475733376
2018,"PE01","Gaibu",7,31,30,30,28,16,96.7741935483871,21,TRUE,39.7540384503199
2018,"PE01","Gaibu",8,31,30,30,30,22,96.7741935483871,21,TRUE,42.0179201957463
2018,"PE01","Gaibu",9,30,24,23,20,17,80,20,TRUE,34.4857447971185
2018,"PE01","Gaibu",10,31,0,0,0,0,0,21,FALSE,NA
2018,"PE01","Gaibu",11,30,0,0,0,0,0,20,FALSE,NA
2018,"PE01","Gaibu",12,31,6,6,6,5,19.3548387096774,21,FALSE,NA
2019,"12","IPOJUCA",1,31,31,31,29,23,100,21,TRUE,14.9933420427903
2019,"12","IPOJUCA",2,28,25,25,22,15,89.2857142857143,19,TRUE,17.6661017728775
2019,"12","IPOJUCA",3,31,6,5,4,1,19.3548387096774,21,FALSE,NA
2019,"12","IPOJUCA",4,30,23,23,22,13,76.6666666666667,20,TRUE,21.6389027970338
2019,"12","IPOJUCA",5,31,30,29,26,19,96.7741935483871,21,TRUE,22.8622895141345
2019,"12","IPOJUCA",6,30,30,30,29,18,100,20,TRUE,17.6994558200508
2019,"12","IPOJUCA",7,31,31,31,31,21,100,21,TRUE,16.5667975082421
2019,"12","IPOJUCA",8,31,25,25,25,18,80.6451612903226,21,TRUE,15.5185614530397
2019,"12","IPOJUCA",9,30,0,0,0,0,0,20,FALSE,NA
2019,"12","IPOJUCA",10,31,6,6,6,5,19.3548387096774,21,FALSE,NA
2019,"12","IPOJUCA",11,30,24,24,23,15,80,20,TRUE,15.8513094536407
2019,"12","IPOJUCA",12,31,6,6,5,3,19.3548387096774,21,FALSE,NA
2019,"14","IFPE",1,31,30,30,30,26,96.7741935483871,21,TRUE,16.1664682539683
2019,"14","IFPE",2,28,25,25,25,25,89.2857142857143,19,TRUE,17.4666666666667
2019,"14","IFPE",3,31,6,6,6,5,19.3548387096774,21,FALSE,NA
2019,"14","IFPE",4,30,30,30,30,27,100,20,TRUE,18.2531746031746
2019,"14","IFPE",5,31,31,31,31,29,100,21,TRUE,20.1889400921659
2019,"14","IFPE",6,30,30,30,30,30,100,20,TRUE,16.7097222222222
2019,"14","IFPE",7,31,30,30,28,26,96.7741935483871,21,TRUE,18.4715744400527
2019,"14","IFPE",8,31,25,25,25,23,80.6451612903226,21,TRUE,19.2616017316017
2019,"14","IFPE",9,30,0,0,0,0,0,20,FALSE,NA
2019,"14","IFPE",10,31,6,6,6,4,19.3548387096774,21,FALSE,NA
2019,"14","IFPE",11,30,24,24,24,19,80,20,TRUE,18.8672193597465
2019,"14","IFPE",12,31,6,6,6,5,19.3548387096774,21,FALSE,NA
2019,"15","CPRH",1,31,25,23,19,7,80.6451612903226,21,TRUE,17.1049079180941
2019,"15","CPRH",2,28,8,6,5,2,28.5714285714286,19,FALSE,NA
2019,"15","CPRH",3,31,0,0,0,0,0,21,FALSE,NA
2019,"15","CPRH",4,30,23,19,15,6,76.6666666666667,20,TRUE,12.3003051347769
2019,"15","CPRH",5,31,30,30,29,19,96.7741935483871,21,TRUE,17.7013792165966
2019,"15","CPRH",6,30,27,25,23,9,90,20,TRUE,13.9849573985159
2019,"15","CPRH",7,31,28,28,27,14,90.3225806451613,21,TRUE,12.2962149427069
2019,"15","CPRH",8,31,24,24,24,15,77.4193548387097,21,TRUE,19.1722912353347
2019,"15","CPRH",9,30,0,0,0,0,0,20,FALSE,NA
2019,"15","CPRH",10,31,6,6,6,5,19.3548387096774,21,FALSE,NA
2019,"15","CPRH",11,30,24,24,24,20,80,20,TRUE,30.5831980519481
2019,"15","CPRH",12,31,6,6,6,5,19.3548387096774,21,FALSE,NA
2019,"PE01","Gaibu",1,31,31,31,31,24,100,21,TRUE,38.5657274002295
2019,"PE01","Gaibu",2,28,25,25,24,21,89.2857142857143,19,TRUE,32.6997258297258
2019,"PE01","Gaibu",3,31,3,3,1,0,9.67741935483871,21,FALSE,NA
2019,"PE01","Gaibu",4,30,26,21,17,10,86.6666666666667,20,TRUE,38.9523497053977
2019,"PE01","Gaibu",5,31,28,23,22,13,90.3225806451613,21,TRUE,48.6821818138531
2019,"PE01","Gaibu",6,30,29,27,23,15,96.6666666666667,20,TRUE,38.31429870586
2019,"PE01","Gaibu",7,31,28,28,27,17,90.3225806451613,21,TRUE,35.1474602655708
2019,"PE01","Gaibu",8,31,31,31,29,24,100,21,TRUE,48.4565664767554
2019,"PE01","Gaibu",9,30,25,24,22,14,83.3333333333333,20,TRUE,42.5118020594966
2019,"PE01","Gaibu",10,31,6,6,6,5,19.3548387096774,21,FALSE,NA
2019,"PE01","Gaibu",11,30,24,24,24,19,80,20,TRUE,41.4573326432022
2019,"PE01","Gaibu",12,31,6,6,6,5,19.3548387096774,21,FALSE,NA
2020,"12","IPOJUCA",1,31,31,31,29,11,100,21,TRUE,25.3846987336376
2020,"12","IPOJUCA",2,29,29,29,27,13,100,20,TRUE,26.8046014159701
2020,"12","IPOJUCA",3,31,30,30,25,11,96.7741935483871,21,TRUE,25.6493295023901
2020,"12","IPOJUCA",4,30,18,16,7,0,60,20,FALSE,NA
2020,"12","IPOJUCA",5,31,0,0,0,0,0,21,FALSE,NA
2020,"12","IPOJUCA",6,30,0,0,0,0,0,20,FALSE,NA
2020,"12","IPOJUCA",7,31,6,6,5,1,19.3548387096774,21,FALSE,NA
2020,"12","IPOJUCA",8,31,28,28,28,15,90.3225806451613,21,TRUE,22.7742944637631
2020,"12","IPOJUCA",9,30,28,28,28,21,93.3333333333333,20,TRUE,24.4452104625447
2020,"12","IPOJUCA",10,31,23,23,22,14,74.1935483870968,21,TRUE,24.2182181884295
2020,"12","IPOJUCA",11,30,5,5,3,0,16.6666666666667,20,FALSE,NA
2020,"12","IPOJUCA",12,31,31,31,28,0,100,21,TRUE,26.14753849409
2020,"13","CUPE",1,31,0,0,0,0,0,21,FALSE,NA
2020,"13","CUPE",2,29,0,0,0,0,0,20,FALSE,NA
2020,"13","CUPE",3,31,0,0,0,0,0,21,FALSE,NA
2020,"13","CUPE",4,30,0,0,0,0,0,20,FALSE,NA
2020,"13","CUPE",5,31,0,0,0,0,0,21,FALSE,NA
2020,"13","CUPE",6,30,0,0,0,0,0,20,FALSE,NA
2020,"13","CUPE",7,31,5,4,3,0,16.1290322580645,21,FALSE,NA
2020,"13","CUPE",8,31,25,23,20,7,80.6451612903226,21,TRUE,18.9321685090031
2020,"13","CUPE",9,30,25,24,17,4,83.3333333333333,20,TRUE,29.6690057031966
2020,"13","CUPE",10,31,21,20,19,7,67.741935483871,21,TRUE,31.5256962359523
2020,"13","CUPE",11,30,5,5,4,0,16.6666666666667,20,FALSE,NA
2020,"13","CUPE",12,31,27,22,18,0,87.0967741935484,21,TRUE,21.9374330890794
2020,"14","IFPE",1,31,31,30,30,26,100,21,TRUE,17.2724948043734
2020,"14","IFPE",2,29,25,25,25,24,86.2068965517241,20,TRUE,17.692380952381
2020,"14","IFPE",3,31,30,30,29,26,96.7741935483871,21,TRUE,15.0289682539683
2020,"14","IFPE",4,30,18,18,18,13,60,20,FALSE,NA
2020,"14","IFPE",5,31,0,0,0,0,0,21,FALSE,NA
2020,"14","IFPE",6,30,0,0,0,0,0,20,FALSE,NA
2020,"14","IFPE",7,31,0,0,0,0,0,21,FALSE,NA
2020,"14","IFPE",8,31,0,0,0,0,0,21,FALSE,NA
2020,"14","IFPE",9,30,0,0,0,0,0,20,FALSE,NA
2020,"14","IFPE",10,31,0,0,0,0,0,21,FALSE,NA
2020,"14","IFPE",11,30,0,0,0,0,0,20,FALSE,NA
2020,"14","IFPE",12,31,6,6,6,0,19.3548387096774,21,FALSE,NA
2020,"15","CPRH",1,31,31,29,24,11,100,21,TRUE,14.4899391539791
2020,"15","CPRH",2,29,22,21,16,5,75.8620689655172,20,TRUE,12.7847119078671
2020,"15","CPRH",3,31,16,14,12,1,51.6129032258064,21,FALSE,NA
2020,"15","CPRH",4,30,20,18,16,8,66.6666666666667,20,TRUE,11.8491047420632
2020,"15","CPRH",5,31,0,0,0,0,0,21,FALSE,NA
2020,"15","CPRH",6,30,0,0,0,0,0,20,FALSE,NA
2020,"15","CPRH",7,31,0,0,0,0,0,21,FALSE,NA
2020,"15","CPRH",8,31,0,0,0,0,0,21,FALSE,NA
2020,"15","CPRH",9,30,0,0,0,0,0,20,FALSE,NA
2020,"15","CPRH",10,31,0,0,0,0,0,21,FALSE,NA
2020,"15","CPRH",11,30,0,0,0,0,0,20,FALSE,NA
2020,"15","CPRH",12,31,0,0,0,0,0,21,FALSE,NA
2020,"PE01","Gaibu",1,31,30,30,30,26,96.7741935483871,21,TRUE,41.3192381893469
2020,"PE01","Gaibu",2,29,29,29,29,22,100,20,TRUE,42.4227172128222
2020,"PE01","Gaibu",3,31,29,28,28,20,93.5483870967742,21,TRUE,31.4707428753156
2020,"PE01","Gaibu",4,30,20,20,19,13,66.6666666666667,20,TRUE,32.0714516156993
2020,"PE01","Gaibu",5,31,0,0,0,0,0,21,FALSE,NA
2020,"PE01","Gaibu",6,30,0,0,0,0,0,20,FALSE,NA
2020,"PE01","Gaibu",7,31,0,0,0,0,0,21,FALSE,NA
2020,"PE01","Gaibu",8,31,0,0,0,0,0,21,FALSE,NA
2020,"PE01","Gaibu",9,30,0,0,0,0,0,20,FALSE,NA
2020,"PE01","Gaibu",10,31,0,0,0,0,0,21,FALSE,NA
2020,"PE01","Gaibu",11,30,0,0,0,0,0,20,FALSE,NA
2020,"PE01","Gaibu",12,31,0,0,0,0,0,21,FALSE,NA
2021,"12","IPOJUCA",1,31,28,28,26,17,90.3225806451613,21,TRUE,22.2066510261288
2021,"12","IPOJUCA",2,28,18,16,15,4,64.2857142857143,19,FALSE,NA
2021,"12","IPOJUCA",3,31,31,29,28,16,100,21,TRUE,11.0998280720617
2021,"12","IPOJUCA",4,30,12,12,10,6,40,20,FALSE,NA
2021,"12","IPOJUCA",5,31,30,30,30,19,96.7741935483871,21,TRUE,8.97911795752557
2021,"12","IPOJUCA",6,30,29,28,28,21,96.6666666666667,20,TRUE,9.68422042306769
2021,"12","IPOJUCA",7,31,28,28,28,23,90.3225806451613,21,TRUE,13.4086038608131
2021,"12","IPOJUCA",8,31,31,31,30,23,100,21,TRUE,11.6489140920163
2021,"12","IPOJUCA",9,30,30,30,29,20,100,20,TRUE,17.0658879843989
2021,"12","IPOJUCA",10,31,31,31,31,25,100,21,TRUE,19.0791325066939
2021,"12","IPOJUCA",11,30,30,30,30,22,100,20,TRUE,19.241641837631
2021,"12","IPOJUCA",12,31,31,31,30,11,100,21,TRUE,23.1361634199134
2021,"13","CUPE",1,31,30,27,18,4,96.7741935483871,21,TRUE,13.0461952015135
2021,"13","CUPE",2,28,18,17,16,1,64.2857142857143,19,FALSE,NA
2021,"13","CUPE",3,31,29,28,28,17,93.5483870967742,21,TRUE,15.4224220042385
2021,"13","CUPE",4,30,30,30,30,12,100,20,TRUE,11.9570459815547
2021,"13","CUPE",5,31,31,31,28,6,100,21,TRUE,10.7083108283906
2021,"13","CUPE",6,30,28,28,26,16,93.3333333333333,20,TRUE,10.2966683560256
2021,"13","CUPE",7,31,28,28,27,16,90.3225806451613,21,TRUE,12.129891092603
2021,"13","CUPE",8,31,31,31,31,17,100,21,TRUE,11.2342144906286
2021,"13","CUPE",9,30,30,30,29,16,100,20,TRUE,16.3358528904607
2021,"13","CUPE",10,31,31,31,30,20,100,21,TRUE,14.3379352855075
2021,"13","CUPE",11,30,30,30,29,18,100,20,TRUE,13.523316607147
2021,"13","CUPE",12,31,31,31,30,10,100,21,TRUE,16.549525854912
2021,"14","IFPE",1,31,28,28,27,17,90.3225806451613,21,TRUE,16.0245362712435
2021,"14","IFPE",2,28,0,0,0,0,0,19,FALSE,NA
2021,"14","IFPE",3,31,0,0,0,0,0,21,FALSE,NA
2021,"14","IFPE",4,30,0,0,0,0,0,20,FALSE,NA
2021,"14","IFPE",5,31,0,0,0,0,0,21,FALSE,NA
2021,"14","IFPE",6,30,0,0,0,0,0,20,FALSE,NA
2021,"14","IFPE",7,31,26,23,23,17,83.8709677419355,21,TRUE,18.4608953027019
2021,"14","IFPE",8,31,31,29,27,15,100,21,TRUE,14.101423072762
2021,"14","IFPE",9,30,30,30,28,15,100,20,TRUE,21.3393148437676
2021,"14","IFPE",10,31,31,31,31,19,100,21,TRUE,21.1951536220603
2021,"14","IFPE",11,30,28,28,27,19,93.3333333333333,20,TRUE,18.7151636060894
2021,"14","IFPE",12,31,25,13,7,1,80.6451612903226,21,TRUE,46.8574214864478
2021,"15","CPRH",1,31,0,0,0,0,0,21,FALSE,NA
2021,"15","CPRH",2,28,0,0,0,0,0,19,FALSE,NA
2021,"15","CPRH",3,31,0,0,0,0,0,21,FALSE,NA
2021,"15","CPRH",4,30,0,0,0,0,0,20,FALSE,NA
2021,"15","CPRH",5,31,0,0,0,0,0,21,FALSE,NA
2021,"15","CPRH",6,30,2,2,2,1,6.66666666666667,20,FALSE,NA
2021,"15","CPRH",7,31,26,24,23,10,83.8709677419355,21,TRUE,22.0035743451259
2021,"15","CPRH",8,31,27,27,24,17,87.0967741935484,21,TRUE,22.4966110898923
2021,"15","CPRH",9,30,29,29,28,18,96.6666666666667,20,TRUE,30.0142387139763
2021,"15","CPRH",10,31,31,31,31,23,100,21,TRUE,25.5648265362501
2021,"15","CPRH",11,30,30,30,30,20,100,20,TRUE,20.1847956270782
2021,"15","CPRH",12,31,31,31,31,26,100,21,TRUE,24.391237560943
2022,"12","IPOJUCA",1,31,26,22,20,7,83.8709677419355,21,TRUE,20.3826910506626
2022,"12","IPOJUCA",2,28,0,0,0,0,0,19,FALSE,NA
2022,"12","IPOJUCA",3,31,0,0,0,0,0,21,FALSE,NA
2022,"12","IPOJUCA",4,30,0,0,0,0,0,20,FALSE,NA
2022,"12","IPOJUCA",5,31,0,0,0,0,0,21,FALSE,NA
2022,"12","IPOJUCA",6,30,0,0,0,0,0,20,FALSE,NA
2022,"12","IPOJUCA",7,31,6,5,1,0,19.3548387096774,21,FALSE,NA
2022,"12","IPOJUCA",8,31,31,31,30,22,100,21,TRUE,11.8033428732324
2022,"12","IPOJUCA",9,30,30,30,29,24,100,20,TRUE,15.2181778180354
2022,"12","IPOJUCA",10,31,30,30,28,23,96.7741935483871,21,TRUE,18.7911834483627
2022,"12","IPOJUCA",11,30,29,27,27,22,96.6666666666667,20,TRUE,17.9500338765797
2022,"12","IPOJUCA",12,31,31,31,31,27,100,21,TRUE,20.0920099011554
2022,"13","CUPE",1,31,24,23,21,8,77.4193548387097,21,TRUE,16.8711217199166
2022,"13","CUPE",2,28,0,0,0,0,0,19,FALSE,NA
2022,"13","CUPE",3,31,0,0,0,0,0,21,FALSE,NA
2022,"13","CUPE",4,30,0,0,0,0,0,20,FALSE,NA
2022,"13","CUPE",5,31,0,0,0,0,0,21,FALSE,NA
2022,"13","CUPE",6,30,0,0,0,0,0,20,FALSE,NA
2022,"13","CUPE",7,31,5,5,3,0,16.1290322580645,21,FALSE,NA
2022,"13","CUPE",8,31,28,28,27,17,90.3225806451613,21,TRUE,9.88684846158663
2022,"13","CUPE",9,30,28,27,24,15,93.3333333333333,20,TRUE,15.4866823874252
2022,"13","CUPE",10,31,30,29,28,19,96.7741935483871,21,TRUE,14.8251804610389
2022,"13","CUPE",11,30,30,30,29,14,100,20,TRUE,11.7199344929628
2022,"13","CUPE",12,31,31,31,31,14,100,21,TRUE,14.6778606188108
2022,"14","IFPE",1,31,18,16,13,3,58.0645161290323,21,FALSE,NA
2022,"14","IFPE",2,28,0,0,0,0,0,19,FALSE,NA
2022,"14","IFPE",3,31,0,0,0,0,0,21,FALSE,NA
2022,"14","IFPE",4,30,0,0,0,0,0,20,FALSE,NA
2022,"14","IFPE",5,31,0,0,0,0,0,21,FALSE,NA
2022,"14","IFPE",6,30,0,0,0,0,0,20,FALSE,NA
2022,"14","IFPE",7,31,6,6,6,3,19.3548387096774,21,FALSE,NA
2022,"14","IFPE",8,31,30,29,29,13,96.7741935483871,21,TRUE,18.7233299682188
2022,"14","IFPE",9,30,21,21,20,5,70,20,TRUE,19.8354111439244
2022,"14","IFPE",10,31,31,31,30,16,100,21,TRUE,21.5433307488671
2022,"14","IFPE",11,30,30,30,29,14,100,20,TRUE,16.7928271806435
2022,"14","IFPE",12,31,24,24,24,13,77.4193548387097,21,TRUE,17.1293988105088
2022,"15","CPRH",1,31,26,25,25,14,83.8709677419355,21,TRUE,19.3096785460916
2022,"15","CPRH",2,28,0,0,0,0,0,19,FALSE,NA
2022,"15","CPRH",3,31,0,0,0,0,0,21,FALSE,NA
2022,"15","CPRH",4,30,0,0,0,0,0,20,FALSE,NA
2022,"15","CPRH",5,31,0,0,0,0,0,21,FALSE,NA
2022,"15","CPRH",6,30,0,0,0,0,0,20,FALSE,NA
2022,"15","CPRH",7,31,5,5,4,3,16.1290322580645,21,FALSE,NA
2022,"15","CPRH",8,31,30,30,30,28,96.7741935483871,21,TRUE,42.8523171936759
2022,"15","CPRH",9,30,29,29,28,22,96.6666666666667,20,TRUE,46.3881202042519
2022,"15","CPRH",10,31,31,31,31,23,100,21,TRUE,49.269291087594
2022,"15","CPRH",11,30,27,27,26,26,90,20,TRUE,34.6228909465021
2022,"15","CPRH",12,31,31,31,31,29,100,21,TRUE,35.9171331123295
2022,"16","SUAPE",1,31,23,22,22,6,74.1935483870968,21,TRUE,24.4223846962741
2022,"16","SUAPE",2,28,23,23,23,8,82.1428571428571,19,TRUE,25.4509799589195
2022,"16","SUAPE",3,31,30,29,28,21,96.7741935483871,21,TRUE,20.0662161390456
2022,"16","SUAPE",4,30,29,28,28,11,96.6666666666667,20,TRUE,20.1005545164774
2022,"16","SUAPE",5,31,29,29,29,17,93.5483870967742,21,TRUE,16.3817117415318
2022,"16","SUAPE",6,30,30,29,28,15,100,20,TRUE,16.3377318336206
2022,"16","SUAPE",7,31,31,31,31,12,100,21,TRUE,18.1574912114533
2022,"16","SUAPE",8,31,29,28,25,10,93.5483870967742,21,TRUE,19.2363814205338
2022,"16","SUAPE",9,30,30,29,29,14,100,20,TRUE,21.8067096337876
2022,"16","SUAPE",10,31,29,28,26,10,93.5483870967742,21,TRUE,22.0021328834899
2022,"16","SUAPE",11,30,29,29,27,11,96.6666666666667,20,TRUE,21.6951361981347
2022,"16","SUAPE",12,31,29,27,22,9,93.5483870967742,21,TRUE,21.616763217928
2024,"12","IPOJUCA",1,31,0,0,0,0,0,21,FALSE,NA
2024,"12","IPOJUCA",2,29,0,0,0,0,0,20,FALSE,NA
2024,"12","IPOJUCA",3,31,0,0,0,0,0,21,FALSE,NA
2024,"12","IPOJUCA",4,30,1,1,1,0,3.33333333333333,20,FALSE,NA
2024,"12","IPOJUCA",5,31,12,11,10,7,38.7096774193548,21,FALSE,NA
2024,"12","IPOJUCA",6,30,24,24,23,18,80,20,TRUE,15.8386122234247
2024,"12","IPOJUCA",7,31,25,25,23,19,80.6451612903226,21,TRUE,17.8619113283208
2024,"12","IPOJUCA",8,31,11,11,11,6,35.4838709677419,21,FALSE,NA
2024,"12","IPOJUCA",9,30,11,11,11,10,36.6666666666667,20,FALSE,NA
2024,"12","IPOJUCA",10,31,24,24,23,23,77.4193548387097,21,TRUE,32.0190145285088
2024,"12","IPOJUCA",11,30,29,29,29,28,96.6666666666667,20,TRUE,29.1793129310345
2024,"12","IPOJUCA",12,31,25,24,23,20,80.6451612903226,21,TRUE,27.6762303019324
2024,"13","CUPE",1,31,0,0,0,0,0,21,FALSE,NA
2024,"13","CUPE",2,29,0,0,0,0,0,20,FALSE,NA
2024,"13","CUPE",3,31,0,0,0,0,0,21,FALSE,NA
2024,"13","CUPE",4,30,0,0,0,0,0,20,FALSE,NA
2024,"13","CUPE",5,31,5,4,3,2,16.1290322580645,21,FALSE,NA
2024,"13","CUPE",6,30,4,4,3,2,13.3333333333333,20,FALSE,NA
2024,"13","CUPE",7,31,7,7,7,5,22.5806451612903,21,FALSE,NA
2024,"13","CUPE",8,31,24,23,23,20,77.4193548387097,21,TRUE,23.5128557787698
2024,"13","CUPE",9,30,9,9,9,6,30,20,FALSE,NA
2024,"13","CUPE",10,31,24,23,21,15,77.4193548387097,21,TRUE,27.759560546238
2024,"13","CUPE",11,30,26,26,25,25,86.6666666666667,20,TRUE,29.8001768162393
2024,"13","CUPE",12,31,28,28,27,24,90.3225806451613,21,TRUE,20.9342694962043
2024,"14","IFPE",1,31,0,0,0,0,0,21,FALSE,NA
2024,"14","IFPE",2,29,0,0,0,0,0,20,FALSE,NA
2024,"14","IFPE",3,31,0,0,0,0,0,21,FALSE,NA
2024,"14","IFPE",4,30,0,0,0,0,0,20,FALSE,NA
2024,"14","IFPE",5,31,0,0,0,0,0,21,FALSE,NA
2024,"14","IFPE",6,30,2,2,1,0,6.66666666666667,20,FALSE,NA
2024,"14","IFPE",7,31,3,3,3,2,9.67741935483871,21,FALSE,NA
2024,"14","IFPE",8,31,12,9,8,8,38.7096774193548,21,FALSE,NA
2024,"14","IFPE",9,30,7,6,4,4,23.3333333333333,20,FALSE,NA
2024,"14","IFPE",10,31,10,10,10,8,32.258064516129,21,FALSE,NA
2024,"14","IFPE",11,30,6,6,3,3,20,20,FALSE,NA
2024,"14","IFPE",12,31,1,1,0,0,3.2258064516129,21,FALSE,NA
2024,"15","CPRH",1,31,0,0,0,0,0,21,FALSE,NA
2024,"15","CPRH",2,29,0,0,0,0,0,20,FALSE,NA
2024,"15","CPRH",3,31,0,0,0,0,0,21,FALSE,NA
2024,"15","CPRH",4,30,2,2,2,1,6.66666666666667,20,FALSE,NA
2024,"15","CPRH",5,31,16,15,15,11,51.6129032258064,21,FALSE,NA
2024,"15","CPRH",6,30,15,14,14,8,50,20,FALSE,NA
2024,"15","CPRH",7,31,17,17,17,12,54.8387096774194,21,FALSE,NA
2024,"15","CPRH",8,31,12,12,11,5,38.7096774193548,21,FALSE,NA
2024,"15","CPRH",9,30,7,7,6,5,23.3333333333333,20,FALSE,NA
2024,"15","CPRH",10,31,15,15,15,12,48.3870967741936,21,FALSE,NA
2024,"15","CPRH",11,30,16,15,12,9,53.3333333333333,20,FALSE,NA
2024,"15","CPRH",12,31,18,17,16,14,58.0645161290323,21,FALSE,NA
2025,"12","IPOJUCA",1,31,24,24,24,21,77.4193548387097,21,TRUE,24.2883905710835
2025,"12","IPOJUCA",2,28,27,27,27,26,96.4285714285714,19,TRUE,21.4422805555556
2025,"12","IPOJUCA",3,31,27,26,26,23,87.0967741935484,21,TRUE,25.5421120448179
2025,"12","IPOJUCA",4,30,30,30,30,30,100,20,TRUE,28.2985444444444
2025,"12","IPOJUCA",5,31,28,28,27,25,90.3225806451613,21,TRUE,20.8104109044934
2025,"12","IPOJUCA",6,30,24,24,24,19,80,20,TRUE,20.0444903769841
2025,"12","IPOJUCA",7,31,21,20,20,19,67.741935483871,21,TRUE,15.5032274909964
2025,"12","IPOJUCA",8,31,26,25,23,23,83.8709677419355,21,TRUE,18.2913952991453
2025,"12","IPOJUCA",9,30,26,26,26,26,86.6666666666667,20,TRUE,25.0531346153846
2025,"12","IPOJUCA",10,31,28,28,27,26,90.3225806451613,21,TRUE,26.8392384187371
2025,"12","IPOJUCA",11,30,22,22,20,19,73.3333333333333,20,TRUE,26.0319979114453
2025,"12","IPOJUCA",12,31,29,29,29,27,93.5483870967742,21,TRUE,25.7735866174056
2025,"13","CUPE",1,31,28,28,28,25,90.3225806451613,21,TRUE,24.2737162840136
2025,"13","CUPE",2,28,24,24,23,23,85.7142857142857,19,TRUE,19.0789586988304
2025,"13","CUPE",3,31,9,8,8,6,29.0322580645161,21,FALSE,NA
2025,"13","CUPE",4,30,6,6,6,6,20,20,FALSE,NA
2025,"13","CUPE",5,31,0,0,0,0,0,21,FALSE,NA
2025,"13","CUPE",6,30,0,0,0,0,0,20,FALSE,NA
2025,"13","CUPE",7,31,0,0,0,0,0,21,FALSE,NA
2025,"13","CUPE",8,31,0,0,0,0,0,21,FALSE,NA
2025,"13","CUPE",9,30,0,0,0,0,0,20,FALSE,NA
2025,"13","CUPE",10,31,0,0,0,0,0,21,FALSE,NA
2025,"13","CUPE",11,30,0,0,0,0,0,20,FALSE,NA
2025,"13","CUPE",12,31,0,0,0,0,0,21,FALSE,NA
2025,"14","IFPE",1,31,9,9,9,7,29.0322580645161,21,FALSE,NA
2025,"14","IFPE",2,28,6,6,6,5,21.4285714285714,19,FALSE,NA
2025,"14","IFPE",3,31,1,1,1,1,3.2258064516129,21,FALSE,NA
2025,"14","IFPE",4,30,2,2,1,0,6.66666666666667,20,FALSE,NA
2025,"14","IFPE",5,31,1,1,1,1,3.2258064516129,21,FALSE,NA
2025,"14","IFPE",6,30,1,1,0,0,3.33333333333333,20,FALSE,NA
2025,"14","IFPE",7,31,1,1,1,0,3.2258064516129,21,FALSE,NA
2025,"14","IFPE",8,31,1,1,1,0,3.2258064516129,21,FALSE,NA
2025,"14","IFPE",9,30,5,5,4,3,16.6666666666667,20,FALSE,NA
2025,"14","IFPE",10,31,10,8,7,4,32.258064516129,21,FALSE,NA
2025,"14","IFPE",11,30,0,0,0,0,0,20,FALSE,NA
2025,"14","IFPE",12,31,6,5,5,3,19.3548387096774,21,FALSE,NA
2025,"15","CPRH",1,31,21,19,19,16,67.741935483871,21,TRUE,43.6518357934083
2025,"15","CPRH",2,28,18,18,18,17,64.2857142857143,19,FALSE,NA
2025,"15","CPRH",3,31,0,0,0,0,0,21,FALSE,NA
2025,"15","CPRH",4,30,0,0,0,0,0,20,FALSE,NA
2025,"15","CPRH",5,31,0,0,0,0,0,21,FALSE,NA
2025,"15","CPRH",6,30,0,0,0,0,0,20,FALSE,NA
2025,"15","CPRH",7,31,0,0,0,0,0,21,FALSE,NA
2025,"15","CPRH",8,31,0,0,0,0,0,21,FALSE,NA
2025,"15","CPRH",9,30,0,0,0,0,0,20,FALSE,NA
2025,"15","CPRH",10,31,0,0,0,0,0,21,FALSE,NA
2025,"15","CPRH",11,30,0,0,0,0,0,20,FALSE,NA
2025,"15","CPRH",12,31,0,0,0,0,0,21,FALSE,NA
