ano,cod_estacao,no_estacao,mes,mes_nome,n_dias_calendario,n_dias_validos,pct_dias_validos,media_mensal_descritiva,mediana_mensal,desvio_padrao_mensal,cv_mensal_pct,p25,p75,p95,referencia_anual,diferenca_mensal_vs_ref,diferenca_mensal_vs_ref_pct,minimo_dias_mma,mes_representativo_mma
2018,14,IFPE,1,Jan,31,31,100,22.1954969902763,22.9583333333333,4.85645116324321,21.8803443120503,17.875,24.9375,30.75,19.5489495149826,2.64654747529367,13.5380546830167,21,TRUE
2018,14,IFPE,2,Fev,28,27,96.4285714285714,22.589252260217,20.875,7.05149745534002,31.2161614475338,18.0208333333334,26.8958333333334,32.5872549019608,19.5489495149826,3.04030274523442,15.5522563649995,19,TRUE
2018,14,IFPE,3,Mar,31,6,19.3548387096774,14.7351190476191,13.7083333333334,1.94809616201629,13.2207697523222,13.5104166666667,16.34375,17.2559523809524,19.5489495149826,-4.81383046736353,-24.6244969003278,21,FALSE
2018,14,IFPE,4,Abr,30,30,100,16.6275673400673,15.5625,3.18837855212008,19.1752556878063,14.65625,18.8598484848485,21.61875,19.5489495149826,-2.92138217491526,-14.943934315633,20,TRUE
2018,14,IFPE,5,Mai,31,31,100,18.8552530919291,19.2083333333333,3.22223406291754,17.0893174820167,15.7291666666667,21.2708333333334,23.8541666666667,19.5489495149826,-0.693696423053495,-3.5485099724762,21,TRUE
2018,14,IFPE,6,Jun,30,29,96.6666666666667,20.7418255158135,19.6666666666667,4.17094850882836,20.1088785827864,18.125,21.5,29.5416666666667,19.5489495149826,1.19287600083093,6.1019954034701,20,TRUE
2018,14,IFPE,7,Jul,31,30,96.7741935483871,17.2704365079365,16.9166666666667,2.88725946364857,16.7179298700513,15.3229166666667,18.2916666666667,22.2625,19.5489495149826,-2.27851300704609,-11.65542427382,21,TRUE
2018,14,IFPE,8,Ago,31,30,96.7741935483871,20.6657142072903,18.1041666666667,7.639484179498,36.9669497161777,16.8333333333333,21.7604166666667,30.8979166666667,19.5489495149826,1.1167646923077,5.71265832699498,21,TRUE
2018,14,IFPE,9,Set,30,25,83.3333333333333,20.2116666666667,19.5,4.51316105243156,22.3294848805058,16.7916666666667,23.125,26.2333333333333,19.5489495149826,0.662717151684078,3.39003971121907,20,TRUE
2018,14,IFPE,10,Out,31,0,0,,,,,,,,19.5489495149826,,,21,FALSE
2018,14,IFPE,11,Nov,30,5,16.6666666666667,16.1071428571429,15,3.80068030445127,23.5962413580123,14.25,17.375,21.0416666666666,19.5489495149826,-3.44180665783974,-17.6060951776559,20,FALSE
2018,14,IFPE,12,Dez,31,31,100,18.7359831029186,18.0416666666667,3.76658387310024,20.1034760354449,15.8541666666667,20.5208333333334,24.5595238095238,19.5489495149826,-0.812966412064011,-4.15861942576987,21,TRUE
2019,PE01,Gaibu,1,Jan,31,31,100,38.5657274002295,37,14.8480117581711,38.5005359916606,30.4375,41.2083333333334,66.75,40.8194100000892,-2.25368259985969,-5.52110527774598,21,TRUE
2019,PE01,Gaibu,2,Fev,28,25,89.2857142857143,32.6997258297258,32.75,11.6627320136019,35.6661461760632,23.625,42.5833333333333,49.95,40.8194100000892,-8.11968417036338,-19.8917234970952,19,TRUE
2019,PE01,Gaibu,3,Mar,31,3,9.67741935483871,27.7359098228664,21.5555555555556,11.1892613263444,40.3421463287266,21.2777777777778,31.1038647342996,38.7425120772947,40.8194100000892,-13.0835001772228,-32.0521540541479,21,FALSE
2019,PE01,Gaibu,4,Abr,30,26,86.6666666666667,38.9523497053977,37.1780303030303,14.6557219608485,37.6247442623919,28.5297619047619,48.9722222222222,65.4166666666666,40.8194100000892,-1.86706029469147,-4.57395218276646,20,TRUE
2019,PE01,Gaibu,5,Mai,31,28,90.3225806451613,48.6821818138531,48.0238095238096,19.0608898812759,39.1537297037329,38.3953804347826,54.4868421052632,87.6416666666666,40.8194100000892,7.86277181376387,19.2623357705236,21,TRUE
2019,PE01,Gaibu,6,Jun,30,29,96.6666666666667,38.31429870586,37.4782608695652,10.3959154756077,27.1332526674114,32.625,42.8571428571429,56.3333333333333,40.8194100000892,-2.50511129422924,-6.13705904672254,20,TRUE
2019,PE01,Gaibu,7,Jul,31,28,90.3225806451613,35.1474602655708,35.2291666666667,19.3194383627184,54.9668118741513,17.4471343873518,49.5416666666667,69.2,40.8194100000892,-5.67194973451844,-13.8952271346059,21,TRUE
2019,PE01,Gaibu,8,Ago,31,31,100,48.4565664767555,48.1666666666667,18.4269297333988,38.0277247712922,36.2971014492753,61.8541666666667,75.6458333333333,40.8194100000892,7.63715647666625,18.7096199495523,21,TRUE
2019,PE01,Gaibu,9,Set,30,25,83.3333333333333,42.5118020594966,41.1666666666667,10.8199541153624,25.4516477570618,36.375,49.7826086956522,56.9666666666667,40.8194100000892,1.69239205940738,4.14604733239328,20,TRUE
2019,PE01,Gaibu,10,Out,31,6,19.3548387096774,45.3382936507937,43.7916666666667,6.98549722196064,15.4074991788721,39.7931547619048,48.75,54.7916666666667,40.8194100000892,4.51888365070445,11.070428628671,21,FALSE
2019,PE01,Gaibu,11,Nov,30,24,80,41.4573326432022,38.1666666666667,10.1548559817847,24.4947162162633,36.2395833333333,43.0625,55.0029761904762,40.8194100000892,0.637922643113008,1.5627924144705,20,TRUE
2019,PE01,Gaibu,12,Dez,31,6,19.3548387096774,49.2311507936508,45.0208333333334,8.49048538500246,17.2461647719546,43.8125,51.5729166666667,61.9360119047619,40.8194100000892,8.4117407935616,20.6072081726395,21,FALSE
2021,13,CUPE,1,Jan,31,30,96.7741935483871,13.0461952015135,13.3422946859904,3.60641577192292,27.6434294920295,10.2488157894736,14.7691071428572,19.2056691176471,13.2158351775256,-0.169639976012112,-1.28361146861604,21,TRUE
2021,13,CUPE,2,Fev,28,18,64.2857142857143,12.6166112918892,11.4216007905139,5.10159480700529,40.4355392187198,8.89359974424552,17.0036180124224,21.231375,13.2158351775256,-0.599223885636402,-4.53413558497931,19,FALSE
2021,13,CUPE,3,Mar,31,29,93.5483870967742,15.4224220042385,11.3095652173913,8.56824353938216,55.557055415987,9.25416666666667,22.6058333333333,31.2106666666667,13.2158351775256,2.20658682671293,16.6965371243837,21,TRUE
2021,13,CUPE,4,Abr,30,30,100,11.9570459815547,12.278125,3.90100985956112,32.6251974407303,9.610625,13.739081027668,16.6903333333333,13.2158351775256,-1.25878919597093,-9.52485544093033,20,TRUE
2021,13,CUPE,5,Mai,31,31,100,10.7083108283906,10.3089473684211,3.21947472295224,30.0651967854401,9.00608695652174,12.3834090909091,15.2593064182195,13.2158351775256,-2.50752434913498,-18.9736351539794,21,TRUE
2021,13,CUPE,6,Jun,30,28,93.3333333333333,10.2966683560256,9.45464673913044,3.33465021380021,32.3857202980494,7.66879076086957,13.2759375,15.6777310606061,13.2158351775256,-2.91916682150002,-22.0884021500529,20,TRUE
2021,13,CUPE,7,Jul,31,28,90.3225806451613,12.1298910926031,11.8946286231884,2.50043089953744,20.6137951317818,10.4766304347826,13.7819972826087,16.3203693181818,13.2158351775256,-1.08594408492255,-8.21699174010029,21,TRUE
2021,13,CUPE,8,Ago,31,31,100,11.2342144906286,11.21375,2.5971671755847,23.1183691369896,9.56041666666667,13.18,15.66,13.2158351775256,-1.98162068689702,-14.9942902607237,21,TRUE
2021,13,CUPE,9,Set,30,30,100,16.3358528904607,14.78575,7.83379617424993,47.9546199808427,11.48375,17.9390380434783,27.3196114130435,13.2158351775256,3.12001771293507,23.6081766382867,20,TRUE
2021,13,CUPE,10,Out,31,31,100,14.3379352855075,13.3379166666667,4.41466431195427,30.7900979049369,11.2623484848485,15.4422916666667,22.8922101449275,13.2158351775256,1.12210010798193,8.49057280836958,21,TRUE
2021,13,CUPE,11,Nov,30,30,100,13.523316607147,12.5659692028986,3.7555891594198,27.7712137378711,10.8412454710145,15.1188988095238,19.8520535714286,13.2158351775256,0.307481429621383,2.32661368344148,20,TRUE
2021,13,CUPE,12,Dez,31,31,100,16.549525854912,15.3717391304348,4.42326891836197,26.7274661349232,13.6770256916996,18.9907644110276,24.0119345238095,13.2158351775256,3.33369067738643,25.2249716541229,21,TRUE
2021,12,IPOJUCA,1,Jan,31,28,90.3225806451613,22.2066510261288,19.4825,5.78374528516453,26.0451036869957,18.5633463541562,27.3279166666667,31.5673541666667,15.3629089992053,6.84374202692348,44.5471754553613,21,TRUE
2021,12,IPOJUCA,2,Fev,28,18,64.2857142857143,14.3544676386151,13.2327569169961,6.82717703287349,47.5613391227943,8.61699048913044,15.8492934782609,28.3340632411067,15.3629089992053,-1.0084413605902,-6.564130274041,19,FALSE
2021,12,IPOJUCA,3,Mar,31,31,100,11.0998280720617,10.1283333333333,3.19583728522731,28.7917728498086,8.73723484848485,13.0464583333334,17.4110416666667,15.3629089992053,-4.26308092714355,-27.7491777590043,21,TRUE
2021,12,IPOJUCA,4,Abr,30,12,40,12.1218749951845,10.4685037878788,6.00828907082523,49.5656742311901,9.34826388888889,12.4225,21.3531282894737,15.3629089992053,-3.2410340040208,-21.0964863763006,20,FALSE
2021,12,IPOJUCA,5,Mai,31,30,96.7741935483871,8.97911795752557,7.78875,3.02205773572367,33.6565100271439,6.99056324110672,10.6357291666667,15.3287916666667,15.3629089992053,-6.38379104167973,-41.5532699048725,21,TRUE
2021,12,IPOJUCA,6,Jun,30,29,96.6666666666667,9.68422042306769,9.085,3.01259279745441,31.1082634001024,7.940875,10.5495652173913,15.4469166666667,15.3629089992053,-5.67868857613761,-36.9636282844047,20,TRUE
2021,12,IPOJUCA,7,Jul,31,28,90.3225806451613,13.4086038608131,13.1175,3.50060665213499,26.1071673715828,10.9635132575758,15.3341477272728,20.1136666666666,15.3629089992053,-1.9543051383922,-12.720931553349,21,TRUE
2021,12,IPOJUCA,8,Ago,31,31,100,11.6489140920163,11.4120833333333,4.59441124461011,39.4406826964148,8.21450757575758,14.4525,19.4645018115942,15.3629089992053,-3.71399490718896,-24.1750758751554,21,TRUE
2021,12,IPOJUCA,9,Set,30,30,100,17.0658879843989,17.8735416666667,4.20443275532251,24.6364722372846,14.4570170454545,19.2357291666667,24.180125,15.3629089992053,1.70297898519355,11.0850034019055,20,TRUE
2021,12,IPOJUCA,10,Out,31,31,100,19.0791325066939,18.75375,4.17390027159757,21.8767822390938,15.7033333333334,22.655,25.2183333333334,15.3629089992053,3.71622350748857,24.1895822443575,21,TRUE
2021,12,IPOJUCA,11,Nov,30,30,100,19.241641837631,18.686590909091,4.46761851846121,23.2184891297782,15.7786458333334,20.914669384058,28.9114655797102,15.3629089992053,3.87873283842566,25.2473853657944,20,TRUE
2021,12,IPOJUCA,12,Dez,31,31,100,23.1361634199134,22.1508695652174,6.08020459903372,26.2800901285148,19.168530020704,26.5704166666667,33.4357707509881,15.3629089992053,7.77325442070812,50.5975425689902,21,TRUE
2022,16,SUAPE,1,Jan,31,23,74.1935483870968,24.4223846962741,21.2608695652174,14.9203861931416,61.0930766126941,19.2559523809524,23.175,38.5409937888199,20.4288476896859,3.99353700658822,19.5485181898168,21,TRUE
2022,16,SUAPE,2,Fev,28,23,82.1428571428571,25.4509799589195,24.0416666666667,8.49195617978597,33.3659300879293,19.0750988142293,31.0552536231884,41.0148809523809,20.4288476896859,5.02213226923357,24.5835318052185,19,TRUE
2022,16,SUAPE,3,Mar,31,30,96.7741935483871,20.0662161390456,18.875,4.491752695832,22.3846522169757,17.7006578947368,21.21875,27.46875,20.4288476896859,-0.362631550640312,-1.77509547356113,21,TRUE
2022,16,SUAPE,4,Abr,30,29,96.6666666666667,20.1005545164774,20.0833333333333,4.79202200416824,23.840247791373,17.25,22.0869565217391,27.5786096256685,20.4288476896859,-0.328293173208454,-1.60700778719988,20,TRUE
2022,16,SUAPE,5,Mai,31,29,93.5483870967742,16.3817117415318,15.5,4.9637872753865,30.3007851298105,12.875,20.3,24.1391304347826,20.4288476896859,-4.04713594815407,-19.8108870829625,21,TRUE
2022,16,SUAPE,6,Jun,30,30,100,16.3377318336206,15.419384057971,3.95675416458869,24.2185035529001,13.125,18.2839673913044,22.6473484848485,20.4288476896859,-4.09111585606532,-20.0261704341299,20,TRUE
2022,16,SUAPE,7,Jul,31,31,100,18.1574912114533,17.4782608695652,4.18315343027678,23.0381685529229,15.7291666666667,19.4209486166008,25.875,20.4288476896859,-2.27135647823256,-11.1183778582838,21,TRUE
2022,16,SUAPE,8,Ago,31,29,93.5483870967742,19.2363814205338,17.9583333333333,5.74875371078563,29.8847978999271,14.4210526315789,23.3913043478261,28.0349206349206,20.4288476896859,-1.19246626915215,-5.83716853376023,21,TRUE
2022,16,SUAPE,9,Set,30,30,100,21.8067096337876,22.1865942028986,4.25675914253761,19.5204100665518,18.4406702898551,24.6635375494071,28.6246323529412,20.4288476896859,1.37786194410174,6.74468753711153,20,TRUE
2022,16,SUAPE,10,Out,31,29,93.5483870967742,22.0021328834899,22.1739130434783,5.2307206700672,23.7736982035604,18.3157894736842,24.9166666666667,28.3086956521739,20.4288476896859,1.57328519380401,7.70129190692594,21,TRUE
2022,16,SUAPE,11,Nov,30,29,96.6666666666667,21.6951361981347,21.4166666666667,6.44754012012847,29.7188275807313,18.1739130434783,23.4166666666667,27.7246376811594,20.4288476896859,1.26628850844881,6.19853125190281,20,TRUE
2022,16,SUAPE,12,Dez,31,29,93.5483870967742,21.616763217928,19.25,10.3145728920958,47.7156213819347,17.8095238095238,21.0416666666667,28.6813299232737,20.4288476896859,1.1879155282421,5.81489248090019,21,TRUE
2025,12,IPOJUCA,1,Jan,31,24,77.4193548387097,24.2883905710835,24.5893630952381,5.94295709578083,24.4683033994694,19.7010625,27.7720416666667,33.5621583333333,23.3601851871563,0.928205383927207,3.97345045208608,21,TRUE
2025,12,IPOJUCA,2,Fev,28,27,96.4285714285714,21.4422805555556,20.864375,6.63249562554381,30.9318573104174,16.2780625,24.8275833333333,32.3524125,23.3601851871563,-1.91790463160074,-8.21014309704714,19,TRUE
2025,12,IPOJUCA,3,Mar,31,27,87.0967741935484,25.5421120448179,19.8325,21.7528532190011,85.1646613280532,17.1564404761905,25.9158958333334,33.0658125,23.3601851871563,2.18192685766164,9.34036626927638,21,TRUE
2025,12,IPOJUCA,4,Abr,30,30,100,28.2985444444444,29.4381458333334,5.7051752872127,20.1606669149117,23.06971875,32.3839583333333,36.35808125,23.3601851871563,4.93835925728814,21.1400689580291,20,TRUE
2025,12,IPOJUCA,5,Mai,31,28,90.3225806451613,20.8104109044934,19.8947708333334,7.05779233860781,33.9147187962727,15.9281458333333,25.3003645833333,31.8006748903509,23.3601851871563,-2.54977428266292,-10.9150431053296,21,TRUE
2025,12,IPOJUCA,6,Jun,30,24,80,20.0444903769841,18.939,5.00185091102652,24.9537444801781,16.0394479166667,24.7588571428571,27.265875,23.3601851871563,-3.31569481017217,-14.193786494446,20,TRUE
2025,12,IPOJUCA,7,Jul,31,21,67.741935483871,15.5032274909964,13.7614583333333,4.83162314294384,31.1652728165786,11.8833333333333,18.2888333333333,22.355,23.3601851871563,-7.85695769615991,-33.6339700786266,21,TRUE
2025,12,IPOJUCA,8,Ago,31,26,83.8709677419355,18.2913952991453,17.330875,5.45555447348828,29.8257972356172,14.55646875,21.1317604166667,27.8941354166667,23.3601851871563,-5.068789888011,-21.6984148344761,21,TRUE
2025,12,IPOJUCA,9,Set,30,26,86.6666666666667,25.0531346153846,23.68975,7.48512116545688,29.8769845784504,19.81125,30.6798229166667,38.3370729166667,23.3601851871563,1.69294942822831,7.24715756602441,20,TRUE
2025,12,IPOJUCA,10,Out,31,28,90.3225806451613,26.8392384187371,26.6186711956522,4.13541008245477,15.408075363151,23.7855833333334,30.21696875,32.4021458333333,23.3601851871563,3.47905323158075,14.8930892615251,21,TRUE
2025,12,IPOJUCA,11,Nov,30,22,73.3333333333333,26.0319979114453,25.8878541666667,3.38523405764439,13.0041269562181,24.0447395833334,28.4878993055556,30.4491041666667,23.3601851871563,2.67181272428898,11.4374637995506,20,TRUE
2025,12,IPOJUCA,12,Dez,31,29,93.5483870967742,25.7735866174056,25.6857916666667,3.46984502400391,13.4627945870003,24.05,28.5045833333333,31.3806333333333,23.3601851871563,2.41340143024928,10.331259837684,21,TRUE
