data,mp10_cupe,mp10_ipojuca,ambos_validos,diferenca_ipojuca_menos_cupe
2021-01-01,,26.2280952380952,FALSE,
2021-01-02,7.24631578947368,25.0845454545455,TRUE,17.8382296650718
2021-01-03,15.0181018518333,28.9995833333333,TRUE,13.9814814815
2021-01-04,7.7978947368421,28.9122395833333,TRUE,21.1143448464912
2021-01-05,9.51111111111111,28.0341666666667,TRUE,18.5230555555556
2021-01-06,19.3023529411765,34.8025,TRUE,15.5001470588235
2021-01-07,14.0575,32.95,TRUE,18.8925
2021-01-08,9.25428571428571,27.0925,TRUE,17.8382142857143
2021-01-09,14.0134782608696,,FALSE,
2021-01-10,14.535,,FALSE,
2021-01-11,22.3675,,FALSE,
2021-01-12,9.62705882352941,18.5736284722083,TRUE,8.94656964867889
2021-01-13,11.5095833333333,21.7020833333333,TRUE,10.1925
2021-01-14,9.115,19.2670833333333,TRUE,10.1520833333333
2021-01-15,13.9225,18.9183333333333,TRUE,4.9958333333333
2021-01-16,19.0875,14.5358333333333,TRUE,-4.5516666666667
2021-01-17,14.5225,14.9095833333333,TRUE,0.387083333333299
2021-01-18,8.863,18.5325,TRUE,9.6695
2021-01-19,10.7945454545455,19.2329166666667,TRUE,8.4383712121212
2021-01-20,10.9504166666667,19.6979166666667,TRUE,8.7475
2021-01-21,10.3321052631579,19.2669565217391,TRUE,8.9348512585812
2021-01-22,13.0311111111111,24.5195454545455,TRUE,11.4884343434344
2021-01-23,17.43,17.1070833333333,TRUE,-0.3229166666667
2021-01-24,14.1619047619048,17.0708333333333,TRUE,2.9089285714285
2021-01-25,12.7468421052632,19.2529166666667,TRUE,6.5060745614035
2021-01-26,10.2210526315789,16.4409090909091,TRUE,6.2198564593302
2021-01-27,16.369,13.1657142857143,TRUE,-3.2032857142857
2021-01-28,14.8471428571429,21.5572222222222,TRUE,6.7100793650793
2021-01-29,13.6534782608696,18.8468421052632,TRUE,5.1933638443936
2021-01-30,11.5410526315789,28.6463636363636,TRUE,17.1053110047847
2021-01-31,15.5565217391304,28.4383333333333,TRUE,12.8818115942029
2021-02-01,10.9895652173913,29.0863636363636,TRUE,18.0967984189723
2021-02-02,11.8536363636364,28.2013043478261,TRUE,16.3476679841897
2021-02-03,12.3352479340909,24.8242105263158,TRUE,12.4889625922249
2021-02-04,20.14625,17.6925,TRUE,-2.45375
2021-02-05,17.824347826087,12.7083333333333,TRUE,-5.1160144927537
2021-02-06,10.3966666666667,15.985,TRUE,5.5883333333333
2021-02-07,14.5414285714286,15.0421739130435,TRUE,0.5007453416149
2021-02-08,18.0195,15.4421739130435,TRUE,-2.5773260869565
2021-02-09,21.259,13.7179166666667,TRUE,-7.5410833333333
2021-02-10,21.2265,13.4286956521739,TRUE,-7.7978043478261
2021-02-11,12.4495652173913,13.0368181818182,TRUE,0.5872529644269
2021-02-12,9.27352941176471,10.9277272727273,TRUE,1.65419786096259
2021-02-13,10.8,8.400625,TRUE,-2.399375
2021-02-14,8.15833333333333,7.9775,TRUE,-0.18083333333333
2021-02-15,5.2952380952381,7.3715,TRUE,2.0762619047619
2021-02-16,,,FALSE,
2021-02-17,,,FALSE,
2021-02-18,,,FALSE,
2021-02-19,,,FALSE,
2021-02-20,,,FALSE,
2021-02-21,,,FALSE,
2021-02-22,,,FALSE,
2021-02-23,,,FALSE,
2021-02-24,,,FALSE,
2021-02-25,,,FALSE,
2021-02-26,7.098,7.7752380952381,TRUE,0.6772380952381
2021-02-27,8.76695652173913,9.26608695652174,TRUE,0.499130434782609
2021-02-28,6.6652380952381,7.49625,TRUE,0.8310119047619
2021-03-01,21.3954166666667,7.865,TRUE,-13.5304166666667
2021-03-02,24.4327272727273,10.0754166666667,TRUE,-14.3573106060606
2021-03-03,27.2152941176471,12.35875,TRUE,-14.8565441176471
2021-03-04,24.5291666666667,8.40764705882353,TRUE,-16.1215196078432
2021-03-05,32.67125,9.89833333333333,TRUE,-22.7729166666667
2021-03-06,30.1041666666667,13.1758333333333,TRUE,-16.9283333333334
2021-03-07,31.9483333333333,13.0808333333333,TRUE,-18.8675
2021-03-08,28.6127272727273,13.0391666666667,TRUE,-15.5735606060606
2021-03-09,22.6058333333333,13.05375,TRUE,-9.5520833333333
2021-03-10,,15.4045833333333,FALSE,
2021-03-11,,17.9229166666667,FALSE,
2021-03-12,9.46625,14.9108695652174,TRUE,5.4446195652174
2021-03-13,13.4904166666667,11.3139130434783,TRUE,-2.1765036231884
2021-03-14,12.085,9.52809523809524,TRUE,-2.55690476190476
2021-03-15,12.4020833333333,16.8991666666667,TRUE,4.4970833333334
2021-03-16,11.4341666666667,11.1447058823529,TRUE,-0.2894607843138
2021-03-17,10.0645833333333,10.1283333333333,TRUE,0.0637500000000006
2021-03-18,9.25416666666667,8.50583333333333,TRUE,-0.74833333333334
2021-03-19,11.3095652173913,12.9329166666667,TRUE,1.6233514492754
2021-03-20,9.56173913043478,11.6673913043478,TRUE,2.10565217391302
2021-03-21,8.32695652173913,10.7791304347826,TRUE,2.45217391304347
2021-03-22,11.1725,9.42954545454545,TRUE,-1.74295454545455
2021-03-23,7.17416666666667,7.11782608695652,TRUE,-0.0563405797101497
2021-03-24,8.01954545454545,9.12421052631579,TRUE,1.10466507177034
2021-03-25,9.90217391304348,9.81583333333333,TRUE,-0.08634057971015
2021-03-26,8.34454545454545,8.29304347826087,TRUE,-0.0515019762845803
2021-03-27,5.5975,7.11875,TRUE,1.52125
2021-03-28,8.24652173913043,5.43608695652174,TRUE,-2.81043478260869
2021-03-29,8.86,8.96863636363636,TRUE,0.108636363636361
2021-03-30,9.66260869565217,8.50565217391304,TRUE,-1.15695652173913
2021-03-31,19.3608333333333,18.1925,TRUE,-1.1683333333333
2021-04-01,25.02,29.6629166666667,TRUE,4.6429166666667
2021-04-02,13.9579166666667,11.7958333333333,TRUE,-2.1620833333334
2021-04-03,16.5675,14.3025,TRUE,-2.265
2021-04-04,10.4070833333333,9.40083333333333,TRUE,-1.00624999999997
2021-04-05,12.5691666666667,10.0529166666667,TRUE,-2.51625
2021-04-06,10.5269565217391,11.61,TRUE,1.0830434782609
2021-04-07,10.5252173913043,9.79652173913044,TRUE,-0.72869565217386
2021-04-08,14.6366666666667,14.5542105263158,TRUE,-0.0824561403509012
2021-04-09,16.7908333333333,,FALSE,
2021-04-10,6.30590909090909,6.46045454545455,TRUE,0.154545454545461
2021-04-11,5.34086956521739,,FALSE,
2021-04-12,9.02565217391304,,FALSE,
2021-04-13,10.33625,,FALSE,
2021-04-14,8.17,,FALSE,
2021-04-15,8.10909090909091,,FALSE,
2021-04-16,12.3929166666667,,FALSE,
2021-04-17,10.8326086956522,,FALSE,
2021-04-18,6.69652173913043,,FALSE,
2021-04-19,12.1633333333333,,FALSE,
2021-04-20,14.5683333333333,,FALSE,
2021-04-21,9.36875,,FALSE,
2021-04-22,13.2104166666667,,FALSE,
2021-04-23,12.9052173913043,,FALSE,
2021-04-24,15.9459090909091,,FALSE,
2021-04-25,12.865652173913,,FALSE,
2021-04-26,11.9613636363636,,FALSE,
2021-04-27,12.9433333333333,,FALSE,
2021-04-28,7.1655,9.19055555555556,TRUE,2.02505555555556
2021-04-29,13.7769565217391,10.8840909090909,TRUE,-2.8928656126482
2021-04-30,13.6254545454545,7.75166666666667,TRUE,-5.87378787878783
2021-05-01,12.3763636363636,11.4845833333333,TRUE,-0.8917803030303
2021-05-02,9.80736842105263,,FALSE,
2021-05-03,20.3,7.8275,TRUE,-12.4725
2021-05-04,7.23909090909091,9.15375,TRUE,1.91465909090909
2021-05-05,6.18590909090909,6.865,TRUE,0.679090909090911
2021-05-06,12.775,8.35583333333333,TRUE,-4.41916666666667
2021-05-07,9.3504347826087,10.985,TRUE,1.6345652173913
2021-05-08,10.5540909090909,7.0004347826087,TRUE,-3.5536561264822
2021-05-09,12.1526315789474,6.65695652173913,TRUE,-5.49567505720827
2021-05-10,10.3089473684211,6.98727272727273,TRUE,-3.32167464114837
2021-05-11,7.48619047619048,7.01833333333333,TRUE,-0.46785714285715
2021-05-12,7.91272727272727,7.68916666666667,TRUE,-0.223560606060601
2021-05-13,9.46291666666667,5.33666666666667,TRUE,-4.12625
2021-05-14,6.87863636363636,6.53238095238095,TRUE,-0.34625541125541
2021-05-15,11.64375,8.11958333333333,TRUE,-3.52416666666667
2021-05-16,10.9252380952381,7.54652173913043,TRUE,-3.37871635610767
2021-05-17,12.3904545454545,5.91,TRUE,-6.4804545454545
2021-05-18,9.885,7.71260869565217,TRUE,-2.17239130434783
2021-05-19,8.91565217391304,7.01304347826087,TRUE,-1.90260869565217
2021-05-20,6.23727272727273,9.89833333333333,TRUE,3.6610606060606
2021-05-21,10.3135,10.67875,TRUE,0.365250000000001
2021-05-22,13.9725,16.0191666666667,TRUE,2.0466666666667
2021-05-23,15.4695652173913,13.1454166666667,TRUE,-2.3241485507246
2021-05-24,14.585,17.0204166666667,TRUE,2.4354166666667
2021-05-25,14.1005,14.485,TRUE,0.384499999999999
2021-05-26,15.0490476190476,11.3404166666667,TRUE,-3.7086309523809
2021-05-27,9.09652173913043,8.14913043478261,TRUE,-0.947391304347821
2021-05-28,5.475,5.76333333333333,TRUE,0.28833333333333
2021-05-29,10.2055,10.5066666666667,TRUE,0.301166666666699
2021-05-30,9.185,6.42227272727273,TRUE,-2.76272727272727
2021-05-31,11.7178260869565,7.75,TRUE,-3.9678260869565
2021-06-01,11.89,14.8491666666667,TRUE,2.9591666666667
2021-06-02,17.5478260869565,15.8454166666667,TRUE,-1.7024094202898
2021-06-03,12.4870833333333,9.085,TRUE,-3.4020833333333
2021-06-04,11.3370833333333,8.62833333333333,TRUE,-2.70874999999997
2021-06-05,14.0595833333333,9.39583333333333,TRUE,-4.66374999999997
2021-06-06,9.92625,9.32541666666667,TRUE,-0.60083333333333
2021-06-07,11.5878260869565,8.4975,TRUE,-3.0903260869565
2021-06-08,7.72130434782609,7.21454545454545,TRUE,-0.506758893280639
2021-06-09,,8.84391304347826,FALSE,
2021-06-10,16.5441666666667,11.2529166666667,TRUE,-5.29125
2021-06-11,13.7805263157895,10.8666666666667,TRUE,-2.9138596491228
2021-06-12,8.98304347826087,9.28166666666667,TRUE,0.2986231884058
2021-06-13,10.3925,7.62958333333333,TRUE,-2.76291666666667
2021-06-14,5.58541666666667,9.9025,TRUE,4.31708333333333
2021-06-15,8.32291666666667,6.57636363636364,TRUE,-1.74655303030303
2021-06-16,7.26041666666667,8.37666666666667,TRUE,1.11625
2021-06-17,6.65428571428571,5.49095238095238,TRUE,-1.16333333333333
2021-06-18,8.03285714285714,6.89166666666667,TRUE,-1.14119047619047
2021-06-19,6.40434782608696,6.24833333333333,TRUE,-0.15601449275363
2021-06-20,7.51125,8.71125,TRUE,1.2
2021-06-21,13.8754166666667,18.55625,TRUE,4.6808333333333
2021-06-22,13.2291666666667,12.9004166666667,TRUE,-0.328749999999999
2021-06-23,8.21791666666667,13.8583333333333,TRUE,5.64041666666663
2021-06-24,8.10291666666667,9.39826086956522,TRUE,1.29534420289855
2021-06-25,,,FALSE,
2021-06-26,7.04,8.9525,TRUE,1.9125
2021-06-27,6.07,6.39625,TRUE,0.32625
2021-06-28,8.25772727272727,9.37625,TRUE,1.11852272727273
2021-06-29,14.0686363636364,10.5495652173913,TRUE,-3.5190711462451
2021-06-30,13.41625,7.940875,TRUE,-5.475375
2021-07-01,9.13291666666667,11.0445454545455,TRUE,1.91162878787883
2021-07-02,13.5854166666667,10.0341666666667,TRUE,-3.55125
2021-07-03,7.61083333333333,8.0675,TRUE,0.456666666666671
2021-07-04,10.7373913043478,12.1954166666667,TRUE,1.4580253623189
2021-07-05,9.56666666666667,14.7191666666667,TRUE,5.15250000000003
2021-07-06,10.9,12.55625,TRUE,1.65625
2021-07-07,12.1054166666667,16.27375,TRUE,4.1683333333333
2021-07-08,12.7633333333333,14.74625,TRUE,1.9829166666667
2021-07-09,11.5695454545455,18.6425,TRUE,7.0729545454545
2021-07-10,8.57708333333333,11.37125,TRUE,2.79416666666667
2021-07-11,14.4604166666667,11.76875,TRUE,-2.6916666666667
2021-07-12,14.995,13.4291666666667,TRUE,-1.5658333333333
2021-07-13,10.75,15.97,TRUE,5.22
2021-07-14,12.0370833333333,17.1429166666667,TRUE,5.1058333333334
2021-07-15,11.7521739130435,13.2129166666667,TRUE,1.4607427536232
2021-07-16,14.3717391304348,9.1835,TRUE,-5.1882391304348
2021-07-17,9.69434782608696,8.10583333333333,TRUE,-1.58851449275363
2021-07-18,12.6320833333333,10.4358333333333,TRUE,-2.19625
2021-07-19,9.38333333333333,9.61458333333333,TRUE,0.231250000000001
2021-07-20,16.5918181818182,13.0220833333333,TRUE,-3.5697348484849
2021-07-21,13.2213043478261,11.5865217391304,TRUE,-1.6347826086957
2021-07-22,15.71,15.1591666666667,TRUE,-0.550833333333301
2021-07-23,,,FALSE,
2021-07-24,,,FALSE,
2021-07-25,,,FALSE,
2021-07-26,16.9745,14.241,TRUE,-2.7335
2021-07-27,12.2241666666667,13.6120833333333,TRUE,1.3879166666666
2021-07-28,15.81625,20.9058333333333,TRUE,5.0895833333333
2021-07-29,11.6858333333333,21.8204166666667,TRUE,10.1345833333334
2021-07-30,11.4591304347826,15.8590909090909,TRUE,4.3999604743083
2021-07-31,9.32916666666667,10.7204166666667,TRUE,1.39125000000003
2021-08-01,13.30625,14.2225,TRUE,0.91625
2021-08-02,10.5060869565217,7.53875,TRUE,-2.9673369565217
2021-08-03,7.67291666666667,8.14818181818182,TRUE,0.47526515151515
2021-08-04,7.36347826086956,3.72157894736842,TRUE,-3.64189931350114
2021-08-05,7.305,4.84916666666667,TRUE,-2.45583333333333
2021-08-06,13.7641666666667,11.9704166666667,TRUE,-1.79375
2021-08-07,15.5079166666667,9.90125,TRUE,-5.6066666666667
2021-08-08,13.4870833333333,15.3358333333333,TRUE,1.84875
2021-08-09,6.66695652173913,3.6904347826087,TRUE,-2.97652173913043
2021-08-10,9.50875,6.00166666666667,TRUE,-3.50708333333333
2021-08-11,8.21652173913044,7.36541666666667,TRUE,-0.851105072463771
2021-08-12,9.28826086956522,7.07625,TRUE,-2.21201086956522
2021-08-13,15.8120833333333,10.7459090909091,TRUE,-5.0661742424242
2021-08-14,9.63958333333333,8.28083333333333,TRUE,-1.35875
2021-08-15,9.90958333333333,13.3936363636364,TRUE,3.48405303030307
2021-08-16,11.431,9.65458333333333,TRUE,-1.77641666666667
2021-08-17,9.69125,9.64875,TRUE,-0.0425000000000004
2021-08-18,9.85217391304348,11.9004545454545,TRUE,2.04828063241102
2021-08-19,11.2865217391304,11.4120833333333,TRUE,0.1255615942029
2021-08-20,11.8733333333333,14.6420833333333,TRUE,2.76875
2021-08-21,9.61208333333333,12.9220833333333,TRUE,3.30999999999997
2021-08-22,15.9504347826087,13.7613043478261,TRUE,-2.1891304347826
2021-08-23,11.15125,10.6008333333333,TRUE,-0.550416666666699
2021-08-24,13.05375,14.2629166666667,TRUE,1.2091666666667
2021-08-25,12.87375,17.4358333333333,TRUE,4.5620833333333
2021-08-26,12.7034782608696,21.1960869565217,TRUE,8.4926086956521
2021-08-27,13.865652173913,21.2370833333333,TRUE,7.3714311594203
2021-08-28,11.8931818181818,16.5545833333333,TRUE,4.6614015151515
2021-08-29,9.04565217391304,10.74,TRUE,1.69434782608696
2021-08-30,11.21375,17.7329166666667,TRUE,6.5191666666667
2021-08-31,14.80875,15.1729166666667,TRUE,0.3641666666667
2021-09-01,11.0373913043478,15.5071428571429,TRUE,4.4697515527951
2021-09-02,10.4321739130435,10.8095833333333,TRUE,0.377409420289801
2021-09-03,6.8525,15.05625,TRUE,8.20375
2021-09-04,12.4116666666667,17.75625,TRUE,5.3445833333333
2021-09-05,11.81375,18.92,TRUE,7.10625
2021-09-06,17.0752173913043,20.8208333333333,TRUE,3.745615942029
2021-09-07,10.87875,19.2566666666667,TRUE,8.3779166666667
2021-09-08,14.9115,16.045652173913,TRUE,1.134152173913
2021-09-09,9.003,9.36583333333333,TRUE,0.362833333333329
2021-09-10,25.0504347826087,12.2175,TRUE,-12.8329347826087
2021-09-11,24.2620833333333,20.7025,TRUE,-3.5595833333333
2021-09-12,15.3583333333333,12.9125,TRUE,-2.4458333333333
2021-09-13,46.5136842105263,15.7608333333333,TRUE,-30.752850877193
2021-09-14,16.763,10.4029166666667,TRUE,-6.3600833333333
2021-09-15,17.9635,26.08625,TRUE,8.12275
2021-09-16,14.66,18.2411111111111,TRUE,3.5811111111111
2021-09-17,13.7270833333333,17.9908333333333,TRUE,4.26375
2021-09-18,16.0090909090909,18.2295833333333,TRUE,2.2204924242424
2021-09-19,19.8379166666667,15.6108333333333,TRUE,-4.2270833333334
2021-09-20,13.6683333333333,15.9508695652174,TRUE,2.2825362318841
2021-09-21,25.3926086956522,19.1729166666667,TRUE,-6.2196920289855
2021-09-22,28.89625,18.0483333333333,TRUE,-10.8479166666667
2021-09-23,18.1513043478261,21.8504166666667,TRUE,3.6991123188406
2021-09-24,17.0666666666667,14.2572727272727,TRUE,-2.809393939394
2021-09-25,11.37375,12.8270833333333,TRUE,1.4533333333333
2021-09-26,17.865652173913,20.1708695652174,TRUE,2.3052173913044
2021-09-27,13.835,18.1717391304348,TRUE,4.3367391304348
2021-09-28,12.93,26.5079166666667,TRUE,13.5779166666667
2021-09-29,7.61625,21.1904347826087,TRUE,13.5741847826087
2021-09-30,8.71869565217391,12.1357142857143,TRUE,3.41701863354039
2021-10-01,14.4208695652174,11.2579166666667,TRUE,-3.1629528985507
2021-10-02,16.4152173913043,15.0395833333333,TRUE,-1.375634057971
2021-10-03,23.7160869565217,14.7570833333333,TRUE,-8.9590036231884
2021-10-04,19.6070833333333,23.2729166666667,TRUE,3.6658333333334
2021-10-05,11.885,17.1758333333333,TRUE,5.2908333333333
2021-10-06,22.0683333333333,23.5175,TRUE,1.4491666666667
2021-10-07,9.49875,18.945,TRUE,9.44625
2021-10-08,16.0595833333333,23.3986956521739,TRUE,7.3391123188406
2021-10-09,13.3379166666667,18.0045833333333,TRUE,4.6666666666666
2021-10-10,12.7354166666667,17.6866666666667,TRUE,4.95125
2021-10-11,14.0852380952381,21.41,TRUE,7.3247619047619
2021-10-12,11.1913636363636,24.1904166666667,TRUE,12.9990530303031
2021-10-13,29.2026315789474,23.6679166666667,TRUE,-5.5347149122807
2021-10-14,17.4034782608696,22.0370833333333,TRUE,4.6336050724637
2021-10-15,12.16,21.9125,TRUE,9.7525
2021-10-16,14.825,17.81125,TRUE,2.98625
2021-10-17,10.74125,12.7027272727273,TRUE,1.9614772727273
2021-10-18,16.9779166666667,23.4882608695652,TRUE,6.5103442028985
2021-10-19,14.6591666666667,20.5375,TRUE,5.8783333333333
2021-10-20,14.2216666666667,19.1441666666667,TRUE,4.9225
2021-10-21,10.9070833333333,18.75375,TRUE,7.8466666666667
2021-10-22,11.3333333333333,15.7866666666667,TRUE,4.4533333333334
2021-10-23,10.9441666666667,13.6321739130435,TRUE,2.6880072463768
2021-10-24,9.93208333333333,17.0345833333333,TRUE,7.10249999999997
2021-10-25,13.22375,26.24625,TRUE,13.0225
2021-10-26,13.8058333333333,28.0345833333333,TRUE,14.22875
2021-10-27,9.74478260869565,20.0983333333333,TRUE,10.3535507246377
2021-10-28,14.4770833333333,15.62,TRUE,1.1429166666667
2021-10-29,9.46954545454545,14.8779166666667,TRUE,5.40837121212125
2021-10-30,12.365,15.0791666666667,TRUE,2.7141666666667
2021-10-31,13.0613636363636,16.3320833333333,TRUE,3.2707196969697
2021-11-01,9.20541666666667,15.1304166666667,TRUE,5.92500000000003
2021-11-02,18.8133333333333,16.2865217391304,TRUE,-2.5268115942029
2021-11-03,13.1279166666667,20.8504166666667,TRUE,7.7225
2021-11-04,12.0091666666667,19.38375,TRUE,7.3745833333333
2021-11-05,13.4620833333333,14.3270833333333,TRUE,0.865
2021-11-06,12.5554166666667,16.4329166666667,TRUE,3.8775
2021-11-07,11.0354166666667,15.6816666666667,TRUE,4.64625
2021-11-08,10.0554545454545,24.7483333333333,TRUE,14.6928787878788
2021-11-09,19.8209523809524,30.31125,TRUE,10.4902976190476
2021-11-10,18.5375,18.7236363636364,TRUE,0.186136363636397
2021-11-11,8.47190476190476,20.2325,TRUE,11.7605952380952
2021-11-12,11.4333333333333,14.50625,TRUE,3.0729166666667
2021-11-13,10.7765217391304,14.4795833333333,TRUE,3.7030615942029
2021-11-14,10.6554166666667,18.6495454545455,TRUE,7.9941287878788
2021-11-15,10.2308333333333,17.0883333333333,TRUE,6.8575
2021-11-16,19.8775,20.3908333333333,TRUE,0.5133333333333
2021-11-17,14.9341666666667,14.4790476190476,TRUE,-0.4551190476191
2021-11-18,8.87083333333333,17.1429166666667,TRUE,8.27208333333337
2021-11-19,12.5765217391304,15.3804166666667,TRUE,2.8038949275363
2021-11-20,9.65695652173913,14.0308333333333,TRUE,4.37387681159417
2021-11-21,18.8469565217391,16.0695833333333,TRUE,-2.7773731884058
2021-11-22,11.6921052631579,21.4595833333333,TRUE,9.7674780701754
2021-11-23,14.0558333333333,20.5304166666667,TRUE,6.4745833333334
2021-11-24,16.0254166666667,28.9841666666667,TRUE,12.95875
2021-11-25,15.1804761904762,20.9360869565217,TRUE,5.7556107660455
2021-11-26,22.9460869565217,28.8226086956522,TRUE,5.8765217391305
2021-11-27,12.87875,19.5529166666667,TRUE,6.6741666666667
2021-11-28,12.11375,17.5290909090909,TRUE,5.4153409090909
2021-11-29,11.0891304347826,22.5752173913043,TRUE,11.4860869565217
2021-11-30,14.764347826087,22.5333333333333,TRUE,7.7689855072463
2021-12-01,12.5617391304348,21.3320833333333,TRUE,8.7703442028985
2021-12-02,10.605652173913,26.0195833333333,TRUE,15.4139311594203
2021-12-03,17.8469565217391,21.1408333333333,TRUE,3.2938768115942
2021-12-04,10.90625,22.1508695652174,TRUE,11.2446195652174
2021-12-05,15.3404545454545,13.7604545454545,TRUE,-1.58
2021-12-06,13.6108695652174,17.3730434782609,TRUE,3.7621739130435
2021-12-07,14.2395833333333,30.4578260869565,TRUE,16.2182427536232
2021-12-08,22.6142857142857,29.7117391304348,TRUE,7.0974534161491
2021-12-09,19.1204761904762,28.2552173913043,TRUE,9.1347412008281
2021-12-10,9.12260869565217,33.6460869565217,TRUE,24.5234782608695
2021-12-11,13.0960869565217,20.3639130434783,TRUE,7.2678260869566
2021-12-12,13.7431818181818,26.5829166666667,TRUE,12.8397348484849
2021-12-13,18.8610526315789,11.0547826086957,TRUE,-7.8062700228832
2021-12-14,17.2258333333333,22.67,TRUE,5.4441666666667
2021-12-15,18.2633333333333,26.5579166666667,TRUE,8.2945833333334
2021-12-16,16.0278260869565,21.2491666666667,TRUE,5.2213405797102
2021-12-17,10.3554545454545,17.9439130434783,TRUE,7.5884584980238
2021-12-18,15.216,22.7336363636364,TRUE,7.5176363636364
2021-12-19,15.4118181818182,19.6225,TRUE,4.2106818181818
2021-12-20,19.73625,32.0783333333333,TRUE,12.3420833333333
2021-12-21,20.8066666666667,17.745,TRUE,-3.0616666666667
2021-12-22,28.0804545454545,35.6547619047619,TRUE,7.5743073593074
2021-12-23,24.207619047619,19.4661904761905,TRUE,-4.7414285714285
2021-12-24,15.3717391304348,25.5818181818182,TRUE,10.2100790513834
2021-12-25,13.3725,33.2254545454545,TRUE,19.8529545454545
2021-12-26,13.8381818181818,13.8583333333333,TRUE,0.0201515151515004
2021-12-27,15.13,21.0241666666667,TRUE,5.8941666666667
2021-12-28,15.1416666666667,18.8708695652174,TRUE,3.7292028985507
2021-12-29,23.81625,18.7413043478261,TRUE,-5.0749456521739
2021-12-30,18.49625,23.8179166666667,TRUE,5.3216666666667
2021-12-31,20.8682608695652,24.5304347826087,TRUE,3.6621739130435
