"id_linha_v1","ano","cod_estacao","no_estacao","dh_medicao","dh_arredondado","nu_concentracao","classe_concentracao","no_fonte_dados","st_situacao","cd_flag","ds_flag","st_situacao_iqar"
59702,2019,"12","IPOJUCA","2019-02-03 01:00:00",2019-02-03 01:00:00,NA,"ausente",NA,NA,NA,NA,NA
59703,2019,"12","IPOJUCA","2019-02-03 02:00:00",2019-02-03 02:00:00,NA,"ausente",NA,NA,NA,NA,NA
59726,2019,"12","IPOJUCA","2019-02-04 01:00:00",2019-02-04 01:00:00,NA,"ausente",NA,NA,NA,NA,NA
59730,2019,"12","IPOJUCA","2019-02-04 05:00:00",2019-02-04 05:00:00,NA,"ausente",NA,NA,NA,NA,NA
59731,2019,"12","IPOJUCA","2019-02-04 06:00:00",2019-02-04 06:00:00,0,"zero",NA,NA,NA,NA,NA
59736,2019,"12","IPOJUCA","2019-02-04 11:00:00",2019-02-04 11:00:00,NA,"ausente",NA,NA,NA,NA,NA
59737,2019,"12","IPOJUCA","2019-02-04 12:00:00",2019-02-04 12:00:00,NA,"ausente",NA,NA,NA,NA,NA
59738,2019,"12","IPOJUCA","2019-02-04 13:00:00",2019-02-04 13:00:00,NA,"ausente",NA,NA,NA,NA,NA
59766,2019,"12","IPOJUCA","2019-02-05 17:00:00",2019-02-05 17:00:00,NA,"ausente",NA,NA,NA,NA,NA
59769,2019,"12","IPOJUCA","2019-02-05 20:00:00",2019-02-05 20:00:00,0,"zero",NA,NA,NA,NA,NA
59772,2019,"12","IPOJUCA","2019-02-05 23:00:00",2019-02-05 23:00:00,NA,"ausente",NA,NA,NA,NA,NA
59773,2019,"12","IPOJUCA","2019-02-06 00:00:00",2019-02-06,0,"zero",NA,NA,NA,NA,NA
59778,2019,"12","IPOJUCA","2019-02-06 05:00:00",2019-02-06 05:00:00,0,"zero",NA,NA,NA,NA,NA
59779,2019,"12","IPOJUCA","2019-02-06 06:00:00",2019-02-06 06:00:00,0,"zero",NA,NA,NA,NA,NA
59780,2019,"12","IPOJUCA","2019-02-06 07:00:00",2019-02-06 07:00:00,0,"zero",NA,NA,NA,NA,NA
59784,2019,"12","IPOJUCA","2019-02-06 11:00:00",2019-02-06 11:00:00,0,"zero",NA,NA,NA,NA,NA
59785,2019,"12","IPOJUCA","2019-02-06 12:00:00",2019-02-06 12:00:00,0,"zero",NA,NA,NA,NA,NA
59787,2019,"12","IPOJUCA","2019-02-06 14:00:00",2019-02-06 14:00:00,0,"zero",NA,NA,NA,NA,NA
59899,2019,"12","IPOJUCA","2019-02-11 06:00:00",2019-02-11 06:00:00,NA,"ausente",NA,NA,NA,NA,NA
59900,2019,"12","IPOJUCA","2019-02-11 07:00:00",2019-02-11 07:00:00,NA,"ausente",NA,NA,NA,NA,NA
59904,2019,"12","IPOJUCA","2019-02-11 11:00:00",2019-02-11 11:00:00,NA,"ausente",NA,NA,NA,NA,NA
59905,2019,"12","IPOJUCA","2019-02-11 12:00:00",2019-02-11 12:00:00,NA,"ausente",NA,NA,NA,NA,NA
59906,2019,"12","IPOJUCA","2019-02-11 13:00:00",2019-02-11 13:00:00,NA,"ausente",NA,NA,NA,NA,NA
59992,2019,"12","IPOJUCA","2019-02-15 03:00:00",2019-02-15 03:00:00,0,"zero",NA,NA,NA,NA,NA
59998,2019,"12","IPOJUCA","2019-02-15 09:00:00",2019-02-15 09:00:00,0,"zero",NA,NA,NA,NA,NA
60016,2019,"12","IPOJUCA","2019-02-16 03:00:00",2019-02-16 03:00:00,0,"zero",NA,NA,NA,NA,NA
60021,2019,"12","IPOJUCA","2019-02-16 08:00:00",2019-02-16 08:00:00,0,"zero",NA,NA,NA,NA,NA
60022,2019,"12","IPOJUCA","2019-02-16 09:00:00",2019-02-16 09:00:00,NA,"ausente",NA,NA,NA,NA,NA
60023,2019,"12","IPOJUCA","2019-02-16 10:00:00",2019-02-16 10:00:00,0,"zero",NA,NA,NA,NA,NA
60024,2019,"12","IPOJUCA","2019-02-16 11:00:00",2019-02-16 11:00:00,0,"zero",NA,NA,NA,NA,NA
60038,2019,"12","IPOJUCA","2019-02-17 01:00:00",2019-02-17 01:00:00,0,"zero",NA,NA,NA,NA,NA
60039,2019,"12","IPOJUCA","2019-02-17 02:00:00",2019-02-17 02:00:00,NA,"ausente",NA,NA,NA,NA,NA
60040,2019,"12","IPOJUCA","2019-02-17 03:00:00",2019-02-17 03:00:00,0,"zero",NA,NA,NA,NA,NA
60041,2019,"12","IPOJUCA","2019-02-17 04:00:00",2019-02-17 04:00:00,0,"zero",NA,NA,NA,NA,NA
60042,2019,"12","IPOJUCA","2019-02-17 05:00:00",2019-02-17 05:00:00,0,"zero",NA,NA,NA,NA,NA
60043,2019,"12","IPOJUCA","2019-02-17 06:00:00",2019-02-17 06:00:00,0,"zero",NA,NA,NA,NA,NA
60044,2019,"12","IPOJUCA","2019-02-17 07:00:00",2019-02-17 07:00:00,NA,"ausente",NA,NA,NA,NA,NA
60045,2019,"12","IPOJUCA","2019-02-17 08:00:00",2019-02-17 08:00:00,NA,"ausente",NA,NA,NA,NA,NA
60046,2019,"12","IPOJUCA","2019-02-17 09:00:00",2019-02-17 09:00:00,0,"zero",NA,NA,NA,NA,NA
60047,2019,"12","IPOJUCA","2019-02-17 10:00:00",2019-02-17 10:00:00,NA,"ausente",NA,NA,NA,NA,NA
60048,2019,"12","IPOJUCA","2019-02-17 11:00:00",2019-02-17 11:00:00,0,"zero",NA,NA,NA,NA,NA
60049,2019,"12","IPOJUCA","2019-02-17 12:00:00",2019-02-17 12:00:00,0,"zero",NA,NA,NA,NA,NA
60059,2019,"12","IPOJUCA","2019-02-17 22:00:00",2019-02-17 22:00:00,NA,"ausente",NA,NA,NA,NA,NA
60060,2019,"12","IPOJUCA","2019-02-17 23:00:00",2019-02-17 23:00:00,0,"zero",NA,NA,NA,NA,NA
60061,2019,"12","IPOJUCA","2019-02-18 00:00:00",2019-02-18,0,"zero",NA,NA,NA,NA,NA
60062,2019,"12","IPOJUCA","2019-02-18 01:00:00",2019-02-18 01:00:00,NA,"ausente",NA,NA,NA,NA,NA
60063,2019,"12","IPOJUCA","2019-02-18 02:00:00",2019-02-18 02:00:00,NA,"ausente",NA,NA,NA,NA,NA
60064,2019,"12","IPOJUCA","2019-02-18 03:00:00",2019-02-18 03:00:00,NA,"ausente",NA,NA,NA,NA,NA
60065,2019,"12","IPOJUCA","2019-02-18 04:00:00",2019-02-18 04:00:00,NA,"ausente",NA,NA,NA,NA,NA
60066,2019,"12","IPOJUCA","2019-02-18 05:00:00",2019-02-18 05:00:00,NA,"ausente",NA,NA,NA,NA,NA
60088,2019,"12","IPOJUCA","2019-02-19 03:00:00",2019-02-19 03:00:00,NA,"ausente",NA,NA,NA,NA,NA
60089,2019,"12","IPOJUCA","2019-02-19 04:00:00",2019-02-19 04:00:00,NA,"ausente",NA,NA,NA,NA,NA
60097,2019,"12","IPOJUCA","2019-02-19 12:00:00",2019-02-19 12:00:00,NA,"ausente",NA,NA,NA,NA,NA
60098,2019,"12","IPOJUCA","2019-02-19 13:00:00",2019-02-19 13:00:00,NA,"ausente",NA,NA,NA,NA,NA
60135,2019,"12","IPOJUCA","2019-02-21 02:00:00",2019-02-21 02:00:00,0,"zero",NA,NA,NA,NA,NA
60138,2019,"12","IPOJUCA","2019-02-21 05:00:00",2019-02-21 05:00:00,0,"zero",NA,NA,NA,NA,NA
60147,2019,"12","IPOJUCA","2019-02-21 14:00:00",2019-02-21 14:00:00,NA,"ausente",NA,NA,NA,NA,NA
60207,2019,"12","IPOJUCA","2019-02-24 02:00:00",2019-02-24 02:00:00,0,"zero",NA,NA,NA,NA,NA
134316,2022,"16","SUAPE","2022-06-08 13:00:00",2022-06-08 13:00:00,0,"zero",NA,NA,NA,NA,NA
134317,2022,"16","SUAPE","2022-06-08 14:00:00",2022-06-08 14:00:00,0,"zero",NA,NA,NA,NA,NA
134606,2022,"16","SUAPE","2022-07-09 17:00:00",2022-07-09 17:00:00,0,"zero",NA,NA,NA,NA,NA
139622,2022,"16","SUAPE","2022-07-16 14:00:00",2022-07-16 14:00:00,0,"zero",NA,NA,NA,NA,NA
135081,2022,"16","SUAPE","2022-09-06 13:00:00",2022-09-06 13:00:00,0,"zero",NA,NA,NA,NA,NA
140493,2022,"16","SUAPE","2022-09-18 14:00:00",2022-09-18 14:00:00,0,"zero",NA,NA,NA,NA,NA
143050,2024,"12","IPOJUCA","2024-07-15 10:00:00.000",2024-07-15 10:00:00,0,"zero","N/A","VA","V","Válido","VA"
142525,2024,"12","IPOJUCA","2024-07-15 11:00:00.000",2024-07-15 11:00:00,0,"zero","N/A","VA","V","Válido","VA"
145325,2024,"12","IPOJUCA","2024-09-30 02:00:00.000",2024-09-30 02:00:00,-1.612,"negativa","CPRH","IN","V","Válido","VA"
150625,2024,"12","IPOJUCA","2024-12-30 01:00:00.000",2024-12-30 01:00:00,-0.481,"negativa","CPRH","IN","V","Válido","VA"
144845,2024,"13","CUPE","2024-06-20 22:00:00.000",2024-06-20 22:00:00,0,"zero","N/A","VA","V","Válido","VA"
144598,2024,"13","CUPE","2024-06-20 23:00:00.000",2024-06-20 23:00:00,0,"zero","N/A","VA","V","Válido","VA"
144599,2024,"13","CUPE","2024-06-21 00:00:00.000",2024-06-21,0,"zero","N/A","VA","V","Válido","VA"
145317,2024,"13","CUPE","2024-09-24 10:00:00.000",2024-09-24 10:00:00,-2.456,"negativa","CPRH","IN","V","Válido","VA"
145318,2024,"13","CUPE","2024-09-24 11:00:00.000",2024-09-24 11:00:00,-3.075,"negativa","CPRH","IN","V","Válido","VA"
145319,2024,"13","CUPE","2024-09-24 12:00:00.000",2024-09-24 12:00:00,-3.621,"negativa","CPRH","IN","V","Válido","VA"
145320,2024,"13","CUPE","2024-09-24 15:00:00.000",2024-09-24 15:00:00,-5.486,"negativa","CPRH","IN","V","Válido","VA"
145321,2024,"13","CUPE","2024-09-25 20:00:00.000",2024-09-25 20:00:00,-14.39,"negativa","CPRH","IN","V","Válido","VA"
145322,2024,"13","CUPE","2024-09-25 21:00:00.000",2024-09-25 21:00:00,-3.301,"negativa","CPRH","IN","V","Válido","VA"
145323,2024,"13","CUPE","2024-09-27 11:00:00.000",2024-09-27 11:00:00,-10.162,"negativa","CPRH","IN","V","Válido","VA"
145324,2024,"13","CUPE","2024-09-28 20:00:00.000",2024-09-28 20:00:00,-8.608,"negativa","CPRH","IN","V","Válido","VA"
145326,2024,"13","CUPE","2024-09-30 11:00:00.000",2024-09-30 11:00:00,-8.8,"negativa","CPRH","IN","V","Válido","VA"
145327,2024,"13","CUPE","2024-09-30 12:00:00.000",2024-09-30 12:00:00,-14.659,"negativa","CPRH","IN","V","Válido","VA"
145328,2024,"13","CUPE","2024-09-30 13:00:00.000",2024-09-30 13:00:00,-9.447,"negativa","CPRH","IN","V","Válido","VA"
145329,2024,"13","CUPE","2024-10-01 04:00:00.000",2024-10-01 04:00:00,-7.583,"negativa","CPRH","IN","V","Válido","VA"
145330,2024,"13","CUPE","2024-10-01 11:00:00.000",2024-10-01 11:00:00,-0.949,"negativa","CPRH","IN","V","Válido","VA"
145331,2024,"13","CUPE","2024-10-07 13:00:00.000",2024-10-07 13:00:00,-2.787,"negativa","CPRH","IN","V","Válido","VA"
145332,2024,"13","CUPE","2024-10-07 14:00:00.000",2024-10-07 14:00:00,-0.303,"negativa","CPRH","IN","V","Válido","VA"
145333,2024,"13","CUPE","2024-10-07 16:00:00.000",2024-10-07 16:00:00,-4.662,"negativa","CPRH","IN","V","Válido","VA"
145334,2024,"13","CUPE","2024-10-11 16:00:00.000",2024-10-11 16:00:00,-6.15,"negativa","CPRH","IN","V","Válido","VA"
145335,2024,"13","CUPE","2024-10-11 17:00:00.000",2024-10-11 17:00:00,-9.432,"negativa","CPRH","IN","V","Válido","VA"
145336,2024,"13","CUPE","2024-10-27 10:00:00.000",2024-10-27 10:00:00,-6.38,"negativa","CPRH","IN","V","Válido","VA"
145337,2024,"13","CUPE","2024-10-27 11:00:00.000",2024-10-27 11:00:00,-3.915,"negativa","CPRH","IN","V","Válido","VA"
149187,2024,"13","CUPE","2024-11-06 15:00:00.000",2024-11-06 15:00:00,0,"zero","CPRH","VA","V","Válido","VA"
150621,2024,"13","CUPE","2024-12-01 18:00:00.000",2024-12-01 18:00:00,-0.115,"negativa","CPRH","IN","V","Válido","VA"
150622,2024,"13","CUPE","2024-12-02 10:00:00.000",2024-12-02 10:00:00,-0.976,"negativa","CPRH","IN","V","Válido","VA"
150623,2024,"13","CUPE","2024-12-05 18:00:00.000",2024-12-05 18:00:00,-1.689,"negativa","CPRH","IN","V","Válido","VA"
150624,2024,"13","CUPE","2024-12-07 10:00:00.000",2024-12-07 10:00:00,-2.003,"negativa","CPRH","IN","V","Válido","VA"
144122,2024,"14","IFPE","2024-06-12 11:00:00.000",2024-06-12 11:00:00,0,"zero","N/A","VA","V","Válido","VA"
144123,2024,"14","IFPE","2024-06-12 12:00:00.000",2024-06-12 12:00:00,0,"zero","N/A","VA","V","Válido","VA"
144124,2024,"14","IFPE","2024-06-12 13:00:00.000",2024-06-12 13:00:00,0,"zero","N/A","VA","V","Válido","VA"
144125,2024,"14","IFPE","2024-06-12 14:00:00.000",2024-06-12 14:00:00,0,"zero","N/A","VA","V","Válido","VA"
144126,2024,"14","IFPE","2024-06-12 15:00:00.000",2024-06-12 15:00:00,0,"zero","N/A","VA","V","Válido","VA"
144127,2024,"14","IFPE","2024-06-12 16:00:00.000",2024-06-12 16:00:00,0,"zero","N/A","VA","V","Válido","VA"
144128,2024,"14","IFPE","2024-07-07 00:00:00.000",2024-07-07,0,"zero","N/A","VA","V","Válido","VA"
144129,2024,"14","IFPE","2024-07-07 01:00:00.000",2024-07-07 01:00:00,0,"zero","N/A","VA","V","Válido","VA"
144130,2024,"14","IFPE","2024-07-07 02:00:00.000",2024-07-07 02:00:00,0,"zero","N/A","VA","V","Válido","VA"
144131,2024,"14","IFPE","2024-07-07 03:00:00.000",2024-07-07 03:00:00,0,"zero","N/A","VA","V","Válido","VA"
144132,2024,"14","IFPE","2024-07-07 04:00:00.000",2024-07-07 04:00:00,0,"zero","N/A","VA","V","Válido","VA"
144133,2024,"14","IFPE","2024-07-07 05:00:00.000",2024-07-07 05:00:00,0,"zero","N/A","VA","V","Válido","VA"
144134,2024,"14","IFPE","2024-07-07 06:00:00.000",2024-07-07 06:00:00,0,"zero","N/A","VA","V","Válido","VA"
144135,2024,"14","IFPE","2024-07-07 07:00:00.000",2024-07-07 07:00:00,0,"zero","N/A","VA","V","Válido","VA"
144136,2024,"14","IFPE","2024-07-07 08:00:00.000",2024-07-07 08:00:00,0,"zero","N/A","VA","V","Válido","VA"
144137,2024,"14","IFPE","2024-07-07 09:00:00.000",2024-07-07 09:00:00,0,"zero","N/A","VA","V","Válido","VA"
144138,2024,"14","IFPE","2024-07-07 10:00:00.000",2024-07-07 10:00:00,0,"zero","N/A","VA","V","Válido","VA"
144139,2024,"14","IFPE","2024-07-07 11:00:00.000",2024-07-07 11:00:00,0,"zero","N/A","VA","V","Válido","VA"
144140,2024,"14","IFPE","2024-07-07 12:00:00.000",2024-07-07 12:00:00,0,"zero","N/A","VA","V","Válido","VA"
144141,2024,"14","IFPE","2024-07-07 13:00:00.000",2024-07-07 13:00:00,0,"zero","N/A","VA","V","Válido","VA"
144142,2024,"14","IFPE","2024-07-07 14:00:00.000",2024-07-07 14:00:00,0,"zero","N/A","VA","V","Válido","VA"
144143,2024,"14","IFPE","2024-07-07 15:00:00.000",2024-07-07 15:00:00,0,"zero","N/A","VA","V","Válido","VA"
144144,2024,"14","IFPE","2024-07-07 16:00:00.000",2024-07-07 16:00:00,0,"zero","N/A","VA","V","Válido","VA"
144145,2024,"14","IFPE","2024-07-07 17:00:00.000",2024-07-07 17:00:00,0,"zero","N/A","VA","V","Válido","VA"
144146,2024,"14","IFPE","2024-07-07 18:00:00.000",2024-07-07 18:00:00,0,"zero","N/A","VA","V","Válido","VA"
144147,2024,"14","IFPE","2024-07-07 19:00:00.000",2024-07-07 19:00:00,0,"zero","N/A","VA","V","Válido","VA"
144148,2024,"14","IFPE","2024-07-07 20:00:00.000",2024-07-07 20:00:00,0,"zero","N/A","VA","V","Válido","VA"
144149,2024,"14","IFPE","2024-07-07 21:00:00.000",2024-07-07 21:00:00,0,"zero","N/A","VA","V","Válido","VA"
144150,2024,"14","IFPE","2024-07-07 22:00:00.000",2024-07-07 22:00:00,0,"zero","N/A","VA","V","Válido","VA"
144151,2024,"14","IFPE","2024-07-07 23:00:00.000",2024-07-07 23:00:00,0,"zero","N/A","VA","V","Válido","VA"
144152,2024,"14","IFPE","2024-07-08 00:00:00.000",2024-07-08,0,"zero","N/A","VA","V","Válido","VA"
144153,2024,"14","IFPE","2024-07-08 01:00:00.000",2024-07-08 01:00:00,0,"zero","N/A","VA","V","Válido","VA"
144154,2024,"14","IFPE","2024-07-08 02:00:00.000",2024-07-08 02:00:00,0,"zero","N/A","VA","V","Válido","VA"
144155,2024,"14","IFPE","2024-07-08 03:00:00.000",2024-07-08 03:00:00,0,"zero","N/A","VA","V","Válido","VA"
144156,2024,"14","IFPE","2024-07-08 04:00:00.000",2024-07-08 04:00:00,0,"zero","N/A","VA","V","Válido","VA"
144157,2024,"14","IFPE","2024-07-08 05:00:00.000",2024-07-08 05:00:00,0,"zero","N/A","VA","V","Válido","VA"
144158,2024,"14","IFPE","2024-07-08 06:00:00.000",2024-07-08 06:00:00,0,"zero","N/A","VA","V","Válido","VA"
144159,2024,"14","IFPE","2024-07-08 07:00:00.000",2024-07-08 07:00:00,0,"zero","N/A","VA","V","Válido","VA"
144160,2024,"14","IFPE","2024-07-08 08:00:00.000",2024-07-08 08:00:00,0,"zero","N/A","VA","V","Válido","VA"
144161,2024,"14","IFPE","2024-07-08 09:00:00.000",2024-07-08 09:00:00,0,"zero","N/A","VA","V","Válido","VA"
144162,2024,"14","IFPE","2024-07-08 10:00:00.000",2024-07-08 10:00:00,0,"zero","N/A","VA","V","Válido","VA"
144163,2024,"14","IFPE","2024-07-08 11:00:00.000",2024-07-08 11:00:00,0,"zero","N/A","VA","V","Válido","VA"
144164,2024,"14","IFPE","2024-07-08 12:00:00.000",2024-07-08 12:00:00,0,"zero","N/A","VA","V","Válido","VA"
144165,2024,"14","IFPE","2024-07-08 13:00:00.000",2024-07-08 13:00:00,0,"zero","N/A","VA","V","Válido","VA"
144166,2024,"14","IFPE","2024-07-08 14:00:00.000",2024-07-08 14:00:00,0,"zero","N/A","VA","V","Válido","VA"
144167,2024,"14","IFPE","2024-07-08 15:00:00.000",2024-07-08 15:00:00,0,"zero","N/A","VA","V","Válido","VA"
144168,2024,"14","IFPE","2024-07-08 16:00:00.000",2024-07-08 16:00:00,0,"zero","N/A","VA","V","Válido","VA"
144169,2024,"14","IFPE","2024-07-08 17:00:00.000",2024-07-08 17:00:00,0,"zero","N/A","VA","V","Válido","VA"
144170,2024,"14","IFPE","2024-07-08 18:00:00.000",2024-07-08 18:00:00,0,"zero","N/A","VA","V","Válido","VA"
144171,2024,"14","IFPE","2024-07-08 19:00:00.000",2024-07-08 19:00:00,0,"zero","N/A","VA","V","Válido","VA"
144172,2024,"14","IFPE","2024-07-08 20:00:00.000",2024-07-08 20:00:00,0,"zero","N/A","VA","V","Válido","VA"
144173,2024,"14","IFPE","2024-07-08 21:00:00.000",2024-07-08 21:00:00,0,"zero","N/A","VA","V","Válido","VA"
144174,2024,"14","IFPE","2024-07-08 22:00:00.000",2024-07-08 22:00:00,0,"zero","N/A","VA","V","Válido","VA"
144175,2024,"14","IFPE","2024-07-08 23:00:00.000",2024-07-08 23:00:00,0,"zero","N/A","VA","V","Válido","VA"
144176,2024,"14","IFPE","2024-07-09 00:00:00.000",2024-07-09,0,"zero","N/A","VA","V","Válido","VA"
144177,2024,"14","IFPE","2024-07-09 01:00:00.000",2024-07-09 01:00:00,0,"zero","N/A","VA","V","Válido","VA"
144178,2024,"14","IFPE","2024-07-09 02:00:00.000",2024-07-09 02:00:00,0,"zero","N/A","VA","V","Válido","VA"
144179,2024,"14","IFPE","2024-07-09 03:00:00.000",2024-07-09 03:00:00,0,"zero","N/A","VA","V","Válido","VA"
144180,2024,"14","IFPE","2024-07-09 04:00:00.000",2024-07-09 04:00:00,0,"zero","N/A","VA","V","Válido","VA"
144181,2024,"14","IFPE","2024-07-09 05:00:00.000",2024-07-09 05:00:00,0,"zero","N/A","VA","V","Válido","VA"
144182,2024,"14","IFPE","2024-07-09 06:00:00.000",2024-07-09 06:00:00,0,"zero","N/A","VA","V","Válido","VA"
144183,2024,"14","IFPE","2024-07-09 07:00:00.000",2024-07-09 07:00:00,0,"zero","N/A","VA","V","Válido","VA"
144184,2024,"14","IFPE","2024-07-09 08:00:00.000",2024-07-09 08:00:00,0,"zero","N/A","VA","V","Válido","VA"
144185,2024,"14","IFPE","2024-07-09 09:00:00.000",2024-07-09 09:00:00,0,"zero","N/A","VA","V","Válido","VA"
144186,2024,"14","IFPE","2024-07-09 10:00:00.000",2024-07-09 10:00:00,0,"zero","N/A","VA","V","Válido","VA"
161376,2025,"12","IPOJUCA","2025-10-24 09:00:00.000",2025-10-24 09:00:00,-25.511,"negativa","CPRH","IN","V","Válido","VA"
164525,2025,"12","IPOJUCA","2025-12-15 17:00:00.000",2025-12-15 17:00:00,0,"zero","CPRH","VA","V","Válido","VA"
163536,2025,"12","IPOJUCA","2025-12-28 09:00:00.000",2025-12-28 09:00:00,-11846.61,"negativa","CPRH","IN","V","Válido","VA"
163537,2025,"12","IPOJUCA","2025-12-28 10:00:00.000",2025-12-28 10:00:00,-15.559,"negativa","CPRH","IN","V","Válido","VA"
163538,2025,"12","IPOJUCA","2025-12-28 11:00:00.000",2025-12-28 11:00:00,-6.131,"negativa","CPRH","IN","V","Válido","VA"
152615,2025,"13","CUPE","2025-01-23 10:00:00.000",2025-01-23 10:00:00,-4.101,"negativa","CPRH","IN","V","Válido","VA"
152616,2025,"13","CUPE","2025-01-23 11:00:00.000",2025-01-23 11:00:00,-2.173,"negativa","CPRH","IN","V","Válido","VA"
152617,2025,"13","CUPE","2025-01-23 12:00:00.000",2025-01-23 12:00:00,-0.38,"negativa","CPRH","IN","V","Válido","VA"
156326,2025,"13","CUPE","2025-02-12 13:00:00.000",2025-02-12 13:00:00,0,"zero","CPRH","VA","V","Válido","VA"
156220,2025,"13","CUPE","2025-02-12 14:00:00.000",2025-02-12 14:00:00,0,"zero","CPRH","VA","V","Válido","VA"
156221,2025,"13","CUPE","2025-02-12 15:00:00.000",2025-02-12 15:00:00,0,"zero","CPRH","VA","V","Válido","VA"
157289,2025,"13","CUPE","2025-02-12 16:00:00.000",2025-02-12 16:00:00,0,"zero","CPRH","VA","V","Válido","VA"
157139,2025,"13","CUPE","2025-02-12 17:00:00.000",2025-02-12 17:00:00,0,"zero","CPRH","VA","V","Válido","VA"
157140,2025,"13","CUPE","2025-02-12 18:00:00.000",2025-02-12 18:00:00,0,"zero","CPRH","VA","V","Válido","VA"
156454,2025,"13","CUPE","2025-02-12 19:00:00.000",2025-02-12 19:00:00,0,"zero","CPRH","VA","V","Válido","VA"
156994,2025,"13","CUPE","2025-02-12 20:00:00.000",2025-02-12 20:00:00,0,"zero","CPRH","VA","V","Válido","VA"
156995,2025,"13","CUPE","2025-02-12 21:00:00.000",2025-02-12 21:00:00,0,"zero","CPRH","VA","V","Válido","VA"
156996,2025,"13","CUPE","2025-02-12 22:00:00.000",2025-02-12 22:00:00,0,"zero","CPRH","VA","V","Válido","VA"
155973,2025,"13","CUPE","2025-02-12 23:00:00.000",2025-02-12 23:00:00,0,"zero","CPRH","VA","V","Válido","VA"
155974,2025,"13","CUPE","2025-02-13 00:00:00.000",2025-02-13,0,"zero","CPRH","VA","V","Válido","VA"
156997,2025,"13","CUPE","2025-02-13 01:00:00.000",2025-02-13 01:00:00,0,"zero","CPRH","VA","V","Válido","VA"
156998,2025,"13","CUPE","2025-02-13 02:00:00.000",2025-02-13 02:00:00,0,"zero","CPRH","VA","V","Válido","VA"
156999,2025,"13","CUPE","2025-02-13 03:00:00.000",2025-02-13 03:00:00,0,"zero","CPRH","VA","V","Válido","VA"
157000,2025,"13","CUPE","2025-02-13 04:00:00.000",2025-02-13 04:00:00,0,"zero","CPRH","VA","V","Válido","VA"
157001,2025,"13","CUPE","2025-02-13 05:00:00.000",2025-02-13 05:00:00,0,"zero","CPRH","VA","V","Válido","VA"
157002,2025,"13","CUPE","2025-02-13 06:00:00.000",2025-02-13 06:00:00,0,"zero","CPRH","VA","V","Válido","VA"
155934,2025,"13","CUPE","2025-02-13 07:00:00.000",2025-02-13 07:00:00,0,"zero","CPRH","VA","V","Válido","VA"
155931,2025,"13","CUPE","2025-02-13 08:00:00.000",2025-02-13 08:00:00,0,"zero","CPRH","VA","V","Válido","VA"
155932,2025,"13","CUPE","2025-02-13 09:00:00.000",2025-02-13 09:00:00,0,"zero","CPRH","VA","V","Válido","VA"
157348,2025,"13","CUPE","2025-02-13 10:00:00.000",2025-02-13 10:00:00,0,"zero","CPRH","VA","V","Válido","VA"
157349,2025,"13","CUPE","2025-02-13 11:00:00.000",2025-02-13 11:00:00,0,"zero","CPRH","VA","V","Válido","VA"
157003,2025,"13","CUPE","2025-02-13 12:00:00.000",2025-02-13 12:00:00,0,"zero","CPRH","VA","V","Válido","VA"
157004,2025,"13","CUPE","2025-02-13 13:00:00.000",2025-02-13 13:00:00,0,"zero","CPRH","VA","V","Válido","VA"
157005,2025,"13","CUPE","2025-02-13 14:00:00.000",2025-02-13 14:00:00,0,"zero","CPRH","VA","V","Válido","VA"
157006,2025,"13","CUPE","2025-02-13 15:00:00.000",2025-02-13 15:00:00,0,"zero","CPRH","VA","V","Válido","VA"
157007,2025,"13","CUPE","2025-02-13 16:00:00.000",2025-02-13 16:00:00,0,"zero","CPRH","VA","V","Válido","VA"
157008,2025,"13","CUPE","2025-02-13 17:00:00.000",2025-02-13 17:00:00,0,"zero","CPRH","VA","V","Válido","VA"
153908,2025,"14","IFPE","2025-02-01 18:00:00.000",2025-02-01 18:00:00,0,"zero","CPRH","VA","V","Válido","VA"
153909,2025,"14","IFPE","2025-02-01 19:00:00.000",2025-02-01 19:00:00,0,"zero","CPRH","VA","V","Válido","VA"
153910,2025,"14","IFPE","2025-02-01 20:00:00.000",2025-02-01 20:00:00,0,"zero","CPRH","VA","V","Válido","VA"
153911,2025,"14","IFPE","2025-02-01 21:00:00.000",2025-02-01 21:00:00,0,"zero","CPRH","VA","V","Válido","VA"
153912,2025,"14","IFPE","2025-02-01 22:00:00.000",2025-02-01 22:00:00,0,"zero","CPRH","VA","V","Válido","VA"
153913,2025,"14","IFPE","2025-02-01 23:00:00.000",2025-02-01 23:00:00,0,"zero","CPRH","VA","V","Válido","VA"
153914,2025,"14","IFPE","2025-02-02 00:00:00.000",2025-02-02,0,"zero","CPRH","VA","V","Válido","VA"
153915,2025,"14","IFPE","2025-02-02 01:00:00.000",2025-02-02 01:00:00,0,"zero","CPRH","VA","V","Válido","VA"
153916,2025,"14","IFPE","2025-02-02 02:00:00.000",2025-02-02 02:00:00,0,"zero","CPRH","VA","V","Válido","VA"
153917,2025,"14","IFPE","2025-02-02 03:00:00.000",2025-02-02 03:00:00,0,"zero","CPRH","VA","V","Válido","VA"
153918,2025,"14","IFPE","2025-02-02 04:00:00.000",2025-02-02 04:00:00,0,"zero","CPRH","VA","V","Válido","VA"
153919,2025,"14","IFPE","2025-02-02 05:00:00.000",2025-02-02 05:00:00,0,"zero","CPRH","VA","V","Válido","VA"
153920,2025,"14","IFPE","2025-02-02 06:00:00.000",2025-02-02 06:00:00,0,"zero","CPRH","VA","V","Válido","VA"
153921,2025,"14","IFPE","2025-02-02 07:00:00.000",2025-02-02 07:00:00,0,"zero","CPRH","VA","V","Válido","VA"
153922,2025,"14","IFPE","2025-02-02 08:00:00.000",2025-02-02 08:00:00,0,"zero","CPRH","VA","V","Válido","VA"
153923,2025,"14","IFPE","2025-02-02 09:00:00.000",2025-02-02 09:00:00,0,"zero","CPRH","VA","V","Válido","VA"
153924,2025,"14","IFPE","2025-02-02 10:00:00.000",2025-02-02 10:00:00,0,"zero","CPRH","VA","V","Válido","VA"
153925,2025,"14","IFPE","2025-02-02 11:00:00.000",2025-02-02 11:00:00,0,"zero","CPRH","VA","V","Válido","VA"
153926,2025,"14","IFPE","2025-02-02 12:00:00.000",2025-02-02 12:00:00,0,"zero","CPRH","VA","V","Válido","VA"
153927,2025,"14","IFPE","2025-02-02 13:00:00.000",2025-02-02 13:00:00,0,"zero","CPRH","VA","V","Válido","VA"
153928,2025,"14","IFPE","2025-02-02 14:00:00.000",2025-02-02 14:00:00,0,"zero","CPRH","VA","V","Válido","VA"
153929,2025,"14","IFPE","2025-02-02 15:00:00.000",2025-02-02 15:00:00,0,"zero","CPRH","VA","V","Válido","VA"
153930,2025,"14","IFPE","2025-02-02 16:00:00.000",2025-02-02 16:00:00,0,"zero","CPRH","VA","V","Válido","VA"
153931,2025,"14","IFPE","2025-02-02 17:00:00.000",2025-02-02 17:00:00,0,"zero","CPRH","VA","V","Válido","VA"
153932,2025,"14","IFPE","2025-02-02 18:00:00.000",2025-02-02 18:00:00,0,"zero","CPRH","VA","V","Válido","VA"
153933,2025,"14","IFPE","2025-02-02 19:00:00.000",2025-02-02 19:00:00,0,"zero","CPRH","VA","V","Válido","VA"
153934,2025,"14","IFPE","2025-02-02 20:00:00.000",2025-02-02 20:00:00,0,"zero","CPRH","VA","V","Válido","VA"
153935,2025,"14","IFPE","2025-02-02 21:00:00.000",2025-02-02 21:00:00,0,"zero","CPRH","VA","V","Válido","VA"
153936,2025,"14","IFPE","2025-02-02 22:00:00.000",2025-02-02 22:00:00,0,"zero","CPRH","VA","V","Válido","VA"
153937,2025,"14","IFPE","2025-02-02 23:00:00.000",2025-02-02 23:00:00,0,"zero","CPRH","VA","V","Válido","VA"
153938,2025,"14","IFPE","2025-02-03 00:00:00.000",2025-02-03,0,"zero","CPRH","VA","V","Válido","VA"
153939,2025,"14","IFPE","2025-02-03 01:00:00.000",2025-02-03 01:00:00,0,"zero","CPRH","VA","V","Válido","VA"
153940,2025,"14","IFPE","2025-02-03 02:00:00.000",2025-02-03 02:00:00,0,"zero","CPRH","VA","V","Válido","VA"
153941,2025,"14","IFPE","2025-02-03 03:00:00.000",2025-02-03 03:00:00,0,"zero","CPRH","VA","V","Válido","VA"
153942,2025,"14","IFPE","2025-02-03 04:00:00.000",2025-02-03 04:00:00,0,"zero","CPRH","VA","V","Válido","VA"
153943,2025,"14","IFPE","2025-02-03 05:00:00.000",2025-02-03 05:00:00,0,"zero","CPRH","VA","V","Válido","VA"
153944,2025,"14","IFPE","2025-02-03 06:00:00.000",2025-02-03 06:00:00,0,"zero","CPRH","VA","V","Válido","VA"
153945,2025,"14","IFPE","2025-02-03 07:00:00.000",2025-02-03 07:00:00,0,"zero","CPRH","VA","V","Válido","VA"
153946,2025,"14","IFPE","2025-02-03 08:00:00.000",2025-02-03 08:00:00,0,"zero","CPRH","VA","V","Válido","VA"
153947,2025,"14","IFPE","2025-02-03 09:00:00.000",2025-02-03 09:00:00,0,"zero","CPRH","VA","V","Válido","VA"
153948,2025,"14","IFPE","2025-02-03 10:00:00.000",2025-02-03 10:00:00,0,"zero","CPRH","VA","V","Válido","VA"
153949,2025,"14","IFPE","2025-02-03 11:00:00.000",2025-02-03 11:00:00,0,"zero","CPRH","VA","V","Válido","VA"
153950,2025,"14","IFPE","2025-02-03 12:00:00.000",2025-02-03 12:00:00,0,"zero","CPRH","VA","V","Válido","VA"
153951,2025,"14","IFPE","2025-02-03 13:00:00.000",2025-02-03 13:00:00,0,"zero","CPRH","VA","V","Válido","VA"
153952,2025,"14","IFPE","2025-02-03 14:00:00.000",2025-02-03 14:00:00,0,"zero","CPRH","VA","V","Válido","VA"
153953,2025,"14","IFPE","2025-02-03 15:00:00.000",2025-02-03 15:00:00,0,"zero","CPRH","VA","V","Válido","VA"
153954,2025,"14","IFPE","2025-02-03 16:00:00.000",2025-02-03 16:00:00,0,"zero","CPRH","VA","V","Válido","VA"
153955,2025,"14","IFPE","2025-02-03 17:00:00.000",2025-02-03 17:00:00,0,"zero","CPRH","VA","V","Válido","VA"
153956,2025,"14","IFPE","2025-02-06 17:00:00.000",2025-02-06 17:00:00,0,"zero","CPRH","VA","V","Válido","VA"
153957,2025,"14","IFPE","2025-02-06 18:00:00.000",2025-02-06 18:00:00,0,"zero","CPRH","VA","V","Válido","VA"
153958,2025,"14","IFPE","2025-02-06 19:00:00.000",2025-02-06 19:00:00,0,"zero","CPRH","VA","V","Válido","VA"
153959,2025,"14","IFPE","2025-02-06 20:00:00.000",2025-02-06 20:00:00,0,"zero","CPRH","VA","V","Válido","VA"
153960,2025,"14","IFPE","2025-02-06 21:00:00.000",2025-02-06 21:00:00,0,"zero","CPRH","VA","V","Válido","VA"
153961,2025,"14","IFPE","2025-02-06 22:00:00.000",2025-02-06 22:00:00,0,"zero","CPRH","VA","V","Válido","VA"
153962,2025,"14","IFPE","2025-02-06 23:00:00.000",2025-02-06 23:00:00,0,"zero","CPRH","VA","V","Válido","VA"
153963,2025,"14","IFPE","2025-02-07 00:00:00.000",2025-02-07,0,"zero","CPRH","VA","V","Válido","VA"
153964,2025,"14","IFPE","2025-02-07 01:00:00.000",2025-02-07 01:00:00,0,"zero","CPRH","VA","V","Válido","VA"
153965,2025,"14","IFPE","2025-02-07 02:00:00.000",2025-02-07 02:00:00,0,"zero","CPRH","VA","V","Válido","VA"
153966,2025,"14","IFPE","2025-02-07 03:00:00.000",2025-02-07 03:00:00,0,"zero","CPRH","VA","V","Válido","VA"
153967,2025,"14","IFPE","2025-02-07 04:00:00.000",2025-02-07 04:00:00,0,"zero","CPRH","VA","V","Válido","VA"
153968,2025,"14","IFPE","2025-02-07 05:00:00.000",2025-02-07 05:00:00,0,"zero","CPRH","VA","V","Válido","VA"
153969,2025,"14","IFPE","2025-02-07 06:00:00.000",2025-02-07 06:00:00,0,"zero","CPRH","VA","V","Válido","VA"
153970,2025,"14","IFPE","2025-02-07 07:00:00.000",2025-02-07 07:00:00,0,"zero","CPRH","VA","V","Válido","VA"
153971,2025,"14","IFPE","2025-02-07 08:00:00.000",2025-02-07 08:00:00,0,"zero","CPRH","VA","V","Válido","VA"
153972,2025,"14","IFPE","2025-02-07 09:00:00.000",2025-02-07 09:00:00,0,"zero","CPRH","VA","V","Válido","VA"
153973,2025,"14","IFPE","2025-02-07 10:00:00.000",2025-02-07 10:00:00,0,"zero","CPRH","VA","V","Válido","VA"
153974,2025,"14","IFPE","2025-02-07 11:00:00.000",2025-02-07 11:00:00,0,"zero","CPRH","VA","V","Válido","VA"
153975,2025,"14","IFPE","2025-02-07 12:00:00.000",2025-02-07 12:00:00,0,"zero","CPRH","VA","V","Válido","VA"
153976,2025,"14","IFPE","2025-02-07 13:00:00.000",2025-02-07 13:00:00,0,"zero","CPRH","VA","V","Válido","VA"
153977,2025,"14","IFPE","2025-02-07 14:00:00.000",2025-02-07 14:00:00,0,"zero","CPRH","VA","V","Válido","VA"
153978,2025,"14","IFPE","2025-02-07 15:00:00.000",2025-02-07 15:00:00,0,"zero","CPRH","VA","V","Válido","VA"
153979,2025,"14","IFPE","2025-02-07 16:00:00.000",2025-02-07 16:00:00,0,"zero","CPRH","VA","V","Válido","VA"
153980,2025,"14","IFPE","2025-02-07 17:00:00.000",2025-02-07 17:00:00,0,"zero","CPRH","VA","V","Válido","VA"
153981,2025,"14","IFPE","2025-02-07 18:00:00.000",2025-02-07 18:00:00,0,"zero","CPRH","VA","V","Válido","VA"
153982,2025,"14","IFPE","2025-02-07 19:00:00.000",2025-02-07 19:00:00,0,"zero","CPRH","VA","V","Válido","VA"
153983,2025,"14","IFPE","2025-02-07 20:00:00.000",2025-02-07 20:00:00,0,"zero","CPRH","VA","V","Válido","VA"
153984,2025,"14","IFPE","2025-02-07 21:00:00.000",2025-02-07 21:00:00,0,"zero","CPRH","VA","V","Válido","VA"
153985,2025,"14","IFPE","2025-02-07 22:00:00.000",2025-02-07 22:00:00,0,"zero","CPRH","VA","V","Válido","VA"
153986,2025,"14","IFPE","2025-02-07 23:00:00.000",2025-02-07 23:00:00,0,"zero","CPRH","VA","V","Válido","VA"
153987,2025,"14","IFPE","2025-02-08 00:00:00.000",2025-02-08,0,"zero","CPRH","VA","V","Válido","VA"
153988,2025,"14","IFPE","2025-02-08 01:00:00.000",2025-02-08 01:00:00,0,"zero","CPRH","VA","V","Válido","VA"
153989,2025,"14","IFPE","2025-02-08 02:00:00.000",2025-02-08 02:00:00,0,"zero","CPRH","VA","V","Válido","VA"
153990,2025,"14","IFPE","2025-02-08 03:00:00.000",2025-02-08 03:00:00,0,"zero","CPRH","VA","V","Válido","VA"
153991,2025,"14","IFPE","2025-02-08 04:00:00.000",2025-02-08 04:00:00,0,"zero","CPRH","VA","V","Válido","VA"
153992,2025,"14","IFPE","2025-02-08 05:00:00.000",2025-02-08 05:00:00,0,"zero","CPRH","VA","V","Válido","VA"
153993,2025,"14","IFPE","2025-02-08 06:00:00.000",2025-02-08 06:00:00,0,"zero","CPRH","VA","V","Válido","VA"
153994,2025,"14","IFPE","2025-02-08 07:00:00.000",2025-02-08 07:00:00,0,"zero","CPRH","VA","V","Válido","VA"
153995,2025,"14","IFPE","2025-02-08 08:00:00.000",2025-02-08 08:00:00,0,"zero","CPRH","VA","V","Válido","VA"
153996,2025,"14","IFPE","2025-02-08 09:00:00.000",2025-02-08 09:00:00,0,"zero","CPRH","VA","V","Válido","VA"
153997,2025,"14","IFPE","2025-02-08 10:00:00.000",2025-02-08 10:00:00,0,"zero","CPRH","VA","V","Válido","VA"
153998,2025,"14","IFPE","2025-02-08 11:00:00.000",2025-02-08 11:00:00,0,"zero","CPRH","VA","V","Válido","VA"
153999,2025,"14","IFPE","2025-02-08 12:00:00.000",2025-02-08 12:00:00,0,"zero","CPRH","VA","V","Válido","VA"
154000,2025,"14","IFPE","2025-02-08 13:00:00.000",2025-02-08 13:00:00,0,"zero","CPRH","VA","V","Válido","VA"
154001,2025,"14","IFPE","2025-02-08 14:00:00.000",2025-02-08 14:00:00,0,"zero","CPRH","VA","V","Válido","VA"
154002,2025,"14","IFPE","2025-02-08 15:00:00.000",2025-02-08 15:00:00,0,"zero","CPRH","VA","V","Válido","VA"
154003,2025,"14","IFPE","2025-02-08 16:00:00.000",2025-02-08 16:00:00,0,"zero","CPRH","VA","V","Válido","VA"
154004,2025,"14","IFPE","2025-02-08 17:00:00.000",2025-02-08 17:00:00,0,"zero","CPRH","VA","V","Válido","VA"
154005,2025,"14","IFPE","2025-02-08 18:00:00.000",2025-02-08 18:00:00,0,"zero","CPRH","VA","V","Válido","VA"
154006,2025,"14","IFPE","2025-02-08 19:00:00.000",2025-02-08 19:00:00,0,"zero","CPRH","VA","V","Válido","VA"
154007,2025,"14","IFPE","2025-02-08 20:00:00.000",2025-02-08 20:00:00,0,"zero","CPRH","VA","V","Válido","VA"
154008,2025,"14","IFPE","2025-02-08 21:00:00.000",2025-02-08 21:00:00,0,"zero","CPRH","VA","V","Válido","VA"
154009,2025,"14","IFPE","2025-02-08 22:00:00.000",2025-02-08 22:00:00,0,"zero","CPRH","VA","V","Válido","VA"
154010,2025,"14","IFPE","2025-02-08 23:00:00.000",2025-02-08 23:00:00,0,"zero","CPRH","VA","V","Válido","VA"
154011,2025,"14","IFPE","2025-02-09 00:00:00.000",2025-02-09,0,"zero","CPRH","VA","V","Válido","VA"
154012,2025,"14","IFPE","2025-02-09 01:00:00.000",2025-02-09 01:00:00,0,"zero","CPRH","VA","V","Válido","VA"
154013,2025,"14","IFPE","2025-02-09 02:00:00.000",2025-02-09 02:00:00,0,"zero","CPRH","VA","V","Válido","VA"
154014,2025,"14","IFPE","2025-02-09 03:00:00.000",2025-02-09 03:00:00,0,"zero","CPRH","VA","V","Válido","VA"
154015,2025,"14","IFPE","2025-02-09 04:00:00.000",2025-02-09 04:00:00,0,"zero","CPRH","VA","V","Válido","VA"
154016,2025,"14","IFPE","2025-02-09 05:00:00.000",2025-02-09 05:00:00,0,"zero","CPRH","VA","V","Válido","VA"
154017,2025,"14","IFPE","2025-02-09 06:00:00.000",2025-02-09 06:00:00,0,"zero","CPRH","VA","V","Válido","VA"
154018,2025,"14","IFPE","2025-02-09 07:00:00.000",2025-02-09 07:00:00,0,"zero","CPRH","VA","V","Válido","VA"
154019,2025,"14","IFPE","2025-02-09 08:00:00.000",2025-02-09 08:00:00,0,"zero","CPRH","VA","V","Válido","VA"
154020,2025,"14","IFPE","2025-02-09 09:00:00.000",2025-02-09 09:00:00,0,"zero","CPRH","VA","V","Válido","VA"
154021,2025,"14","IFPE","2025-02-09 10:00:00.000",2025-02-09 10:00:00,0,"zero","CPRH","VA","V","Válido","VA"
154022,2025,"14","IFPE","2025-02-09 11:00:00.000",2025-02-09 11:00:00,0,"zero","CPRH","VA","V","Válido","VA"
154023,2025,"14","IFPE","2025-02-09 12:00:00.000",2025-02-09 12:00:00,0,"zero","CPRH","VA","V","Válido","VA"
154024,2025,"14","IFPE","2025-02-09 13:00:00.000",2025-02-09 13:00:00,0,"zero","CPRH","VA","V","Válido","VA"
154025,2025,"14","IFPE","2025-02-09 14:00:00.000",2025-02-09 14:00:00,0,"zero","CPRH","VA","V","Válido","VA"
154026,2025,"14","IFPE","2025-02-09 15:00:00.000",2025-02-09 15:00:00,0,"zero","CPRH","VA","V","Válido","VA"
154027,2025,"14","IFPE","2025-02-09 16:00:00.000",2025-02-09 16:00:00,0,"zero","CPRH","VA","V","Válido","VA"
154028,2025,"14","IFPE","2025-02-09 17:00:00.000",2025-02-09 17:00:00,0,"zero","CPRH","VA","V","Válido","VA"
154029,2025,"14","IFPE","2025-02-09 18:00:00.000",2025-02-09 18:00:00,0,"zero","CPRH","VA","V","Válido","VA"
154030,2025,"14","IFPE","2025-02-09 19:00:00.000",2025-02-09 19:00:00,0,"zero","CPRH","VA","V","Válido","VA"
154031,2025,"14","IFPE","2025-02-09 20:00:00.000",2025-02-09 20:00:00,0,"zero","CPRH","VA","V","Válido","VA"
154032,2025,"14","IFPE","2025-02-09 21:00:00.000",2025-02-09 21:00:00,0,"zero","CPRH","VA","V","Válido","VA"
154033,2025,"14","IFPE","2025-02-09 22:00:00.000",2025-02-09 22:00:00,0,"zero","CPRH","VA","V","Válido","VA"
154034,2025,"14","IFPE","2025-02-09 23:00:00.000",2025-02-09 23:00:00,0,"zero","CPRH","VA","V","Válido","VA"
154035,2025,"14","IFPE","2025-02-10 00:00:00.000",2025-02-10,0,"zero","CPRH","VA","V","Válido","VA"
154036,2025,"14","IFPE","2025-02-10 01:00:00.000",2025-02-10 01:00:00,0,"zero","CPRH","VA","V","Válido","VA"
154037,2025,"14","IFPE","2025-02-10 02:00:00.000",2025-02-10 02:00:00,0,"zero","CPRH","VA","V","Válido","VA"
154038,2025,"14","IFPE","2025-02-10 03:00:00.000",2025-02-10 03:00:00,0,"zero","CPRH","VA","V","Válido","VA"
154039,2025,"14","IFPE","2025-02-10 04:00:00.000",2025-02-10 04:00:00,0,"zero","CPRH","VA","V","Válido","VA"
154040,2025,"14","IFPE","2025-02-10 05:00:00.000",2025-02-10 05:00:00,0,"zero","CPRH","VA","V","Válido","VA"
154041,2025,"14","IFPE","2025-02-10 06:00:00.000",2025-02-10 06:00:00,0,"zero","CPRH","VA","V","Válido","VA"
154042,2025,"14","IFPE","2025-02-10 07:00:00.000",2025-02-10 07:00:00,0,"zero","CPRH","VA","V","Válido","VA"
154043,2025,"14","IFPE","2025-02-10 08:00:00.000",2025-02-10 08:00:00,0,"zero","CPRH","VA","V","Válido","VA"
154044,2025,"14","IFPE","2025-02-10 09:00:00.000",2025-02-10 09:00:00,0,"zero","CPRH","VA","V","Válido","VA"
154045,2025,"14","IFPE","2025-02-10 10:00:00.000",2025-02-10 10:00:00,0,"zero","CPRH","VA","V","Válido","VA"
154046,2025,"14","IFPE","2025-02-10 11:00:00.000",2025-02-10 11:00:00,0,"zero","CPRH","VA","V","Válido","VA"
154047,2025,"14","IFPE","2025-02-10 12:00:00.000",2025-02-10 12:00:00,0,"zero","CPRH","VA","V","Válido","VA"
154048,2025,"14","IFPE","2025-02-10 13:00:00.000",2025-02-10 13:00:00,0,"zero","CPRH","VA","V","Válido","VA"
154049,2025,"14","IFPE","2025-02-10 14:00:00.000",2025-02-10 14:00:00,0,"zero","CPRH","VA","V","Válido","VA"
154050,2025,"14","IFPE","2025-02-10 15:00:00.000",2025-02-10 15:00:00,0,"zero","CPRH","VA","V","Válido","VA"
154051,2025,"14","IFPE","2025-02-10 16:00:00.000",2025-02-10 16:00:00,0,"zero","CPRH","VA","V","Válido","VA"
154052,2025,"14","IFPE","2025-02-10 17:00:00.000",2025-02-10 17:00:00,0,"zero","CPRH","VA","V","Válido","VA"
154053,2025,"14","IFPE","2025-02-10 18:00:00.000",2025-02-10 18:00:00,0,"zero","CPRH","VA","V","Válido","VA"
154054,2025,"14","IFPE","2025-02-10 19:00:00.000",2025-02-10 19:00:00,0,"zero","CPRH","VA","V","Válido","VA"
154055,2025,"14","IFPE","2025-02-10 20:00:00.000",2025-02-10 20:00:00,0,"zero","CPRH","VA","V","Válido","VA"
154056,2025,"14","IFPE","2025-02-10 21:00:00.000",2025-02-10 21:00:00,0,"zero","CPRH","VA","V","Válido","VA"
154057,2025,"14","IFPE","2025-02-10 22:00:00.000",2025-02-10 22:00:00,0,"zero","CPRH","VA","V","Válido","VA"
154058,2025,"14","IFPE","2025-02-10 23:00:00.000",2025-02-10 23:00:00,0,"zero","CPRH","VA","V","Válido","VA"
154059,2025,"14","IFPE","2025-02-11 00:00:00.000",2025-02-11,0,"zero","CPRH","VA","V","Válido","VA"
154060,2025,"14","IFPE","2025-02-11 01:00:00.000",2025-02-11 01:00:00,0,"zero","CPRH","VA","V","Válido","VA"
154061,2025,"14","IFPE","2025-02-11 02:00:00.000",2025-02-11 02:00:00,0,"zero","CPRH","VA","V","Válido","VA"
154062,2025,"14","IFPE","2025-02-11 03:00:00.000",2025-02-11 03:00:00,0,"zero","CPRH","VA","V","Válido","VA"
154063,2025,"14","IFPE","2025-02-11 04:00:00.000",2025-02-11 04:00:00,0,"zero","CPRH","VA","V","Válido","VA"
154064,2025,"14","IFPE","2025-02-11 05:00:00.000",2025-02-11 05:00:00,0,"zero","CPRH","VA","V","Válido","VA"
154065,2025,"14","IFPE","2025-02-11 06:00:00.000",2025-02-11 06:00:00,0,"zero","CPRH","VA","V","Válido","VA"
154066,2025,"14","IFPE","2025-02-11 07:00:00.000",2025-02-11 07:00:00,0,"zero","CPRH","VA","V","Válido","VA"
154067,2025,"14","IFPE","2025-02-11 08:00:00.000",2025-02-11 08:00:00,0,"zero","CPRH","VA","V","Válido","VA"
154068,2025,"14","IFPE","2025-02-11 09:00:00.000",2025-02-11 09:00:00,0,"zero","CPRH","VA","V","Válido","VA"
154069,2025,"14","IFPE","2025-02-11 10:00:00.000",2025-02-11 10:00:00,0,"zero","CPRH","VA","V","Válido","VA"
154070,2025,"14","IFPE","2025-02-18 13:00:00.000",2025-02-18 13:00:00,0,"zero","CPRH","VA","V","Válido","VA"
154071,2025,"14","IFPE","2025-02-18 14:00:00.000",2025-02-18 14:00:00,0,"zero","CPRH","VA","V","Válido","VA"
154072,2025,"14","IFPE","2025-02-18 15:00:00.000",2025-02-18 15:00:00,0,"zero","CPRH","VA","V","Válido","VA"
154073,2025,"14","IFPE","2025-02-18 16:00:00.000",2025-02-18 16:00:00,0,"zero","CPRH","VA","V","Válido","VA"
154074,2025,"14","IFPE","2025-02-18 17:00:00.000",2025-02-18 17:00:00,0,"zero","CPRH","VA","V","Válido","VA"
154075,2025,"14","IFPE","2025-02-18 18:00:00.000",2025-02-18 18:00:00,0,"zero","CPRH","VA","V","Válido","VA"
154076,2025,"14","IFPE","2025-02-18 19:00:00.000",2025-02-18 19:00:00,0,"zero","CPRH","VA","V","Válido","VA"
154077,2025,"14","IFPE","2025-02-18 20:00:00.000",2025-02-18 20:00:00,0,"zero","CPRH","VA","V","Válido","VA"
154078,2025,"14","IFPE","2025-02-18 21:00:00.000",2025-02-18 21:00:00,0,"zero","CPRH","VA","V","Válido","VA"
154079,2025,"14","IFPE","2025-02-18 22:00:00.000",2025-02-18 22:00:00,0,"zero","CPRH","VA","V","Válido","VA"
154080,2025,"14","IFPE","2025-02-18 23:00:00.000",2025-02-18 23:00:00,0,"zero","CPRH","VA","V","Válido","VA"
154081,2025,"14","IFPE","2025-02-19 00:00:00.000",2025-02-19,0,"zero","CPRH","VA","V","Válido","VA"
154082,2025,"14","IFPE","2025-02-19 01:00:00.000",2025-02-19 01:00:00,0,"zero","CPRH","VA","V","Válido","VA"
154083,2025,"14","IFPE","2025-02-19 02:00:00.000",2025-02-19 02:00:00,0,"zero","CPRH","VA","V","Válido","VA"
154084,2025,"14","IFPE","2025-02-19 03:00:00.000",2025-02-19 03:00:00,0,"zero","CPRH","VA","V","Válido","VA"
154085,2025,"14","IFPE","2025-02-19 04:00:00.000",2025-02-19 04:00:00,0,"zero","CPRH","VA","V","Válido","VA"
154086,2025,"14","IFPE","2025-02-19 05:00:00.000",2025-02-19 05:00:00,0,"zero","CPRH","VA","V","Válido","VA"
154087,2025,"14","IFPE","2025-02-19 06:00:00.000",2025-02-19 06:00:00,0,"zero","CPRH","VA","V","Válido","VA"
154088,2025,"14","IFPE","2025-02-19 07:00:00.000",2025-02-19 07:00:00,0,"zero","CPRH","VA","V","Válido","VA"
154089,2025,"14","IFPE","2025-02-19 08:00:00.000",2025-02-19 08:00:00,0,"zero","CPRH","VA","V","Válido","VA"
154090,2025,"14","IFPE","2025-02-19 09:00:00.000",2025-02-19 09:00:00,0,"zero","CPRH","VA","V","Válido","VA"
154091,2025,"14","IFPE","2025-02-19 10:00:00.000",2025-02-19 10:00:00,0,"zero","CPRH","VA","V","Válido","VA"
157479,2025,"14","IFPE","2025-05-17 19:00:00.000",2025-05-17 19:00:00,0,"zero","CPRH","VA","V","Válido","VA"
157480,2025,"14","IFPE","2025-05-17 20:00:00.000",2025-05-17 20:00:00,0,"zero","CPRH","VA","V","Válido","VA"
157481,2025,"14","IFPE","2025-05-17 21:00:00.000",2025-05-17 21:00:00,0,"zero","CPRH","VA","V","Válido","VA"
157482,2025,"14","IFPE","2025-05-17 22:00:00.000",2025-05-17 22:00:00,0,"zero","CPRH","VA","V","Válido","VA"
157483,2025,"14","IFPE","2025-05-17 23:00:00.000",2025-05-17 23:00:00,0,"zero","CPRH","VA","V","Válido","VA"
157484,2025,"14","IFPE","2025-05-18 00:00:00.000",2025-05-18,0,"zero","CPRH","VA","V","Válido","VA"
157485,2025,"14","IFPE","2025-05-18 01:00:00.000",2025-05-18 01:00:00,0,"zero","CPRH","VA","V","Válido","VA"
157486,2025,"14","IFPE","2025-05-18 02:00:00.000",2025-05-18 02:00:00,0,"zero","CPRH","VA","V","Válido","VA"
157487,2025,"14","IFPE","2025-05-18 03:00:00.000",2025-05-18 03:00:00,0,"zero","CPRH","VA","V","Válido","VA"
157353,2025,"14","IFPE","2025-05-18 04:00:00.000",2025-05-18 04:00:00,0,"zero","CPRH","VA","V","Válido","VA"
157354,2025,"14","IFPE","2025-05-18 05:00:00.000",2025-05-18 05:00:00,0,"zero","CPRH","VA","V","Válido","VA"
157656,2025,"14","IFPE","2025-05-18 06:00:00.000",2025-05-18 06:00:00,0,"zero","CPRH","VA","V","Válido","VA"
157657,2025,"14","IFPE","2025-05-18 07:00:00.000",2025-05-18 07:00:00,0,"zero","CPRH","VA","V","Válido","VA"
157352,2025,"14","IFPE","2025-05-18 08:00:00.000",2025-05-18 08:00:00,0,"zero","CPRH","VA","V","Válido","VA"
157355,2025,"14","IFPE","2025-05-18 09:00:00.000",2025-05-18 09:00:00,0,"zero","CPRH","VA","V","Válido","VA"
157356,2025,"14","IFPE","2025-05-18 10:00:00.000",2025-05-18 10:00:00,0,"zero","CPRH","VA","V","Válido","VA"
157357,2025,"14","IFPE","2025-05-18 11:00:00.000",2025-05-18 11:00:00,0,"zero","CPRH","VA","V","Válido","VA"
157358,2025,"14","IFPE","2025-05-18 12:00:00.000",2025-05-18 12:00:00,0,"zero","CPRH","VA","V","Válido","VA"
157359,2025,"14","IFPE","2025-05-18 13:00:00.000",2025-05-18 13:00:00,0,"zero","CPRH","VA","V","Válido","VA"
157360,2025,"14","IFPE","2025-05-18 14:00:00.000",2025-05-18 14:00:00,0,"zero","CPRH","VA","V","Válido","VA"
157361,2025,"14","IFPE","2025-05-18 15:00:00.000",2025-05-18 15:00:00,0,"zero","CPRH","VA","V","Válido","VA"
157362,2025,"14","IFPE","2025-05-18 16:00:00.000",2025-05-18 16:00:00,0,"zero","CPRH","VA","V","Válido","VA"
157363,2025,"14","IFPE","2025-05-18 17:00:00.000",2025-05-18 17:00:00,0,"zero","CPRH","VA","V","Válido","VA"
157364,2025,"14","IFPE","2025-05-18 18:00:00.000",2025-05-18 18:00:00,0,"zero","CPRH","VA","V","Válido","VA"
157365,2025,"14","IFPE","2025-05-18 19:00:00.000",2025-05-18 19:00:00,0,"zero","CPRH","VA","V","Válido","VA"
157366,2025,"14","IFPE","2025-05-18 20:00:00.000",2025-05-18 20:00:00,0,"zero","CPRH","VA","V","Válido","VA"
157367,2025,"14","IFPE","2025-05-18 21:00:00.000",2025-05-18 21:00:00,0,"zero","CPRH","VA","V","Válido","VA"
157368,2025,"14","IFPE","2025-05-18 22:00:00.000",2025-05-18 22:00:00,0,"zero","CPRH","VA","V","Válido","VA"
157369,2025,"14","IFPE","2025-05-18 23:00:00.000",2025-05-18 23:00:00,0,"zero","CPRH","VA","V","Válido","VA"
157370,2025,"14","IFPE","2025-05-19 00:00:00.000",2025-05-19,0,"zero","CPRH","VA","V","Válido","VA"
157371,2025,"14","IFPE","2025-05-19 01:00:00.000",2025-05-19 01:00:00,0,"zero","CPRH","VA","V","Válido","VA"
157372,2025,"14","IFPE","2025-05-19 02:00:00.000",2025-05-19 02:00:00,0,"zero","CPRH","VA","V","Válido","VA"
157373,2025,"14","IFPE","2025-05-19 03:00:00.000",2025-05-19 03:00:00,0,"zero","CPRH","VA","V","Válido","VA"
157374,2025,"14","IFPE","2025-05-19 04:00:00.000",2025-05-19 04:00:00,0,"zero","CPRH","VA","V","Válido","VA"
157375,2025,"14","IFPE","2025-05-19 05:00:00.000",2025-05-19 05:00:00,0,"zero","CPRH","VA","V","Válido","VA"
157376,2025,"14","IFPE","2025-05-19 06:00:00.000",2025-05-19 06:00:00,0,"zero","CPRH","VA","V","Válido","VA"
157377,2025,"14","IFPE","2025-05-19 07:00:00.000",2025-05-19 07:00:00,0,"zero","CPRH","VA","V","Válido","VA"
157378,2025,"14","IFPE","2025-05-19 08:00:00.000",2025-05-19 08:00:00,0,"zero","CPRH","VA","V","Válido","VA"
157379,2025,"14","IFPE","2025-05-19 09:00:00.000",2025-05-19 09:00:00,0,"zero","CPRH","VA","V","Válido","VA"
159763,2025,"14","IFPE","2025-07-17 10:00:00.000",2025-07-17 10:00:00,0,"zero","CPRH","VA","V","Válido","VA"
159760,2025,"14","IFPE","2025-07-17 11:00:00.000",2025-07-17 11:00:00,0,"zero","CPRH","VA","V","Válido","VA"
159753,2025,"14","IFPE","2025-07-17 12:00:00.000",2025-07-17 12:00:00,0,"zero","CPRH","VA","V","Válido","VA"
159754,2025,"14","IFPE","2025-07-17 13:00:00.000",2025-07-17 13:00:00,0,"zero","CPRH","VA","V","Válido","VA"
159755,2025,"14","IFPE","2025-07-17 14:00:00.000",2025-07-17 14:00:00,0,"zero","CPRH","VA","V","Válido","VA"
159756,2025,"14","IFPE","2025-07-17 15:00:00.000",2025-07-17 15:00:00,0,"zero","CPRH","VA","V","Válido","VA"
159757,2025,"14","IFPE","2025-07-17 16:00:00.000",2025-07-17 16:00:00,0,"zero","CPRH","VA","V","Válido","VA"
159745,2025,"14","IFPE","2025-07-17 17:00:00.000",2025-07-17 17:00:00,0,"zero","CPRH","VA","V","Válido","VA"
159746,2025,"14","IFPE","2025-07-17 18:00:00.000",2025-07-17 18:00:00,0,"zero","CPRH","VA","V","Válido","VA"
159747,2025,"14","IFPE","2025-07-17 19:00:00.000",2025-07-17 19:00:00,0,"zero","CPRH","VA","V","Válido","VA"
159749,2025,"14","IFPE","2025-07-17 20:00:00.000",2025-07-17 20:00:00,0,"zero","CPRH","VA","V","Válido","VA"
159750,2025,"14","IFPE","2025-07-17 21:00:00.000",2025-07-17 21:00:00,0,"zero","CPRH","VA","V","Válido","VA"
159751,2025,"14","IFPE","2025-07-17 22:00:00.000",2025-07-17 22:00:00,0,"zero","CPRH","VA","V","Válido","VA"
159802,2025,"14","IFPE","2025-07-17 23:00:00.000",2025-07-17 23:00:00,0,"zero","CPRH","VA","V","Válido","VA"
159803,2025,"14","IFPE","2025-07-18 00:00:00.000",2025-07-18,0,"zero","CPRH","VA","V","Válido","VA"
159804,2025,"14","IFPE","2025-07-18 01:00:00.000",2025-07-18 01:00:00,0,"zero","CPRH","VA","V","Válido","VA"
159805,2025,"14","IFPE","2025-07-18 02:00:00.000",2025-07-18 02:00:00,0,"zero","CPRH","VA","V","Válido","VA"
159806,2025,"14","IFPE","2025-07-18 03:00:00.000",2025-07-18 03:00:00,0,"zero","CPRH","VA","V","Válido","VA"
159807,2025,"14","IFPE","2025-07-18 04:00:00.000",2025-07-18 04:00:00,0,"zero","CPRH","VA","V","Válido","VA"
159808,2025,"14","IFPE","2025-07-18 05:00:00.000",2025-07-18 05:00:00,0,"zero","CPRH","VA","V","Válido","VA"
159809,2025,"14","IFPE","2025-07-18 06:00:00.000",2025-07-18 06:00:00,0,"zero","CPRH","VA","V","Válido","VA"
159810,2025,"14","IFPE","2025-07-18 07:00:00.000",2025-07-18 07:00:00,0,"zero","CPRH","VA","V","Válido","VA"
159811,2025,"14","IFPE","2025-07-18 08:00:00.000",2025-07-18 08:00:00,0,"zero","CPRH","VA","V","Válido","VA"
159812,2025,"14","IFPE","2025-07-18 09:00:00.000",2025-07-18 09:00:00,0,"zero","CPRH","VA","V","Válido","VA"
159813,2025,"14","IFPE","2025-07-18 10:00:00.000",2025-07-18 10:00:00,0,"zero","CPRH","VA","V","Válido","VA"
159814,2025,"14","IFPE","2025-07-18 11:00:00.000",2025-07-18 11:00:00,0,"zero","CPRH","VA","V","Válido","VA"
159815,2025,"14","IFPE","2025-07-20 13:00:00.000",2025-07-20 13:00:00,0,"zero","CPRH","VA","V","Válido","VA"
159816,2025,"14","IFPE","2025-07-20 14:00:00.000",2025-07-20 14:00:00,0,"zero","CPRH","VA","V","Válido","VA"
159817,2025,"14","IFPE","2025-07-20 15:00:00.000",2025-07-20 15:00:00,0,"zero","CPRH","VA","V","Válido","VA"
159818,2025,"14","IFPE","2025-07-20 16:00:00.000",2025-07-20 16:00:00,0,"zero","CPRH","VA","V","Válido","VA"
159819,2025,"14","IFPE","2025-07-20 17:00:00.000",2025-07-20 17:00:00,0,"zero","CPRH","VA","V","Válido","VA"
159820,2025,"14","IFPE","2025-07-20 18:00:00.000",2025-07-20 18:00:00,0,"zero","CPRH","VA","V","Válido","VA"
159821,2025,"14","IFPE","2025-07-20 19:00:00.000",2025-07-20 19:00:00,0,"zero","CPRH","VA","V","Válido","VA"
159822,2025,"14","IFPE","2025-07-20 20:00:00.000",2025-07-20 20:00:00,0,"zero","CPRH","VA","V","Válido","VA"
159823,2025,"14","IFPE","2025-07-20 21:00:00.000",2025-07-20 21:00:00,0,"zero","CPRH","VA","V","Válido","VA"
159824,2025,"14","IFPE","2025-07-20 22:00:00.000",2025-07-20 22:00:00,0,"zero","CPRH","VA","V","Válido","VA"
159825,2025,"14","IFPE","2025-07-20 23:00:00.000",2025-07-20 23:00:00,0,"zero","CPRH","VA","V","Válido","VA"
159826,2025,"14","IFPE","2025-07-21 00:00:00.000",2025-07-21,0,"zero","CPRH","VA","V","Válido","VA"
159827,2025,"14","IFPE","2025-07-21 01:00:00.000",2025-07-21 01:00:00,0,"zero","CPRH","VA","V","Válido","VA"
159828,2025,"14","IFPE","2025-07-21 02:00:00.000",2025-07-21 02:00:00,0,"zero","CPRH","VA","V","Válido","VA"
159829,2025,"14","IFPE","2025-07-21 03:00:00.000",2025-07-21 03:00:00,0,"zero","CPRH","VA","V","Válido","VA"
159830,2025,"14","IFPE","2025-07-21 04:00:00.000",2025-07-21 04:00:00,0,"zero","CPRH","VA","V","Válido","VA"
159831,2025,"14","IFPE","2025-07-21 05:00:00.000",2025-07-21 05:00:00,0,"zero","CPRH","VA","V","Válido","VA"
159832,2025,"14","IFPE","2025-07-21 06:00:00.000",2025-07-21 06:00:00,0,"zero","CPRH","VA","V","Válido","VA"
159833,2025,"14","IFPE","2025-07-21 07:00:00.000",2025-07-21 07:00:00,0,"zero","CPRH","VA","V","Válido","VA"
159834,2025,"14","IFPE","2025-07-21 08:00:00.000",2025-07-21 08:00:00,0,"zero","CPRH","VA","V","Válido","VA"
159835,2025,"14","IFPE","2025-07-21 09:00:00.000",2025-07-21 09:00:00,0,"zero","CPRH","VA","V","Válido","VA"
159836,2025,"14","IFPE","2025-07-21 10:00:00.000",2025-07-21 10:00:00,0,"zero","CPRH","VA","V","Válido","VA"
159837,2025,"14","IFPE","2025-07-21 11:00:00.000",2025-07-21 11:00:00,0,"zero","CPRH","VA","V","Válido","VA"
159844,2025,"14","IFPE","2025-09-03 11:00:00.000",2025-09-03 11:00:00,0,"zero","CPRH","VA","V","Válido","VA"
163622,2025,"14","IFPE","2025-11-28 09:00:00.000",2025-11-28 09:00:00,0,"zero","CPRH","VA","V","Válido","VA"
163623,2025,"14","IFPE","2025-11-28 10:00:00.000",2025-11-28 10:00:00,0,"zero","CPRH","VA","V","Válido","VA"
163539,2025,"14","IFPE","2025-11-30 17:00:00.000",2025-11-30 17:00:00,0,"zero","CPRH","VA","V","Válido","VA"
163541,2025,"14","IFPE","2025-11-30 18:00:00.000",2025-11-30 18:00:00,0,"zero","CPRH","VA","V","Válido","VA"
163542,2025,"14","IFPE","2025-11-30 19:00:00.000",2025-11-30 19:00:00,0,"zero","CPRH","VA","V","Válido","VA"
163543,2025,"14","IFPE","2025-11-30 20:00:00.000",2025-11-30 20:00:00,0,"zero","CPRH","VA","V","Válido","VA"
163544,2025,"14","IFPE","2025-11-30 21:00:00.000",2025-11-30 21:00:00,0,"zero","CPRH","VA","V","Válido","VA"
163545,2025,"14","IFPE","2025-11-30 22:00:00.000",2025-11-30 22:00:00,0,"zero","CPRH","VA","V","Válido","VA"
163546,2025,"14","IFPE","2025-11-30 23:00:00.000",2025-11-30 23:00:00,0,"zero","CPRH","VA","V","Válido","VA"
163547,2025,"14","IFPE","2025-12-01 00:00:00.000",2025-12-01,0,"zero","CPRH","VA","V","Válido","VA"
163548,2025,"14","IFPE","2025-12-01 01:00:00.000",2025-12-01 01:00:00,0,"zero","CPRH","VA","V","Válido","VA"
163549,2025,"14","IFPE","2025-12-01 02:00:00.000",2025-12-01 02:00:00,0,"zero","CPRH","VA","V","Válido","VA"
163550,2025,"14","IFPE","2025-12-01 03:00:00.000",2025-12-01 03:00:00,0,"zero","CPRH","VA","V","Válido","VA"
163551,2025,"14","IFPE","2025-12-01 04:00:00.000",2025-12-01 04:00:00,0,"zero","CPRH","VA","V","Válido","VA"
163552,2025,"14","IFPE","2025-12-01 05:00:00.000",2025-12-01 05:00:00,0,"zero","CPRH","VA","V","Válido","VA"
163553,2025,"14","IFPE","2025-12-01 06:00:00.000",2025-12-01 06:00:00,0,"zero","CPRH","VA","V","Válido","VA"
163554,2025,"14","IFPE","2025-12-01 07:00:00.000",2025-12-01 07:00:00,0,"zero","CPRH","VA","V","Válido","VA"
163555,2025,"14","IFPE","2025-12-01 08:00:00.000",2025-12-01 08:00:00,0,"zero","CPRH","VA","V","Válido","VA"
163556,2025,"14","IFPE","2025-12-01 09:00:00.000",2025-12-01 09:00:00,0,"zero","CPRH","VA","V","Válido","VA"
163557,2025,"14","IFPE","2025-12-01 10:00:00.000",2025-12-01 10:00:00,0,"zero","CPRH","VA","V","Válido","VA"
163654,2025,"14","IFPE","2025-12-09 03:00:00.000",2025-12-09 03:00:00,0,"zero","CPRH","VA","V","Válido","VA"
163655,2025,"14","IFPE","2025-12-09 04:00:00.000",2025-12-09 04:00:00,0,"zero","CPRH","VA","V","Válido","VA"
163656,2025,"14","IFPE","2025-12-09 05:00:00.000",2025-12-09 05:00:00,0,"zero","CPRH","VA","V","Válido","VA"
163657,2025,"14","IFPE","2025-12-09 06:00:00.000",2025-12-09 06:00:00,0,"zero","CPRH","VA","V","Válido","VA"
163658,2025,"14","IFPE","2025-12-09 07:00:00.000",2025-12-09 07:00:00,0,"zero","CPRH","VA","V","Válido","VA"
163659,2025,"14","IFPE","2025-12-09 08:00:00.000",2025-12-09 08:00:00,0,"zero","CPRH","VA","V","Válido","VA"
163660,2025,"14","IFPE","2025-12-09 09:00:00.000",2025-12-09 09:00:00,0,"zero","CPRH","VA","V","Válido","VA"
163661,2025,"14","IFPE","2025-12-09 10:00:00.000",2025-12-09 10:00:00,0,"zero","CPRH","VA","V","Válido","VA"
163662,2025,"14","IFPE","2025-12-09 11:00:00.000",2025-12-09 11:00:00,0,"zero","CPRH","VA","V","Válido","VA"
163663,2025,"14","IFPE","2025-12-09 12:00:00.000",2025-12-09 12:00:00,0,"zero","CPRH","VA","V","Válido","VA"
163716,2025,"14","IFPE","2025-12-13 07:00:00.000",2025-12-13 07:00:00,0,"zero","CPRH","VA","V","Válido","VA"
163717,2025,"14","IFPE","2025-12-13 08:00:00.000",2025-12-13 08:00:00,0,"zero","CPRH","VA","V","Válido","VA"
163718,2025,"14","IFPE","2025-12-13 09:00:00.000",2025-12-13 09:00:00,0,"zero","CPRH","VA","V","Válido","VA"
163719,2025,"14","IFPE","2025-12-13 10:00:00.000",2025-12-13 10:00:00,0,"zero","CPRH","VA","V","Válido","VA"
163720,2025,"14","IFPE","2025-12-13 11:00:00.000",2025-12-13 11:00:00,0,"zero","CPRH","VA","V","Válido","VA"
163721,2025,"14","IFPE","2025-12-13 12:00:00.000",2025-12-13 12:00:00,0,"zero","CPRH","VA","V","Válido","VA"
163722,2025,"14","IFPE","2025-12-13 13:00:00.000",2025-12-13 13:00:00,0,"zero","CPRH","VA","V","Válido","VA"
163723,2025,"14","IFPE","2025-12-13 14:00:00.000",2025-12-13 14:00:00,0,"zero","CPRH","VA","V","Válido","VA"
163724,2025,"14","IFPE","2025-12-13 15:00:00.000",2025-12-13 15:00:00,0,"zero","CPRH","VA","V","Válido","VA"
163725,2025,"14","IFPE","2025-12-13 16:00:00.000",2025-12-13 16:00:00,0,"zero","CPRH","VA","V","Válido","VA"
163726,2025,"14","IFPE","2025-12-13 17:00:00.000",2025-12-13 17:00:00,0,"zero","CPRH","VA","V","Válido","VA"
163727,2025,"14","IFPE","2025-12-13 18:00:00.000",2025-12-13 18:00:00,0,"zero","CPRH","VA","V","Válido","VA"
163728,2025,"14","IFPE","2025-12-13 19:00:00.000",2025-12-13 19:00:00,0,"zero","CPRH","VA","V","Válido","VA"
163729,2025,"14","IFPE","2025-12-13 20:00:00.000",2025-12-13 20:00:00,0,"zero","CPRH","VA","V","Válido","VA"
163730,2025,"14","IFPE","2025-12-13 21:00:00.000",2025-12-13 21:00:00,0,"zero","CPRH","VA","V","Válido","VA"
163731,2025,"14","IFPE","2025-12-13 22:00:00.000",2025-12-13 22:00:00,0,"zero","CPRH","VA","V","Válido","VA"
163732,2025,"14","IFPE","2025-12-13 23:00:00.000",2025-12-13 23:00:00,0,"zero","CPRH","VA","V","Válido","VA"
163733,2025,"14","IFPE","2025-12-14 00:00:00.000",2025-12-14,0,"zero","CPRH","VA","V","Válido","VA"
163734,2025,"14","IFPE","2025-12-14 01:00:00.000",2025-12-14 01:00:00,0,"zero","CPRH","VA","V","Válido","VA"
163735,2025,"14","IFPE","2025-12-14 02:00:00.000",2025-12-14 02:00:00,0,"zero","CPRH","VA","V","Válido","VA"
163736,2025,"14","IFPE","2025-12-14 03:00:00.000",2025-12-14 03:00:00,0,"zero","CPRH","VA","V","Válido","VA"
163586,2025,"14","IFPE","2025-12-14 04:00:00.000",2025-12-14 04:00:00,0,"zero","CPRH","VA","V","Válido","VA"
163540,2025,"14","IFPE","2025-12-14 05:00:00.000",2025-12-14 05:00:00,0,"zero","CPRH","VA","V","Válido","VA"
163558,2025,"14","IFPE","2025-12-14 06:00:00.000",2025-12-14 06:00:00,0,"zero","CPRH","VA","V","Válido","VA"
163559,2025,"14","IFPE","2025-12-14 07:00:00.000",2025-12-14 07:00:00,0,"zero","CPRH","VA","V","Válido","VA"
163560,2025,"14","IFPE","2025-12-14 08:00:00.000",2025-12-14 08:00:00,0,"zero","CPRH","VA","V","Válido","VA"
163561,2025,"14","IFPE","2025-12-14 09:00:00.000",2025-12-14 09:00:00,0,"zero","CPRH","VA","V","Válido","VA"
163562,2025,"14","IFPE","2025-12-14 10:00:00.000",2025-12-14 10:00:00,0,"zero","CPRH","VA","V","Válido","VA"
163563,2025,"14","IFPE","2025-12-14 11:00:00.000",2025-12-14 11:00:00,0,"zero","CPRH","VA","V","Válido","VA"
163564,2025,"14","IFPE","2025-12-14 12:00:00.000",2025-12-14 12:00:00,0,"zero","CPRH","VA","V","Válido","VA"
163565,2025,"14","IFPE","2025-12-14 13:00:00.000",2025-12-14 13:00:00,0,"zero","CPRH","VA","V","Válido","VA"
163566,2025,"14","IFPE","2025-12-14 14:00:00.000",2025-12-14 14:00:00,0,"zero","CPRH","VA","V","Válido","VA"
163567,2025,"14","IFPE","2025-12-14 15:00:00.000",2025-12-14 15:00:00,0,"zero","CPRH","VA","V","Válido","VA"
163568,2025,"14","IFPE","2025-12-14 16:00:00.000",2025-12-14 16:00:00,0,"zero","CPRH","VA","V","Válido","VA"
163569,2025,"14","IFPE","2025-12-14 17:00:00.000",2025-12-14 17:00:00,0,"zero","CPRH","VA","V","Válido","VA"
163570,2025,"14","IFPE","2025-12-14 18:00:00.000",2025-12-14 18:00:00,0,"zero","CPRH","VA","V","Válido","VA"
163571,2025,"14","IFPE","2025-12-14 19:00:00.000",2025-12-14 19:00:00,0,"zero","CPRH","VA","V","Válido","VA"
163572,2025,"14","IFPE","2025-12-14 20:00:00.000",2025-12-14 20:00:00,0,"zero","CPRH","VA","V","Válido","VA"
163573,2025,"14","IFPE","2025-12-14 21:00:00.000",2025-12-14 21:00:00,0,"zero","CPRH","VA","V","Válido","VA"
163574,2025,"14","IFPE","2025-12-14 22:00:00.000",2025-12-14 22:00:00,0,"zero","CPRH","VA","V","Válido","VA"
163575,2025,"14","IFPE","2025-12-14 23:00:00.000",2025-12-14 23:00:00,0,"zero","CPRH","VA","V","Válido","VA"
163576,2025,"14","IFPE","2025-12-15 00:00:00.000",2025-12-15,0,"zero","CPRH","VA","V","Válido","VA"
163577,2025,"14","IFPE","2025-12-15 01:00:00.000",2025-12-15 01:00:00,0,"zero","CPRH","VA","V","Válido","VA"
163578,2025,"14","IFPE","2025-12-15 02:00:00.000",2025-12-15 02:00:00,0,"zero","CPRH","VA","V","Válido","VA"
163579,2025,"14","IFPE","2025-12-15 03:00:00.000",2025-12-15 03:00:00,0,"zero","CPRH","VA","V","Válido","VA"
163580,2025,"14","IFPE","2025-12-15 04:00:00.000",2025-12-15 04:00:00,0,"zero","CPRH","VA","V","Válido","VA"
163581,2025,"14","IFPE","2025-12-15 05:00:00.000",2025-12-15 05:00:00,0,"zero","CPRH","VA","V","Válido","VA"
163582,2025,"14","IFPE","2025-12-15 06:00:00.000",2025-12-15 06:00:00,0,"zero","CPRH","VA","V","Válido","VA"
163583,2025,"14","IFPE","2025-12-15 07:00:00.000",2025-12-15 07:00:00,0,"zero","CPRH","VA","V","Válido","VA"
163584,2025,"14","IFPE","2025-12-15 08:00:00.000",2025-12-15 08:00:00,0,"zero","CPRH","VA","V","Válido","VA"
163585,2025,"14","IFPE","2025-12-15 09:00:00.000",2025-12-15 09:00:00,0,"zero","CPRH","VA","V","Válido","VA"
152613,2025,"15","CPRH","2025-01-06 08:00:00.000",2025-01-06 08:00:00,-2.475,"negativa","CPRH","IN","V","Válido","VA"
152614,2025,"15","CPRH","2025-01-06 09:00:00.000",2025-01-06 09:00:00,-12.188,"negativa","CPRH","IN","V","Válido","VA"
