estacao_historica,ano_alvo,variavel,grupo,n_pares,pct_dias_mp10_com_par,spearman,pearson,n_pares_anomalia,spearman_anomalia_mensal,pearson_anomalia_mensal,diferenca_spearman,sinal_bruto,sinal_anomalia,sinal_mantido
CUPE,2021,precipitacao_lag0_mm,precipitacao,305,87.8962536023055,-0.324012816592758,-0.223047319953231,288,-0.245689041480327,-0.170533137634783,0.0783237751124308,negativo,negativo,TRUE
CUPE,2021,precipitacao_lag1_mm,precipitacao,306,88.1844380403458,-0.19441998523567,-0.148733198544388,289,-0.107829305151955,-0.101578563086664,0.0865906800837151,negativo,negativo,TRUE
CUPE,2021,precipitacao_lag2_mm,precipitacao,304,87.6080691642651,-0.10304777934232,-0.0530013191746636,287,0.0677351672334484,0.0119952643734176,0.170782946575769,negativo,positivo,FALSE
CUPE,2021,pressao_media_hpa,pressao,297,85.5907780979827,-0.0421473488745085,-0.0957626591457527,279,-0.0620347151252592,-0.0749563871102846,-0.0198873662507506,negativo,negativo,TRUE
CUPE,2021,temperatura_media_c,temperatura,297,85.5907780979827,0.297810688069214,0.267011935101441,279,0.257221052186155,0.165931067882636,-0.0405896358830597,positivo,positivo,TRUE
CUPE,2021,umidade_media_pct,umidade,290,83.5734870317003,-0.394536250601395,-0.283853107156914,272,-0.305479453490052,-0.181662147404847,0.0890567971113429,negativo,negativo,TRUE
CUPE,2021,velocidade_vento_media_ms,vento,297,85.5907780979827,0.330246991380041,0.213901574060066,279,0.191852842496619,0.0717960179087113,-0.138394148883422,positivo,positivo,TRUE
CUPE,2021,vento_u_medio_ms,vento_componente,297,85.5907780979827,-0.421640218620084,-0.292702153162168,279,-0.318436082953179,-0.179424636530036,0.103204135666906,negativo,negativo,TRUE
CUPE,2021,vento_v_medio_ms,vento_componente,297,85.5907780979827,0.00063028250947714,-0.0376318651086963,279,0.0268283673535135,0.0150538835707862,0.0261980848440363,positivo,positivo,TRUE
Gaibu,2019,precipitacao_lag0_mm,precipitacao,191,72.9007633587786,-0.48702502392024,-0.455505713978671,185,-0.574288432079573,-0.484543905603877,-0.0872634081593326,negativo,negativo,TRUE
Gaibu,2019,precipitacao_lag1_mm,precipitacao,191,72.9007633587786,-0.143767575098027,-0.152016919945171,185,-0.185935986754701,-0.166768854844516,-0.0421684116566743,negativo,negativo,TRUE
Gaibu,2019,precipitacao_lag2_mm,precipitacao,192,73.2824427480916,0.062145587575739,0.0507339005639422,185,-0.0377126746328036,0.0156474091202036,-0.0998582622085426,positivo,negativo,FALSE
Gaibu,2019,pressao_media_hpa,pressao,262,100,0.0482556490813782,0.0631029241930014,247,-0.0917191558254107,-0.0429573376662095,-0.139974804906789,positivo,negativo,FALSE
Gaibu,2019,temperatura_media_c,temperatura,262,100,0.154188246566815,0.158702828949505,247,0.44102240663046,0.426426493268516,0.286834160063645,positivo,positivo,TRUE
Gaibu,2019,umidade_media_pct,umidade,262,100,-0.438880694664779,-0.383797563107774,247,-0.616901447153037,-0.5488355211458,-0.178020752488258,negativo,negativo,TRUE
Gaibu,2019,velocidade_vento_media_ms,vento,165,62.9770992366412,0.201186150912787,0.204141626370286,162,0.163346259390764,0.177370895483223,-0.0378398915220236,positivo,positivo,TRUE
Gaibu,2019,vento_u_medio_ms,vento_componente,165,62.9770992366412,-0.339635293116771,-0.323676714739062,162,-0.3776194562404,-0.329314901773104,-0.0379841631236294,negativo,negativo,TRUE
Gaibu,2019,vento_v_medio_ms,vento_componente,165,62.9770992366412,0.0638597700421587,0.0301587314042532,162,-0.0281464524435727,-0.0342838144611952,-0.0920062224857314,positivo,negativo,FALSE
IFPE,2018,precipitacao_lag0_mm,precipitacao,248,90.1818181818182,-0.307426517693678,-0.24906525974515,238,-0.254234828309371,-0.160371795468926,0.053191689384307,negativo,negativo,TRUE
IFPE,2018,precipitacao_lag1_mm,precipitacao,247,89.8181818181818,-0.159578250888686,-0.126576695088222,237,-0.0622853089249864,-0.0345888156718843,0.0972929419636994,negativo,negativo,TRUE
IFPE,2018,precipitacao_lag2_mm,precipitacao,248,90.1818181818182,-0.26748580248243,-0.182164781743485,238,-0.161058598605751,-0.0979800564306886,0.106427203876679,negativo,negativo,TRUE
IFPE,2018,pressao_media_hpa,pressao,251,91.2727272727273,-0.101302479988551,-0.0850852959288803,240,-0.266331309327157,-0.205675869031822,-0.165028829338606,negativo,negativo,TRUE
IFPE,2018,temperatura_media_c,temperatura,251,91.2727272727273,0.187695983079306,0.201000668762516,240,0.251337894155197,0.282933033946548,0.0636419110758902,positivo,positivo,TRUE
IFPE,2018,umidade_media_pct,umidade,251,91.2727272727273,-0.277661245670342,-0.250681466387646,240,-0.16629367351235,-0.149896622973052,0.111367572157992,negativo,negativo,TRUE
IFPE,2018,velocidade_vento_media_ms,vento,251,91.2727272727273,0.078393141053268,0.0544147189650372,240,-0.0854899053505229,-0.0799282183123403,-0.163883046403791,positivo,negativo,FALSE
IFPE,2018,vento_u_medio_ms,vento_componente,251,91.2727272727273,-0.220783037436214,-0.200162583639505,240,-0.063690786872528,-0.0948902796776983,0.157092250563686,negativo,negativo,TRUE
IFPE,2018,vento_v_medio_ms,vento_componente,251,91.2727272727273,-0.213875658502949,-0.263085026613002,240,-0.277147678154221,-0.283761415761899,-0.0632720196512722,negativo,negativo,TRUE
IPOJUCA,2021,precipitacao_lag0_mm,precipitacao,287,87.2340425531915,-0.482034722756611,-0.312980549117694,259,-0.388212447130807,-0.237620380645985,0.093822275625804,negativo,negativo,TRUE
IPOJUCA,2021,precipitacao_lag1_mm,precipitacao,286,86.9300911854103,-0.406257057331491,-0.240240052497528,258,-0.239069387724148,-0.154472613526403,0.167187669607343,negativo,negativo,TRUE
IPOJUCA,2021,precipitacao_lag2_mm,precipitacao,285,86.6261398176292,-0.275190207402391,-0.175446688910735,257,-0.103619207041087,-0.0634563607985186,0.171571000361304,negativo,negativo,TRUE
IPOJUCA,2021,pressao_media_hpa,pressao,279,84.8024316109423,-0.145784011960945,-0.1760165575144,249,-0.0677877040356305,-0.0769199132322485,0.0779963079253147,negativo,negativo,TRUE
IPOJUCA,2021,temperatura_media_c,temperatura,279,84.8024316109423,0.520763035031086,0.528416107629357,249,0.388705313199037,0.407782695029032,-0.132057721832049,positivo,positivo,TRUE
IPOJUCA,2021,umidade_media_pct,umidade,272,82.6747720364742,-0.64273798412066,-0.618450225890862,242,-0.453165064479681,-0.4363893892292,0.189572919640979,negativo,negativo,TRUE
IPOJUCA,2021,velocidade_vento_media_ms,vento,279,84.8024316109423,0.544065801623919,0.512691057375386,249,0.22220868390792,0.20952838275712,-0.321857117715998,positivo,positivo,TRUE
IPOJUCA,2021,vento_u_medio_ms,vento_componente,279,84.8024316109423,-0.71990086086443,-0.705949502845465,249,-0.481166295583839,-0.475093247770435,0.238734565280591,negativo,negativo,TRUE
IPOJUCA,2021,vento_v_medio_ms,vento_componente,279,84.8024316109423,-0.193585987466156,-0.196347640217934,249,-0.0697420526602827,-0.0351170326478965,0.123843934805874,negativo,negativo,TRUE
IPOJUCA,2025,precipitacao_lag0_mm,precipitacao,287,91.9871794871795,-0.52437172968792,-0.286834993145096,287,-0.384979290296923,-0.212680208453964,0.139392439390997,negativo,negativo,TRUE
IPOJUCA,2025,precipitacao_lag1_mm,precipitacao,289,92.6282051282051,-0.399334925805675,-0.234868613892135,289,-0.231792964004702,-0.167600548943008,0.167541961800973,negativo,negativo,TRUE
IPOJUCA,2025,precipitacao_lag2_mm,precipitacao,289,92.6282051282051,-0.29003740504105,-0.186478078589034,289,-0.0802132532908797,-0.100656516216952,0.209824151750171,negativo,negativo,TRUE
IPOJUCA,2025,pressao_media_hpa,pressao,312,100,-0.293062198003549,-0.243139106134315,312,-0.0885364601828819,-0.0748740271576997,0.204525737820667,negativo,negativo,TRUE
IPOJUCA,2025,temperatura_media_c,temperatura,312,100,0.466874036293373,0.373935204567391,312,0.472540757800809,0.32956128805022,0.00566672150743663,positivo,positivo,TRUE
IPOJUCA,2025,umidade_media_pct,umidade,184,58.974358974359,-0.36268691938025,-0.260285346287732,184,-0.35538245284851,-0.222000490925712,0.00730446653174011,negativo,negativo,TRUE
IPOJUCA,2025,velocidade_vento_media_ms,vento,312,100,0.0813102124647174,0.0530765732837957,312,0.0213496355842665,0.00553466579782216,-0.0599605768804509,positivo,positivo,TRUE
IPOJUCA,2025,vento_u_medio_ms,vento_componente,312,100,-0.436681472888493,-0.326187251400341,312,-0.281222311101221,-0.194385563559263,0.155459161787272,negativo,negativo,TRUE
IPOJUCA,2025,vento_v_medio_ms,vento_componente,312,100,-0.359032177257422,-0.2900596644117,312,-0.259374442517948,-0.207858323063805,0.0996577347394743,negativo,negativo,TRUE
